IDdistrict,year,month,day,maxtemp,mintemp,sunnyhours,daytype
1-1-1-1,2020,1,1,49,32,6,CLOUDY
1-1-1-1,2020,1,2,-9,-10,6,CLOUDY
1-1-1-1,2020,1,3,6,-2,4,SUNNY
1-1-1-1,2020,1,4,22,5,2,CLOUDY
1-1-1-1,2020,1,5,20,11,4,SUNNY
1-1-1-1,2020,1,6,33,6,2,SUNNY
1-1-1-1,2020,1,7,22,8,11,SNOWY
1-1-1-1,2020,1,8,35,6,3,CLOUDY
1-1-1-1,2020,1,9,-5,-8,8,SUNNY
1-1-1-1,2020,1,10,16,4,2,SNOWY
1-1-1-1,2020,1,11,12,-1,8,RAINY
1-1-1-1,2020,1,12,40,15,12,SNOWY
1-1-1-1,2020,1,13,37,21,3,CLOUDY
1-1-1-1,2020,1,14,38,13,2,SNOWY
1-1-1-1,2020,1,15,24,4,2,CLOUDY
1-1-1-1,2020,1,16,-3,-10,6,CLOUDY
1-1-1-1,2020,1,17,29,-7,11,CLOUDY
1-1-1-1,2020,1,18,1,-1,3,CLOUDY
1-1-1-1,2020,1,19,30,29,10,RAINY
1-1-1-1,2020,1,20,14,-5,10,SUNNY
1-1-1-1,2020,1,21,15,-10,3,SNOWY
1-1-1-1,2020,1,22,19,9,1,SNOWY
1-1-1-1,2020,1,23,-8,-9,2,CLOUDY
1-1-1-1,2020,1,24,1,-8,9,RAINY
1-1-1-1,2020,1,25,27,15,7,CLOUDY
1-1-1-1,2020,1,26,18,-2,12,SUNNY
1-1-1-1,2020,1,27,36,32,3,SUNNY
1-1-1-1,2020,1,28,42,29,2,SNOWY
1-1-1-1,2020,2,1,13,-5,7,SNOWY
1-1-1-1,2020,2,2,21,13,5,SNOWY
1-1-1-1,2020,2,3,-10,-10,7,SUNNY
1-1-1-1,2020,2,4,50,-1,5,SUNNY
1-1-1-1,2020,2,5,31,8,5,SNOWY
1-1-1-1,2020,2,6,-2,-8,9,SUNNY
1-1-1-1,2020,2,7,-3,-4,3,SNOWY
1-1-1-1,2020,2,8,33,-9,11,SUNNY
1-1-1-1,2020,2,9,13,-7,3,SUNNY
1-1-1-1,2020,2,10,14,-10,2,SNOWY
1-1-1-1,2020,2,11,-7,-9,1,SNOWY
1-1-1-1,2020,2,12,41,28,10,RAINY
1-1-1-1,2020,2,13,38,34,9,CLOUDY
1-1-1-1,2020,2,14,39,9,10,RAINY
1-1-1-1,2020,2,15,45,18,0,CLOUDY
1-1-1-1,2020,2,16,-7,-10,12,SUNNY
1-1-1-1,2020,2,17,-2,-4,3,CLOUDY
1-1-1-1,2020,2,18,6,-4,1,SUNNY
1-1-1-1,2020,2,19,-7,-8,1,SUNNY
1-1-1-1,2020,2,20,18,-5,0,SUNNY
1-1-1-1,2020,2,21,47,25,3,CLOUDY
1-1-1-1,2020,2,22,29,29,8,SNOWY
1-1-1-1,2020,2,23,18,17,3,SUNNY
1-1-1-1,2020,2,24,10,-2,9,CLOUDY
1-1-1-1,2020,2,25,11,5,5,SUNNY
1-1-1-1,2020,2,26,0,-4,0,SUNNY
1-1-1-1,2020,2,27,-5,-10,12,RAINY
1-1-1-1,2020,2,28,-6,-8,5,SNOWY
1-1-1-1,2020,3,1,27,10,11,SUNNY
1-1-1-1,2020,3,2,46,38,11,SUNNY
1-1-1-1,2020,3,3,-10,-10,10,RAINY
1-1-1-1,2020,3,4,-2,-5,4,SUNNY
1-1-1-1,2020,3,5,-5,-10,3,SUNNY
1-1-1-1,2020,3,6,-6,-9,7,CLOUDY
1-1-1-1,2020,3,7,40,39,3,CLOUDY
1-1-1-1,2020,3,8,-10,-10,7,RAINY
1-1-1-1,2020,3,9,29,-1,6,SUNNY
1-1-1-1,2020,3,10,23,15,8,RAINY
1-1-1-1,2020,3,11,-10,-10,9,SNOWY
1-1-1-1,2020,3,12,20,-3,9,RAINY
1-1-1-1,2020,3,13,-7,-10,11,CLOUDY
1-1-1-1,2020,3,14,21,17,5,RAINY
1-1-1-1,2020,3,15,34,-2,12,SUNNY
1-1-1-1,2020,3,16,46,9,6,SNOWY
1-1-1-1,2020,3,17,43,-9,1,SUNNY
1-1-1-1,2020,3,18,5,0,1,CLOUDY
1-1-1-1,2020,3,19,5,-8,6,CLOUDY
1-1-1-1,2020,3,20,-6,-8,9,RAINY
1-1-1-1,2020,3,21,44,-2,4,CLOUDY
1-1-1-1,2020,3,22,26,22,3,RAINY
1-1-1-1,2020,3,23,47,-7,8,SUNNY
1-1-1-1,2020,3,24,-5,-10,3,SNOWY
1-1-1-1,2020,3,25,20,16,12,RAINY
1-1-1-1,2020,3,26,41,-2,1,RAINY
1-1-1-1,2020,3,27,1,1,9,CLOUDY
1-1-1-1,2020,3,28,38,-2,11,SNOWY
1-1-1-1,2020,4,1,-9,-10,0,RAINY
1-1-1-1,2020,4,2,-6,-10,3,RAINY
1-1-1-1,2020,4,3,7,-3,2,SNOWY
1-1-1-1,2020,4,4,-10,-10,10,SNOWY
1-1-1-1,2020,4,5,47,43,11,SNOWY
1-1-1-1,2020,4,6,17,7,2,CLOUDY
1-1-1-1,2020,4,7,-7,-8,8,RAINY
1-1-1-1,2020,4,8,0,-2,3,SUNNY
1-1-1-1,2020,4,9,16,13,1,SUNNY
1-1-1-1,2020,4,10,-2,-9,10,SNOWY
1-1-1-1,2020,4,11,1,-8,5,SNOWY
1-1-1-1,2020,4,12,20,11,5,RAINY
1-1-1-1,2020,4,13,3,-8,1,CLOUDY
1-1-1-1,2020,4,14,6,-10,6,CLOUDY
1-1-1-1,2020,4,15,50,33,2,RAINY
1-1-1-1,2020,4,16,33,23,7,SUNNY
1-1-1-1,2020,4,17,27,19,2,SUNNY
1-1-1-1,2020,4,18,45,16,2,CLOUDY
1-1-1-1,2020,4,19,9,8,11,SNOWY
1-1-1-1,2020,4,20,13,-1,7,RAINY
1-1-1-1,2020,4,21,-1,-6,8,SUNNY
1-1-1-1,2020,4,22,29,4,3,SUNNY
1-1-1-1,2020,4,23,-4,-10,9,CLOUDY
1-1-1-1,2020,4,24,49,47,11,RAINY
1-1-1-1,2020,4,25,41,26,3,SNOWY
1-1-1-1,2020,4,26,21,0,3,SNOWY
1-1-1-1,2020,4,27,34,-4,11,SUNNY
1-1-1-1,2020,4,28,12,-10,2,SNOWY
1-1-1-1,2020,5,1,21,-2,6,RAINY
1-1-1-1,2020,5,2,3,2,8,RAINY
1-1-1-1,2020,5,3,8,0,4,SUNNY
1-1-1-1,2020,5,4,20,1,9,CLOUDY
1-1-1-1,2020,5,5,45,21,9,RAINY
1-1-1-1,2020,5,6,24,9,10,CLOUDY
1-1-1-1,2020,5,7,-5,-9,5,CLOUDY
1-1-1-1,2020,5,8,3,-5,1,RAINY
1-1-1-1,2020,5,9,41,13,7,RAINY
1-1-1-1,2020,5,10,25,22,9,RAINY
1-1-1-1,2020,5,11,27,-8,10,RAINY
1-1-1-1,2020,5,12,50,39,10,CLOUDY
1-1-1-1,2020,5,13,19,-7,5,CLOUDY
1-1-1-1,2020,5,14,29,19,12,SUNNY
1-1-1-1,2020,5,15,48,33,4,RAINY
1-1-1-1,2020,5,16,42,16,9,SUNNY
1-1-1-1,2020,5,17,-3,-10,6,SUNNY
1-1-1-1,2020,5,18,8,-3,8,SUNNY
1-1-1-1,2020,5,19,32,-7,9,SNOWY
1-1-1-1,2020,5,20,9,-3,1,SNOWY
1-1-1-1,2020,5,21,21,11,6,SNOWY
1-1-1-1,2020,5,22,-7,-9,5,CLOUDY
1-1-1-1,2020,5,23,-6,-10,1,SUNNY
1-1-1-1,2020,5,24,2,-1,4,SUNNY
1-1-1-1,2020,5,25,9,1,0,RAINY
1-1-1-1,2020,5,26,40,34,7,SUNNY
1-1-1-1,2020,5,27,20,4,12,SNOWY
1-1-1-1,2020,5,28,10,5,6,SNOWY
1-1-1-1,2020,6,1,-6,-10,11,SNOWY
1-1-1-1,2020,6,2,15,8,0,SNOWY
1-1-1-1,2020,6,3,28,0,3,SUNNY
1-1-1-1,2020,6,4,42,9,4,RAINY
1-1-1-1,2020,6,5,-2,-9,7,CLOUDY
1-1-1-1,2020,6,6,45,19,11,RAINY
1-1-1-1,2020,6,7,36,34,10,SNOWY
1-1-1-1,2020,6,8,4,-1,9,SUNNY
1-1-1-1,2020,6,9,16,11,7,RAINY
1-1-1-1,2020,6,10,49,8,12,RAINY
1-1-1-1,2020,6,11,28,-5,1,SNOWY
1-1-1-1,2020,6,12,-4,-9,6,SUNNY
1-1-1-1,2020,6,13,24,-1,8,CLOUDY
1-1-1-1,2020,6,14,26,-8,9,RAINY
1-1-1-1,2020,6,15,0,-3,10,RAINY
1-1-1-1,2020,6,16,32,28,3,CLOUDY
1-1-1-1,2020,6,17,44,29,0,SUNNY
1-1-1-1,2020,6,18,39,9,12,SUNNY
1-1-1-1,2020,6,19,-2,-4,5,CLOUDY
1-1-1-1,2020,6,20,47,17,9,SUNNY
1-1-1-1,2020,6,21,34,12,9,CLOUDY
1-1-1-1,2020,6,22,29,27,0,CLOUDY
1-1-1-1,2020,6,23,42,25,2,SUNNY
1-1-1-1,2020,6,24,16,-4,12,SNOWY
1-1-1-1,2020,6,25,4,-10,10,RAINY
1-1-1-1,2020,6,26,22,2,12,CLOUDY
1-1-1-1,2020,6,27,14,-5,10,SNOWY
1-1-1-1,2020,6,28,-1,-7,0,SUNNY
1-1-1-1,2020,7,1,21,8,5,SUNNY
1-1-1-1,2020,7,2,-7,-8,10,RAINY
1-1-1-1,2020,7,3,36,14,6,SUNNY
1-1-1-1,2020,7,4,39,22,3,RAINY
1-1-1-1,2020,7,5,9,-5,1,CLOUDY
1-1-1-1,2020,7,6,43,20,5,SUNNY
1-1-1-1,2020,7,7,13,3,1,CLOUDY
1-1-1-1,2020,7,8,47,10,5,SNOWY
1-1-1-1,2020,7,9,0,-10,12,SNOWY
1-1-1-1,2020,7,10,48,-9,5,CLOUDY
1-1-1-1,2020,7,11,22,18,1,RAINY
1-1-1-1,2020,7,12,28,-7,10,RAINY
1-1-1-1,2020,7,13,14,6,4,CLOUDY
1-1-1-1,2020,7,14,24,2,11,SNOWY
1-1-1-1,2020,7,15,32,24,9,SUNNY
1-1-1-1,2020,7,16,29,10,0,SNOWY
1-1-1-1,2020,7,17,46,8,4,SUNNY
1-1-1-1,2020,7,18,-1,-6,1,CLOUDY
1-1-1-1,2020,7,19,28,-10,7,CLOUDY
1-1-1-1,2020,7,20,44,-3,0,SNOWY
1-1-1-1,2020,7,21,22,4,10,CLOUDY
1-1-1-1,2020,7,22,40,1,9,SNOWY
1-1-1-1,2020,7,23,35,15,0,RAINY
1-1-1-1,2020,7,24,24,21,8,SNOWY
1-1-1-1,2020,7,25,41,18,9,SUNNY
1-1-1-1,2020,7,26,19,-5,1,SUNNY
1-1-1-1,2020,7,27,42,7,7,SNOWY
1-1-1-1,2020,7,28,12,10,6,CLOUDY
1-1-1-1,2020,8,1,17,5,11,SUNNY
1-1-1-1,2020,8,2,22,12,10,CLOUDY
1-1-1-1,2020,8,3,33,14,3,SUNNY
1-1-1-1,2020,8,4,11,11,5,RAINY
1-1-1-1,2020,8,5,30,27,3,SUNNY
1-1-1-1,2020,8,6,1,-9,7,SNOWY
1-1-1-1,2020,8,7,8,5,9,SNOWY
1-1-1-1,2020,8,8,47,37,1,CLOUDY
1-1-1-1,2020,8,9,29,-8,0,SNOWY
1-1-1-1,2020,8,10,-6,-7,2,SNOWY
1-1-1-1,2020,8,11,29,19,7,SUNNY
1-1-1-1,2020,8,12,-4,-5,2,SUNNY
1-1-1-1,2020,8,13,42,-3,12,CLOUDY
1-1-1-1,2020,8,14,18,16,2,SUNNY
1-1-1-1,2020,8,15,-3,-10,8,CLOUDY
1-1-1-1,2020,8,16,35,20,12,RAINY
1-1-1-1,2020,8,17,3,-10,5,RAINY
1-1-1-1,2020,8,18,-3,-4,7,CLOUDY
1-1-1-1,2020,8,19,7,3,2,RAINY
1-1-1-1,2020,8,20,12,1,5,CLOUDY
1-1-1-1,2020,8,21,-6,-10,7,CLOUDY
1-1-1-1,2020,8,22,8,-3,7,SUNNY
1-1-1-1,2020,8,23,2,-3,6,RAINY
1-1-1-1,2020,8,24,18,7,2,CLOUDY
1-1-1-1,2020,8,25,18,2,6,SNOWY
1-1-1-1,2020,8,26,-8,-9,9,SNOWY
1-1-1-1,2020,8,27,32,2,8,SNOWY
1-1-1-1,2020,8,28,-1,-8,8,CLOUDY
1-1-1-1,2020,9,1,23,15,11,CLOUDY
1-1-1-1,2020,9,2,-1,-2,0,RAINY
1-1-1-1,2020,9,3,42,20,12,CLOUDY
1-1-1-1,2020,9,4,36,31,12,CLOUDY
1-1-1-1,2020,9,5,24,4,10,SUNNY
1-1-1-1,2020,9,6,6,-8,5,SUNNY
1-1-1-1,2020,9,7,-6,-10,8,CLOUDY
1-1-1-1,2020,9,8,-8,-10,7,SUNNY
1-1-1-1,2020,9,9,37,14,12,SNOWY
1-1-1-1,2020,9,10,3,-1,4,SUNNY
1-1-1-1,2020,9,11,30,23,7,SNOWY
1-1-1-1,2020,9,12,25,12,8,SUNNY
1-1-1-1,2020,9,13,-5,-9,5,SUNNY
1-1-1-1,2020,9,14,-6,-8,7,SUNNY
1-1-1-1,2020,9,15,9,-5,0,SNOWY
1-1-1-1,2020,9,16,8,-5,12,SNOWY
1-1-1-1,2020,9,17,-4,-9,0,RAINY
1-1-1-1,2020,9,18,-3,-7,0,RAINY
1-1-1-1,2020,9,19,32,6,8,SUNNY
1-1-1-1,2020,9,20,23,15,6,SNOWY
1-1-1-1,2020,9,21,41,1,7,RAINY
1-1-1-1,2020,9,22,49,36,0,SUNNY
1-1-1-1,2020,9,23,46,8,4,SNOWY
1-1-1-1,2020,9,24,1,-9,1,SUNNY
1-1-1-1,2020,9,25,43,31,2,SNOWY
1-1-1-1,2020,9,26,35,21,10,RAINY
1-1-1-1,2020,9,27,35,20,6,SUNNY
1-1-1-1,2020,9,28,19,-9,1,CLOUDY
1-1-1-1,2020,10,1,16,-9,6,SNOWY
1-1-1-1,2020,10,2,34,12,5,SNOWY
1-1-1-1,2020,10,3,42,10,11,SNOWY
1-1-1-1,2020,10,4,0,-1,7,CLOUDY
1-1-1-1,2020,10,5,12,-4,4,SNOWY
1-1-1-1,2020,10,6,11,-2,5,RAINY
1-1-1-1,2020,10,7,49,6,5,SUNNY
1-1-1-1,2020,10,8,18,8,4,SUNNY
1-1-1-1,2020,10,9,22,11,6,RAINY
1-1-1-1,2020,10,10,17,-1,2,RAINY
1-1-1-1,2020,10,11,16,0,7,RAINY
1-1-1-1,2020,10,12,30,10,9,SUNNY
1-1-1-1,2020,10,13,27,14,11,SNOWY
1-1-1-1,2020,10,14,45,1,0,CLOUDY
1-1-1-1,2020,10,15,32,12,7,SNOWY
1-1-1-1,2020,10,16,37,-6,12,CLOUDY
1-1-1-1,2020,10,17,-1,-2,0,RAINY
1-1-1-1,2020,10,18,-6,-8,5,SNOWY
1-1-1-1,2020,10,19,36,1,11,CLOUDY
1-1-1-1,2020,10,20,38,14,11,SNOWY
1-1-1-1,2020,10,21,24,7,8,SNOWY
1-1-1-1,2020,10,22,6,6,12,RAINY
1-1-1-1,2020,10,23,42,13,10,SNOWY
1-1-1-1,2020,10,24,-8,-9,0,RAINY
1-1-1-1,2020,10,25,-8,-9,9,CLOUDY
1-1-1-1,2020,10,26,-8,-10,8,CLOUDY
1-1-1-1,2020,10,27,30,2,7,SNOWY
1-1-1-1,2020,10,28,27,-7,6,CLOUDY
1-1-1-1,2020,11,1,37,10,8,SUNNY
1-1-1-1,2020,11,2,38,14,5,CLOUDY
1-1-1-1,2020,11,3,-9,-10,3,RAINY
1-1-1-1,2020,11,4,-7,-9,5,CLOUDY
1-1-1-1,2020,11,5,4,-4,1,SNOWY
1-1-1-1,2020,11,6,33,5,2,SUNNY
1-1-1-1,2020,11,7,29,-1,5,RAINY
1-1-1-1,2020,11,8,0,-2,11,SNOWY
1-1-1-1,2020,11,9,21,11,2,SNOWY
1-1-1-1,2020,11,10,44,32,8,SNOWY
1-1-1-1,2020,11,11,-10,-10,5,RAINY
1-1-1-1,2020,11,12,3,-8,9,SUNNY
1-1-1-1,2020,11,13,32,-2,7,SUNNY
1-1-1-1,2020,11,14,-2,-8,11,CLOUDY
1-1-1-1,2020,11,15,29,6,5,RAINY
1-1-1-1,2020,11,16,50,36,1,SUNNY
1-1-1-1,2020,11,17,-5,-10,8,SUNNY
1-1-1-1,2020,11,18,50,-5,2,SUNNY
1-1-1-1,2020,11,19,20,12,9,RAINY
1-1-1-1,2020,11,20,14,-5,5,CLOUDY
1-1-1-1,2020,11,21,41,14,8,SUNNY
1-1-1-1,2020,11,22,39,17,1,RAINY
1-1-1-1,2020,11,23,16,-5,8,RAINY
1-1-1-1,2020,11,24,-10,-10,8,SUNNY
1-1-1-1,2020,11,25,-8,-10,0,RAINY
1-1-1-1,2020,11,26,12,9,9,SUNNY
1-1-1-1,2020,11,27,19,-10,11,SUNNY
1-1-1-1,2020,11,28,28,24,11,CLOUDY
1-1-1-1,2020,12,1,-7,-8,3,RAINY
1-1-1-1,2020,12,2,4,-10,0,SUNNY
1-1-1-1,2020,12,3,28,7,2,RAINY
1-1-1-1,2020,12,4,-3,-10,10,CLOUDY
1-1-1-1,2020,12,5,28,22,5,SUNNY
1-1-1-1,2020,12,6,17,10,10,SUNNY
1-1-1-1,2020,12,7,7,-6,2,RAINY
1-1-1-1,2020,12,8,13,-8,1,RAINY
1-1-1-1,2020,12,9,21,-7,4,SNOWY
1-1-1-1,2020,12,10,-6,-9,8,RAINY
1-1-1-1,2020,12,11,31,27,7,CLOUDY
1-1-1-1,2020,12,12,25,-1,3,SNOWY
1-1-1-1,2020,12,13,32,32,2,SNOWY
1-1-1-1,2020,12,14,12,-3,2,RAINY
1-1-1-1,2020,12,15,33,21,5,RAINY
1-1-1-1,2020,12,16,37,-9,12,SUNNY
1-1-1-1,2020,12,17,50,38,9,CLOUDY
1-1-1-1,2020,12,18,45,-10,6,CLOUDY
1-1-1-1,2020,12,19,22,22,12,SUNNY
1-1-1-1,2020,12,20,22,16,12,SUNNY
1-1-1-1,2020,12,21,40,18,5,SUNNY
1-1-1-1,2020,12,22,27,23,1,SNOWY
1-1-1-1,2020,12,23,18,-3,3,CLOUDY
1-1-1-1,2020,12,24,10,-1,12,RAINY
1-1-1-1,2020,12,25,-7,-9,4,RAINY
1-1-1-1,2020,12,26,-5,-8,5,SUNNY
1-1-1-1,2020,12,27,30,12,7,CLOUDY
1-1-1-1,2020,12,28,-2,-8,5,SUNNY
1-1-1-2,2020,1,1,-4,-9,4,SUNNY
1-1-1-2,2020,1,2,43,3,6,RAINY
1-1-1-2,2020,1,3,9,2,9,RAINY
1-1-1-2,2020,1,4,-8,-9,1,RAINY
1-1-1-2,2020,1,5,23,4,10,SNOWY
1-1-1-2,2020,1,6,45,12,8,SUNNY
1-1-1-2,2020,1,7,-5,-6,3,SUNNY
1-1-1-2,2020,1,8,1,-8,2,SNOWY
1-1-1-2,2020,1,9,38,12,9,SNOWY
1-1-1-2,2020,1,10,39,14,2,SNOWY
1-1-1-2,2020,1,11,35,1,4,SUNNY
1-1-1-2,2020,1,12,22,-3,12,SNOWY
1-1-1-2,2020,1,13,6,3,9,RAINY
1-1-1-2,2020,1,14,44,-10,8,RAINY
1-1-1-2,2020,1,15,32,26,5,CLOUDY
1-1-1-2,2020,1,16,42,26,6,SUNNY
1-1-1-2,2020,1,17,50,7,12,RAINY
1-1-1-2,2020,1,18,-8,-10,5,RAINY
1-1-1-2,2020,1,19,15,15,12,CLOUDY
1-1-1-2,2020,1,20,3,-1,12,SUNNY
1-1-1-2,2020,1,21,49,11,12,SUNNY
1-1-1-2,2020,1,22,25,25,2,RAINY
1-1-1-2,2020,1,23,-7,-8,11,SNOWY
1-1-1-2,2020,1,24,-9,-10,8,SNOWY
1-1-1-2,2020,1,25,-7,-9,12,RAINY
1-1-1-2,2020,1,26,26,11,1,SUNNY
1-1-1-2,2020,1,27,43,-3,10,SNOWY
1-1-1-2,2020,1,28,24,20,4,SUNNY
1-1-1-2,2020,2,1,46,38,1,SNOWY
1-1-1-2,2020,2,2,-8,-10,6,CLOUDY
1-1-1-2,2020,2,3,25,-2,2,SUNNY
1-1-1-2,2020,2,4,27,23,10,SNOWY
1-1-1-2,2020,2,5,-5,-8,12,CLOUDY
1-1-1-2,2020,2,6,30,27,7,SUNNY
1-1-1-2,2020,2,7,-10,-10,3,RAINY
1-1-1-2,2020,2,8,26,-6,12,CLOUDY
1-1-1-2,2020,2,9,50,-10,2,SNOWY
1-1-1-2,2020,2,10,45,36,6,SUNNY
1-1-1-2,2020,2,11,6,-2,2,SNOWY
1-1-1-2,2020,2,12,15,6,9,SUNNY
1-1-1-2,2020,2,13,0,-5,1,SNOWY
1-1-1-2,2020,2,14,3,-5,6,SNOWY
1-1-1-2,2020,2,15,32,6,7,SNOWY
1-1-1-2,2020,2,16,25,-10,11,RAINY
1-1-1-2,2020,2,17,20,17,7,RAINY
1-1-1-2,2020,2,18,38,22,6,SUNNY
1-1-1-2,2020,2,19,-7,-9,2,CLOUDY
1-1-1-2,2020,2,20,6,-8,4,SUNNY
1-1-1-2,2020,2,21,7,-1,4,CLOUDY
1-1-1-2,2020,2,22,45,7,6,SNOWY
1-1-1-2,2020,2,23,7,-4,9,RAINY
1-1-1-2,2020,2,24,28,8,7,CLOUDY
1-1-1-2,2020,2,25,47,14,3,SUNNY
1-1-1-2,2020,2,26,46,8,3,SUNNY
1-1-1-2,2020,2,27,-3,-8,11,RAINY
1-1-1-2,2020,2,28,20,16,5,SUNNY
1-1-1-2,2020,3,1,-8,-10,11,RAINY
1-1-1-2,2020,3,2,35,6,11,SUNNY
1-1-1-2,2020,3,3,19,-4,8,SUNNY
1-1-1-2,2020,3,4,11,11,1,RAINY
1-1-1-2,2020,3,5,29,14,7,CLOUDY
1-1-1-2,2020,3,6,16,16,8,SUNNY
1-1-1-2,2020,3,7,-10,-10,3,RAINY
1-1-1-2,2020,3,8,21,8,10,CLOUDY
1-1-1-2,2020,3,9,4,-8,2,RAINY
1-1-1-2,2020,3,10,35,8,4,SUNNY
1-1-1-2,2020,3,11,14,11,12,SUNNY
1-1-1-2,2020,3,12,44,33,5,SUNNY
1-1-1-2,2020,3,13,30,26,3,SUNNY
1-1-1-2,2020,3,14,-10,-10,0,SNOWY
1-1-1-2,2020,3,15,35,3,0,CLOUDY
1-1-1-2,2020,3,16,43,-1,7,CLOUDY
1-1-1-2,2020,3,17,40,13,12,SUNNY
1-1-1-2,2020,3,18,40,37,12,RAINY
1-1-1-2,2020,3,19,18,-2,4,SUNNY
1-1-1-2,2020,3,20,13,0,12,SNOWY
1-1-1-2,2020,3,21,40,-4,8,SUNNY
1-1-1-2,2020,3,22,18,-6,3,CLOUDY
1-1-1-2,2020,3,23,-9,-10,11,SUNNY
1-1-1-2,2020,3,24,36,8,10,SUNNY
1-1-1-2,2020,3,25,27,11,1,SUNNY
1-1-1-2,2020,3,26,16,2,10,SUNNY
1-1-1-2,2020,3,27,28,9,7,CLOUDY
1-1-1-2,2020,3,28,40,-1,11,RAINY
1-1-1-2,2020,4,1,44,8,6,SUNNY
1-1-1-2,2020,4,2,5,-9,5,SUNNY
1-1-1-2,2020,4,3,37,20,8,SUNNY
1-1-1-2,2020,4,4,29,12,12,CLOUDY
1-1-1-2,2020,4,5,35,19,3,RAINY
1-1-1-2,2020,4,6,13,-1,7,SUNNY
1-1-1-2,2020,4,7,27,27,6,CLOUDY
1-1-1-2,2020,4,8,22,-10,2,SNOWY
1-1-1-2,2020,4,9,22,-2,11,CLOUDY
1-1-1-2,2020,4,10,31,22,0,SUNNY
1-1-1-2,2020,4,11,18,6,0,RAINY
1-1-1-2,2020,4,12,-1,-10,0,CLOUDY
1-1-1-2,2020,4,13,0,-3,11,SUNNY
1-1-1-2,2020,4,14,27,-2,2,RAINY
1-1-1-2,2020,4,15,-3,-9,6,SUNNY
1-1-1-2,2020,4,16,36,11,7,SUNNY
1-1-1-2,2020,4,17,-9,-10,10,SUNNY
1-1-1-2,2020,4,18,26,15,9,SUNNY
1-1-1-2,2020,4,19,-6,-9,1,SUNNY
1-1-1-2,2020,4,20,-5,-9,9,SUNNY
1-1-1-2,2020,4,21,-2,-4,12,SUNNY
1-1-1-2,2020,4,22,36,-8,6,RAINY
1-1-1-2,2020,4,23,24,13,0,SNOWY
1-1-1-2,2020,4,24,-9,-10,4,SUNNY
1-1-1-2,2020,4,25,18,-10,2,SNOWY
1-1-1-2,2020,4,26,1,-3,5,SUNNY
1-1-1-2,2020,4,27,14,12,6,RAINY
1-1-1-2,2020,4,28,21,12,6,SUNNY
1-1-1-2,2020,5,1,18,2,6,SUNNY
1-1-1-2,2020,5,2,6,-1,9,SUNNY
1-1-1-2,2020,5,3,5,-10,3,SNOWY
1-1-1-2,2020,5,4,-5,-10,1,CLOUDY
1-1-1-2,2020,5,5,37,-5,6,SNOWY
1-1-1-2,2020,5,6,17,-4,9,CLOUDY
1-1-1-2,2020,5,7,12,12,8,RAINY
1-1-1-2,2020,5,8,35,7,3,SNOWY
1-1-1-2,2020,5,9,5,-5,6,SNOWY
1-1-1-2,2020,5,10,36,35,6,CLOUDY
1-1-1-2,2020,5,11,0,-8,8,RAINY
1-1-1-2,2020,5,12,3,-3,3,CLOUDY
1-1-1-2,2020,5,13,3,1,11,RAINY
1-1-1-2,2020,5,14,49,33,1,SUNNY
1-1-1-2,2020,5,15,45,31,4,CLOUDY
1-1-1-2,2020,5,16,34,19,3,SNOWY
1-1-1-2,2020,5,17,35,-8,7,RAINY
1-1-1-2,2020,5,18,10,1,1,RAINY
1-1-1-2,2020,5,19,49,1,9,RAINY
1-1-1-2,2020,5,20,44,26,5,CLOUDY
1-1-1-2,2020,5,21,21,-10,0,SNOWY
1-1-1-2,2020,5,22,-6,-7,1,RAINY
1-1-1-2,2020,5,23,50,9,9,RAINY
1-1-1-2,2020,5,24,21,3,8,SUNNY
1-1-1-2,2020,5,25,-8,-9,12,RAINY
1-1-1-2,2020,5,26,45,6,7,SUNNY
1-1-1-2,2020,5,27,27,17,4,SUNNY
1-1-1-2,2020,5,28,42,-3,4,CLOUDY
1-1-1-2,2020,6,1,30,-1,1,SUNNY
1-1-1-2,2020,6,2,-4,-9,9,RAINY
1-1-1-2,2020,6,3,-6,-9,7,RAINY
1-1-1-2,2020,6,4,-8,-9,4,SUNNY
1-1-1-2,2020,6,5,3,-2,8,SUNNY
1-1-1-2,2020,6,6,8,-7,1,SUNNY
1-1-1-2,2020,6,7,35,30,0,SNOWY
1-1-1-2,2020,6,8,33,7,5,RAINY
1-1-1-2,2020,6,9,15,3,8,SNOWY
1-1-1-2,2020,6,10,47,6,7,RAINY
1-1-1-2,2020,6,11,29,27,1,CLOUDY
1-1-1-2,2020,6,12,19,-9,3,RAINY
1-1-1-2,2020,6,13,12,8,6,CLOUDY
1-1-1-2,2020,6,14,30,26,11,CLOUDY
1-1-1-2,2020,6,15,-1,-5,7,RAINY
1-1-1-2,2020,6,16,24,17,9,RAINY
1-1-1-2,2020,6,17,-10,-10,12,SNOWY
1-1-1-2,2020,6,18,14,-4,5,SUNNY
1-1-1-2,2020,6,19,-7,-10,7,SNOWY
1-1-1-2,2020,6,20,35,13,5,RAINY
1-1-1-2,2020,6,21,20,8,4,SUNNY
1-1-1-2,2020,6,22,43,40,7,CLOUDY
1-1-1-2,2020,6,23,49,42,6,SUNNY
1-1-1-2,2020,6,24,-8,-10,10,SNOWY
1-1-1-2,2020,6,25,10,3,0,SUNNY
1-1-1-2,2020,6,26,2,-10,10,RAINY
1-1-1-2,2020,6,27,36,-7,9,SNOWY
1-1-1-2,2020,6,28,9,-1,2,SNOWY
1-1-1-2,2020,7,1,-1,-7,1,SNOWY
1-1-1-2,2020,7,2,23,19,10,RAINY
1-1-1-2,2020,7,3,-3,-10,10,SNOWY
1-1-1-2,2020,7,4,41,1,2,SUNNY
1-1-1-2,2020,7,5,-3,-4,5,SUNNY
1-1-1-2,2020,7,6,39,37,8,CLOUDY
1-1-1-2,2020,7,7,-10,-10,5,RAINY
1-1-1-2,2020,7,8,50,33,12,SNOWY
1-1-1-2,2020,7,9,44,5,1,SUNNY
1-1-1-2,2020,7,10,38,33,0,SUNNY
1-1-1-2,2020,7,11,26,25,9,RAINY
1-1-1-2,2020,7,12,39,-5,3,SNOWY
1-1-1-2,2020,7,13,19,-6,1,RAINY
1-1-1-2,2020,7,14,48,0,7,SNOWY
1-1-1-2,2020,7,15,43,30,5,SUNNY
1-1-1-2,2020,7,16,20,8,6,CLOUDY
1-1-1-2,2020,7,17,-5,-10,1,SUNNY
1-1-1-2,2020,7,18,9,5,8,RAINY
1-1-1-2,2020,7,19,42,5,7,SNOWY
1-1-1-2,2020,7,20,18,1,2,CLOUDY
1-1-1-2,2020,7,21,26,12,3,RAINY
1-1-1-2,2020,7,22,18,-3,6,RAINY
1-1-1-2,2020,7,23,10,4,5,RAINY
1-1-1-2,2020,7,24,30,15,0,RAINY
1-1-1-2,2020,7,25,24,-3,9,SUNNY
1-1-1-2,2020,7,26,38,37,12,CLOUDY
1-1-1-2,2020,7,27,28,-4,5,RAINY
1-1-1-2,2020,7,28,21,1,3,SNOWY
1-1-1-2,2020,8,1,13,-2,9,SNOWY
1-1-1-2,2020,8,2,34,34,4,SUNNY
1-1-1-2,2020,8,3,49,-8,7,CLOUDY
1-1-1-2,2020,8,4,40,-10,10,CLOUDY
1-1-1-2,2020,8,5,3,-4,1,SNOWY
1-1-1-2,2020,8,6,9,-7,0,SNOWY
1-1-1-2,2020,8,7,4,-1,9,SNOWY
1-1-1-2,2020,8,8,27,-6,6,SNOWY
1-1-1-2,2020,8,9,-3,-8,9,RAINY
1-1-1-2,2020,8,10,42,27,1,SNOWY
1-1-1-2,2020,8,11,21,-1,11,SNOWY
1-1-1-2,2020,8,12,2,-6,1,RAINY
1-1-1-2,2020,8,13,47,-2,3,SUNNY
1-1-1-2,2020,8,14,39,35,1,RAINY
1-1-1-2,2020,8,15,45,37,1,SUNNY
1-1-1-2,2020,8,16,18,8,3,RAINY
1-1-1-2,2020,8,17,30,17,3,RAINY
1-1-1-2,2020,8,18,31,2,12,SUNNY
1-1-1-2,2020,8,19,6,0,3,SUNNY
1-1-1-2,2020,8,20,19,-8,10,CLOUDY
1-1-1-2,2020,8,21,40,33,7,CLOUDY
1-1-1-2,2020,8,22,14,7,4,SUNNY
1-1-1-2,2020,8,23,2,0,2,SNOWY
1-1-1-2,2020,8,24,41,16,9,CLOUDY
1-1-1-2,2020,8,25,18,8,4,CLOUDY
1-1-1-2,2020,8,26,38,13,3,SUNNY
1-1-1-2,2020,8,27,40,37,7,SNOWY
1-1-1-2,2020,8,28,28,27,12,CLOUDY
1-1-1-2,2020,9,1,45,1,10,RAINY
1-1-1-2,2020,9,2,23,4,12,CLOUDY
1-1-1-2,2020,9,3,-6,-10,8,RAINY
1-1-1-2,2020,9,4,34,20,6,RAINY
1-1-1-2,2020,9,5,40,3,7,RAINY
1-1-1-2,2020,9,6,20,19,5,CLOUDY
1-1-1-2,2020,9,7,47,13,0,SUNNY
1-1-1-2,2020,9,8,12,-2,2,RAINY
1-1-1-2,2020,9,9,30,-7,4,CLOUDY
1-1-1-2,2020,9,10,15,6,0,CLOUDY
1-1-1-2,2020,9,11,8,-6,4,SUNNY
1-1-1-2,2020,9,12,3,2,6,SUNNY
1-1-1-2,2020,9,13,33,19,11,SNOWY
1-1-1-2,2020,9,14,0,-9,9,SUNNY
1-1-1-2,2020,9,15,5,-2,2,SNOWY
1-1-1-2,2020,9,16,33,16,7,CLOUDY
1-1-1-2,2020,9,17,47,17,11,SUNNY
1-1-1-2,2020,9,18,29,3,7,SNOWY
1-1-1-2,2020,9,19,35,-6,9,CLOUDY
1-1-1-2,2020,9,20,39,8,3,CLOUDY
1-1-1-2,2020,9,21,36,27,0,CLOUDY
1-1-1-2,2020,9,22,36,26,0,RAINY
1-1-1-2,2020,9,23,15,15,1,SNOWY
1-1-1-2,2020,9,24,23,20,6,SUNNY
1-1-1-2,2020,9,25,1,-1,11,RAINY
1-1-1-2,2020,9,26,34,31,12,RAINY
1-1-1-2,2020,9,27,50,-10,3,CLOUDY
1-1-1-2,2020,9,28,25,-3,8,CLOUDY
1-1-1-2,2020,10,1,27,24,8,CLOUDY
1-1-1-2,2020,10,2,13,-10,6,CLOUDY
1-1-1-2,2020,10,3,-2,-8,6,SNOWY
1-1-1-2,2020,10,4,3,-4,8,SUNNY
1-1-1-2,2020,10,5,5,4,0,RAINY
1-1-1-2,2020,10,6,14,7,12,CLOUDY
1-1-1-2,2020,10,7,43,27,11,CLOUDY
1-1-1-2,2020,10,8,17,6,0,SNOWY
1-1-1-2,2020,10,9,2,-5,3,CLOUDY
1-1-1-2,2020,10,10,40,-2,6,SNOWY
1-1-1-2,2020,10,11,5,-5,5,CLOUDY
1-1-1-2,2020,10,12,46,7,3,SUNNY
1-1-1-2,2020,10,13,-9,-10,7,RAINY
1-1-1-2,2020,10,14,41,40,10,SUNNY
1-1-1-2,2020,10,15,3,1,4,RAINY
1-1-1-2,2020,10,16,48,29,0,RAINY
1-1-1-2,2020,10,17,33,-10,0,RAINY
1-1-1-2,2020,10,18,14,-1,5,SUNNY
1-1-1-2,2020,10,19,21,1,11,RAINY
1-1-1-2,2020,10,20,7,-6,12,RAINY
1-1-1-2,2020,10,21,1,-6,12,SNOWY
1-1-1-2,2020,10,22,10,4,8,RAINY
1-1-1-2,2020,10,23,38,15,8,SUNNY
1-1-1-2,2020,10,24,17,5,3,SUNNY
1-1-1-2,2020,10,25,44,35,5,SNOWY
1-1-1-2,2020,10,26,24,11,6,SUNNY
1-1-1-2,2020,10,27,30,-3,11,CLOUDY
1-1-1-2,2020,10,28,-4,-5,11,SNOWY
1-1-1-2,2020,11,1,2,-4,11,SUNNY
1-1-1-2,2020,11,2,33,13,8,RAINY
1-1-1-2,2020,11,3,7,4,9,RAINY
1-1-1-2,2020,11,4,9,-5,7,RAINY
1-1-1-2,2020,11,5,14,-1,9,CLOUDY
1-1-1-2,2020,11,6,43,25,9,RAINY
1-1-1-2,2020,11,7,31,-7,5,SUNNY
1-1-1-2,2020,11,8,38,-8,12,SUNNY
1-1-1-2,2020,11,9,46,-1,6,CLOUDY
1-1-1-2,2020,11,10,6,-9,1,SUNNY
1-1-1-2,2020,11,11,41,19,11,RAINY
1-1-1-2,2020,11,12,2,-10,4,SNOWY
1-1-1-2,2020,11,13,36,5,4,SNOWY
1-1-1-2,2020,11,14,28,23,1,SNOWY
1-1-1-2,2020,11,15,39,13,5,SUNNY
1-1-1-2,2020,11,16,35,-6,1,SUNNY
1-1-1-2,2020,11,17,-8,-9,6,CLOUDY
1-1-1-2,2020,11,18,28,20,6,RAINY
1-1-1-2,2020,11,19,24,23,10,CLOUDY
1-1-1-2,2020,11,20,22,16,3,SUNNY
1-1-1-2,2020,11,21,1,-7,11,SNOWY
1-1-1-2,2020,11,22,23,19,11,SNOWY
1-1-1-2,2020,11,23,46,23,9,RAINY
1-1-1-2,2020,11,24,32,22,11,CLOUDY
1-1-1-2,2020,11,25,30,-2,3,RAINY
1-1-1-2,2020,11,26,29,-1,3,SNOWY
1-1-1-2,2020,11,27,-3,-4,4,SUNNY
1-1-1-2,2020,11,28,48,17,12,SNOWY
1-1-1-2,2020,12,1,-4,-5,1,SUNNY
1-1-1-2,2020,12,2,12,1,6,RAINY
1-1-1-2,2020,12,3,-9,-10,5,RAINY
1-1-1-2,2020,12,4,12,5,7,RAINY
1-1-1-2,2020,12,5,0,-10,6,SNOWY
1-1-1-2,2020,12,6,5,-3,7,CLOUDY
1-1-1-2,2020,12,7,41,11,3,SNOWY
1-1-1-2,2020,12,8,36,21,1,SUNNY
1-1-1-2,2020,12,9,37,31,8,SNOWY
1-1-1-2,2020,12,10,3,-4,0,RAINY
1-1-1-2,2020,12,11,-4,-10,11,RAINY
1-1-1-2,2020,12,12,45,42,9,RAINY
1-1-1-2,2020,12,13,28,-8,3,RAINY
1-1-1-2,2020,12,14,22,21,2,RAINY
1-1-1-2,2020,12,15,24,0,8,SNOWY
1-1-1-2,2020,12,16,20,10,12,RAINY
1-1-1-2,2020,12,17,18,-8,8,SNOWY
1-1-1-2,2020,12,18,44,31,3,SUNNY
1-1-1-2,2020,12,19,18,2,9,CLOUDY
1-1-1-2,2020,12,20,-1,-9,5,CLOUDY
1-1-1-2,2020,12,21,47,7,4,RAINY
1-1-1-2,2020,12,22,10,-8,6,RAINY
1-1-1-2,2020,12,23,36,24,7,SNOWY
1-1-1-2,2020,12,24,27,14,7,CLOUDY
1-1-1-2,2020,12,25,32,3,3,CLOUDY
1-1-1-2,2020,12,26,6,-3,5,RAINY
1-1-1-2,2020,12,27,23,-8,2,CLOUDY
1-1-1-2,2020,12,28,33,-5,12,SUNNY
1-1-1-3,2020,1,1,0,-9,2,CLOUDY
1-1-1-3,2020,1,2,2,2,12,RAINY
1-1-1-3,2020,1,3,10,2,8,SUNNY
1-1-1-3,2020,1,4,21,6,2,SNOWY
1-1-1-3,2020,1,5,32,25,2,SUNNY
1-1-1-3,2020,1,6,3,-4,6,CLOUDY
1-1-1-3,2020,1,7,46,5,10,SNOWY
1-1-1-3,2020,1,8,30,29,11,CLOUDY
1-1-1-3,2020,1,9,0,-6,2,RAINY
1-1-1-3,2020,1,10,46,-10,6,CLOUDY
1-1-1-3,2020,1,11,44,3,0,SUNNY
1-1-1-3,2020,1,12,46,25,5,SUNNY
1-1-1-3,2020,1,13,5,-3,1,SUNNY
1-1-1-3,2020,1,14,28,19,12,CLOUDY
1-1-1-3,2020,1,15,-2,-8,6,CLOUDY
1-1-1-3,2020,1,16,38,15,12,SNOWY
1-1-1-3,2020,1,17,27,27,3,SNOWY
1-1-1-3,2020,1,18,12,-5,0,CLOUDY
1-1-1-3,2020,1,19,42,35,0,SUNNY
1-1-1-3,2020,1,20,35,28,0,SUNNY
1-1-1-3,2020,1,21,6,-5,2,RAINY
1-1-1-3,2020,1,22,37,7,10,RAINY
1-1-1-3,2020,1,23,31,19,2,CLOUDY
1-1-1-3,2020,1,24,36,18,1,CLOUDY
1-1-1-3,2020,1,25,9,-3,0,RAINY
1-1-1-3,2020,1,26,38,15,0,CLOUDY
1-1-1-3,2020,1,27,43,-9,7,CLOUDY
1-1-1-3,2020,1,28,13,10,2,SUNNY
1-1-1-3,2020,2,1,2,-7,12,SNOWY
1-1-1-3,2020,2,2,31,13,5,SNOWY
1-1-1-3,2020,2,3,30,30,5,CLOUDY
1-1-1-3,2020,2,4,14,1,6,SUNNY
1-1-1-3,2020,2,5,10,5,7,SNOWY
1-1-1-3,2020,2,6,36,25,4,RAINY
1-1-1-3,2020,2,7,46,9,3,SNOWY
1-1-1-3,2020,2,8,4,4,5,CLOUDY
1-1-1-3,2020,2,9,3,0,3,SNOWY
1-1-1-3,2020,2,10,44,16,3,SUNNY
1-1-1-3,2020,2,11,40,35,6,SUNNY
1-1-1-3,2020,2,12,17,7,5,RAINY
1-1-1-3,2020,2,13,42,2,12,CLOUDY
1-1-1-3,2020,2,14,-3,-4,2,CLOUDY
1-1-1-3,2020,2,15,7,3,9,SNOWY
1-1-1-3,2020,2,16,47,14,11,SUNNY
1-1-1-3,2020,2,17,43,8,12,RAINY
1-1-1-3,2020,2,18,-2,-9,5,SUNNY
1-1-1-3,2020,2,19,37,5,10,CLOUDY
1-1-1-3,2020,2,20,3,-1,11,SNOWY
1-1-1-3,2020,2,21,11,-7,6,CLOUDY
1-1-1-3,2020,2,22,49,33,1,SNOWY
1-1-1-3,2020,2,23,19,10,2,SNOWY
1-1-1-3,2020,2,24,42,23,0,RAINY
1-1-1-3,2020,2,25,22,6,6,RAINY
1-1-1-3,2020,2,26,47,10,12,RAINY
1-1-1-3,2020,2,27,2,2,12,CLOUDY
1-1-1-3,2020,2,28,-3,-9,3,RAINY
1-1-1-3,2020,3,1,48,48,6,SNOWY
1-1-1-3,2020,3,2,4,-3,3,CLOUDY
1-1-1-3,2020,3,3,38,-9,0,RAINY
1-1-1-3,2020,3,4,15,-3,10,SUNNY
1-1-1-3,2020,3,5,20,19,0,CLOUDY
1-1-1-3,2020,3,6,10,-3,4,RAINY
1-1-1-3,2020,3,7,41,27,4,RAINY
1-1-1-3,2020,3,8,39,1,1,SUNNY
1-1-1-3,2020,3,9,43,34,8,CLOUDY
1-1-1-3,2020,3,10,48,3,5,RAINY
1-1-1-3,2020,3,11,5,-4,4,SUNNY
1-1-1-3,2020,3,12,29,17,3,CLOUDY
1-1-1-3,2020,3,13,18,-5,12,SUNNY
1-1-1-3,2020,3,14,-3,-7,11,CLOUDY
1-1-1-3,2020,3,15,40,0,2,SNOWY
1-1-1-3,2020,3,16,48,43,12,RAINY
1-1-1-3,2020,3,17,42,14,7,CLOUDY
1-1-1-3,2020,3,18,29,-4,10,SUNNY
1-1-1-3,2020,3,19,45,29,7,RAINY
1-1-1-3,2020,3,20,50,42,2,SNOWY
1-1-1-3,2020,3,21,47,18,9,SUNNY
1-1-1-3,2020,3,22,12,-5,9,SUNNY
1-1-1-3,2020,3,23,4,-3,9,SUNNY
1-1-1-3,2020,3,24,34,-6,9,SNOWY
1-1-1-3,2020,3,25,44,38,6,RAINY
1-1-1-3,2020,3,26,-10,-10,6,CLOUDY
1-1-1-3,2020,3,27,5,-7,3,SUNNY
1-1-1-3,2020,3,28,11,11,6,RAINY
1-1-1-3,2020,4,1,13,8,9,SUNNY
1-1-1-3,2020,4,2,20,9,9,RAINY
1-1-1-3,2020,4,3,-10,-10,10,SUNNY
1-1-1-3,2020,4,4,3,-10,1,SNOWY
1-1-1-3,2020,4,5,11,-6,7,SNOWY
1-1-1-3,2020,4,6,-3,-10,4,SUNNY
1-1-1-3,2020,4,7,39,24,8,RAINY
1-1-1-3,2020,4,8,22,-4,1,SNOWY
1-1-1-3,2020,4,9,-1,-8,3,SUNNY
1-1-1-3,2020,4,10,21,17,11,SNOWY
1-1-1-3,2020,4,11,-3,-10,8,RAINY
1-1-1-3,2020,4,12,37,-1,4,SNOWY
1-1-1-3,2020,4,13,41,13,6,SUNNY
1-1-1-3,2020,4,14,14,11,0,RAINY
1-1-1-3,2020,4,15,2,1,4,CLOUDY
1-1-1-3,2020,4,16,50,23,9,SNOWY
1-1-1-3,2020,4,17,41,33,2,RAINY
1-1-1-3,2020,4,18,8,4,0,SNOWY
1-1-1-3,2020,4,19,29,15,6,RAINY
1-1-1-3,2020,4,20,4,-5,6,SNOWY
1-1-1-3,2020,4,21,34,10,6,CLOUDY
1-1-1-3,2020,4,22,19,10,12,RAINY
1-1-1-3,2020,4,23,35,24,4,SNOWY
1-1-1-3,2020,4,24,46,33,0,RAINY
1-1-1-3,2020,4,25,32,25,1,RAINY
1-1-1-3,2020,4,26,-5,-7,9,SUNNY
1-1-1-3,2020,4,27,26,20,12,SUNNY
1-1-1-3,2020,4,28,31,1,3,SUNNY
1-1-1-3,2020,5,1,0,0,12,RAINY
1-1-1-3,2020,5,2,-10,-10,2,CLOUDY
1-1-1-3,2020,5,3,26,24,7,SUNNY
1-1-1-3,2020,5,4,15,-2,4,SUNNY
1-1-1-3,2020,5,5,43,-7,6,SNOWY
1-1-1-3,2020,5,6,44,-10,3,SUNNY
1-1-1-3,2020,5,7,42,2,10,CLOUDY
1-1-1-3,2020,5,8,22,-2,2,CLOUDY
1-1-1-3,2020,5,9,-6,-8,11,CLOUDY
1-1-1-3,2020,5,10,36,3,9,SNOWY
1-1-1-3,2020,5,11,45,1,10,RAINY
1-1-1-3,2020,5,12,-10,-10,11,SNOWY
1-1-1-3,2020,5,13,10,-8,6,CLOUDY
1-1-1-3,2020,5,14,28,-3,8,CLOUDY
1-1-1-3,2020,5,15,43,14,11,SNOWY
1-1-1-3,2020,5,16,3,-9,1,SNOWY
1-1-1-3,2020,5,17,3,2,11,CLOUDY
1-1-1-3,2020,5,18,31,-4,10,SNOWY
1-1-1-3,2020,5,19,32,-6,10,CLOUDY
1-1-1-3,2020,5,20,-4,-6,7,SUNNY
1-1-1-3,2020,5,21,44,32,8,SNOWY
1-1-1-3,2020,5,22,3,-2,4,CLOUDY
1-1-1-3,2020,5,23,2,1,0,RAINY
1-1-1-3,2020,5,24,-8,-9,8,SNOWY
1-1-1-3,2020,5,25,44,32,3,CLOUDY
1-1-1-3,2020,5,26,-4,-6,3,RAINY
1-1-1-3,2020,5,27,47,-7,1,CLOUDY
1-1-1-3,2020,5,28,45,34,9,SNOWY
1-1-1-3,2020,6,1,25,8,3,CLOUDY
1-1-1-3,2020,6,2,28,-5,12,SUNNY
1-1-1-3,2020,6,3,26,14,10,CLOUDY
1-1-1-3,2020,6,4,7,-9,6,RAINY
1-1-1-3,2020,6,5,32,6,12,RAINY
1-1-1-3,2020,6,6,37,7,11,RAINY
1-1-1-3,2020,6,7,27,-9,3,SUNNY
1-1-1-3,2020,6,8,7,5,3,CLOUDY
1-1-1-3,2020,6,9,-10,-10,10,SUNNY
1-1-1-3,2020,6,10,31,6,10,SNOWY
1-1-1-3,2020,6,11,-10,-10,2,SUNNY
1-1-1-3,2020,6,12,46,38,2,SNOWY
1-1-1-3,2020,6,13,-4,-9,7,SNOWY
1-1-1-3,2020,6,14,35,27,7,RAINY
1-1-1-3,2020,6,15,14,10,2,RAINY
1-1-1-3,2020,6,16,9,7,1,RAINY
1-1-1-3,2020,6,17,-1,-2,10,CLOUDY
1-1-1-3,2020,6,18,46,17,6,SNOWY
1-1-1-3,2020,6,19,8,-6,7,CLOUDY
1-1-1-3,2020,6,20,40,-4,0,CLOUDY
1-1-1-3,2020,6,21,7,1,8,RAINY
1-1-1-3,2020,6,22,46,27,5,SNOWY
1-1-1-3,2020,6,23,18,-8,2,SNOWY
1-1-1-3,2020,6,24,5,-4,1,SUNNY
1-1-1-3,2020,6,25,46,29,11,SUNNY
1-1-1-3,2020,6,26,11,0,3,CLOUDY
1-1-1-3,2020,6,27,23,11,11,CLOUDY
1-1-1-3,2020,6,28,-8,-9,5,CLOUDY
1-1-1-3,2020,7,1,10,7,4,SUNNY
1-1-1-3,2020,7,2,-2,-10,6,CLOUDY
1-1-1-3,2020,7,3,1,1,2,SUNNY
1-1-1-3,2020,7,4,18,4,2,SNOWY
1-1-1-3,2020,7,5,16,-3,8,CLOUDY
1-1-1-3,2020,7,6,30,3,11,RAINY
1-1-1-3,2020,7,7,32,28,11,SUNNY
1-1-1-3,2020,7,8,1,-10,1,SUNNY
1-1-1-3,2020,7,9,35,-7,4,SUNNY
1-1-1-3,2020,7,10,10,2,8,CLOUDY
1-1-1-3,2020,7,11,39,27,12,CLOUDY
1-1-1-3,2020,7,12,37,8,7,SNOWY
1-1-1-3,2020,7,13,39,-4,2,SUNNY
1-1-1-3,2020,7,14,5,2,3,SNOWY
1-1-1-3,2020,7,15,16,11,11,SNOWY
1-1-1-3,2020,7,16,41,10,4,CLOUDY
1-1-1-3,2020,7,17,-3,-6,4,SUNNY
1-1-1-3,2020,7,18,7,-9,5,SUNNY
1-1-1-3,2020,7,19,22,-8,4,SNOWY
1-1-1-3,2020,7,20,45,18,9,RAINY
1-1-1-3,2020,7,21,1,0,9,SUNNY
1-1-1-3,2020,7,22,-9,-10,6,CLOUDY
1-1-1-3,2020,7,23,20,20,7,SNOWY
1-1-1-3,2020,7,24,10,8,8,RAINY
1-1-1-3,2020,7,25,26,-2,5,RAINY
1-1-1-3,2020,7,26,5,-5,10,RAINY
1-1-1-3,2020,7,27,1,1,2,SNOWY
1-1-1-3,2020,7,28,22,19,3,CLOUDY
1-1-1-3,2020,8,1,11,-8,0,RAINY
1-1-1-3,2020,8,2,41,20,8,SUNNY
1-1-1-3,2020,8,3,32,5,4,CLOUDY
1-1-1-3,2020,8,4,8,0,4,SUNNY
1-1-1-3,2020,8,5,33,11,0,RAINY
1-1-1-3,2020,8,6,-2,-9,11,SUNNY
1-1-1-3,2020,8,7,20,-8,8,SUNNY
1-1-1-3,2020,8,8,45,0,4,SNOWY
1-1-1-3,2020,8,9,43,30,2,CLOUDY
1-1-1-3,2020,8,10,-9,-10,9,CLOUDY
1-1-1-3,2020,8,11,14,14,8,SUNNY
1-1-1-3,2020,8,12,16,10,4,SUNNY
1-1-1-3,2020,8,13,38,26,11,SNOWY
1-1-1-3,2020,8,14,26,20,11,RAINY
1-1-1-3,2020,8,15,13,-7,3,SNOWY
1-1-1-3,2020,8,16,-6,-10,9,SUNNY
1-1-1-3,2020,8,17,-1,-4,11,CLOUDY
1-1-1-3,2020,8,18,42,29,11,SNOWY
1-1-1-3,2020,8,19,33,6,6,SNOWY
1-1-1-3,2020,8,20,41,27,1,CLOUDY
1-1-1-3,2020,8,21,35,1,11,SUNNY
1-1-1-3,2020,8,22,-8,-9,9,RAINY
1-1-1-3,2020,8,23,48,-6,5,RAINY
1-1-1-3,2020,8,24,-4,-9,1,CLOUDY
1-1-1-3,2020,8,25,17,-10,8,CLOUDY
1-1-1-3,2020,8,26,49,22,1,SUNNY
1-1-1-3,2020,8,27,49,6,11,RAINY
1-1-1-3,2020,8,28,-5,-7,5,RAINY
1-1-1-3,2020,9,1,19,16,2,CLOUDY
1-1-1-3,2020,9,2,40,33,4,CLOUDY
1-1-1-3,2020,9,3,14,-2,7,SUNNY
1-1-1-3,2020,9,4,21,-10,9,SUNNY
1-1-1-3,2020,9,5,3,-8,2,SNOWY
1-1-1-3,2020,9,6,19,12,1,CLOUDY
1-1-1-3,2020,9,7,31,24,9,CLOUDY
1-1-1-3,2020,9,8,3,-8,0,SUNNY
1-1-1-3,2020,9,9,50,44,7,SNOWY
1-1-1-3,2020,9,10,-5,-8,11,SUNNY
1-1-1-3,2020,9,11,-7,-8,12,SUNNY
1-1-1-3,2020,9,12,11,11,5,CLOUDY
1-1-1-3,2020,9,13,27,5,4,SNOWY
1-1-1-3,2020,9,14,46,11,9,SNOWY
1-1-1-3,2020,9,15,36,17,11,SNOWY
1-1-1-3,2020,9,16,1,-1,11,SUNNY
1-1-1-3,2020,9,17,23,5,0,SNOWY
1-1-1-3,2020,9,18,8,-3,6,SNOWY
1-1-1-3,2020,9,19,38,34,5,CLOUDY
1-1-1-3,2020,9,20,41,14,0,SNOWY
1-1-1-3,2020,9,21,15,-5,5,CLOUDY
1-1-1-3,2020,9,22,28,2,1,CLOUDY
1-1-1-3,2020,9,23,4,-2,12,RAINY
1-1-1-3,2020,9,24,20,18,0,SNOWY
1-1-1-3,2020,9,25,32,14,7,SUNNY
1-1-1-3,2020,9,26,42,14,12,RAINY
1-1-1-3,2020,9,27,29,27,6,RAINY
1-1-1-3,2020,9,28,10,2,12,SNOWY
1-1-1-3,2020,10,1,-4,-7,8,CLOUDY
1-1-1-3,2020,10,2,5,-3,0,CLOUDY
1-1-1-3,2020,10,3,11,8,1,SNOWY
1-1-1-3,2020,10,4,17,7,10,RAINY
1-1-1-3,2020,10,5,2,-5,10,RAINY
1-1-1-3,2020,10,6,-8,-10,0,SNOWY
1-1-1-3,2020,10,7,36,26,2,CLOUDY
1-1-1-3,2020,10,8,5,-7,10,SNOWY
1-1-1-3,2020,10,9,20,10,0,SNOWY
1-1-1-3,2020,10,10,22,-3,1,CLOUDY
1-1-1-3,2020,10,11,48,24,4,CLOUDY
1-1-1-3,2020,10,12,16,2,8,RAINY
1-1-1-3,2020,10,13,10,-10,9,RAINY
1-1-1-3,2020,10,14,28,-3,0,SUNNY
1-1-1-3,2020,10,15,43,27,12,CLOUDY
1-1-1-3,2020,10,16,34,-3,10,CLOUDY
1-1-1-3,2020,10,17,3,-5,9,SNOWY
1-1-1-3,2020,10,18,13,-5,12,SUNNY
1-1-1-3,2020,10,19,23,11,7,CLOUDY
1-1-1-3,2020,10,20,22,0,5,CLOUDY
1-1-1-3,2020,10,21,-8,-10,0,SUNNY
1-1-1-3,2020,10,22,8,3,3,RAINY
1-1-1-3,2020,10,23,3,-4,9,SUNNY
1-1-1-3,2020,10,24,30,7,6,SNOWY
1-1-1-3,2020,10,25,36,-10,6,RAINY
1-1-1-3,2020,10,26,16,8,10,RAINY
1-1-1-3,2020,10,27,38,34,6,SUNNY
1-1-1-3,2020,10,28,45,12,4,SUNNY
1-1-1-3,2020,11,1,18,-5,11,SNOWY
1-1-1-3,2020,11,2,0,-6,5,CLOUDY
1-1-1-3,2020,11,3,4,-2,12,SUNNY
1-1-1-3,2020,11,4,-6,-7,11,SUNNY
1-1-1-3,2020,11,5,10,10,8,SNOWY
1-1-1-3,2020,11,6,7,3,0,SNOWY
1-1-1-3,2020,11,7,6,3,9,CLOUDY
1-1-1-3,2020,11,8,3,0,11,CLOUDY
1-1-1-3,2020,11,9,43,25,2,CLOUDY
1-1-1-3,2020,11,10,21,-7,8,RAINY
1-1-1-3,2020,11,11,5,5,8,CLOUDY
1-1-1-3,2020,11,12,0,-5,5,SUNNY
1-1-1-3,2020,11,13,31,-5,9,SNOWY
1-1-1-3,2020,11,14,24,11,10,SUNNY
1-1-1-3,2020,11,15,26,-8,12,RAINY
1-1-1-3,2020,11,16,-8,-9,11,SNOWY
1-1-1-3,2020,11,17,49,39,0,CLOUDY
1-1-1-3,2020,11,18,23,0,3,CLOUDY
1-1-1-3,2020,11,19,5,-4,6,RAINY
1-1-1-3,2020,11,20,47,3,4,RAINY
1-1-1-3,2020,11,21,49,-7,11,CLOUDY
1-1-1-3,2020,11,22,5,-5,2,RAINY
1-1-1-3,2020,11,23,21,-7,12,CLOUDY
1-1-1-3,2020,11,24,23,-3,1,SUNNY
1-1-1-3,2020,11,25,31,0,11,SUNNY
1-1-1-3,2020,11,26,44,36,10,SUNNY
1-1-1-3,2020,11,27,9,5,7,SNOWY
1-1-1-3,2020,11,28,10,3,5,SUNNY
1-1-1-3,2020,12,1,-4,-5,4,SUNNY
1-1-1-3,2020,12,2,19,17,5,RAINY
1-1-1-3,2020,12,3,12,12,5,SNOWY
1-1-1-3,2020,12,4,-2,-8,2,SUNNY
1-1-1-3,2020,12,5,-5,-6,5,SNOWY
1-1-1-3,2020,12,6,6,5,1,RAINY
1-1-1-3,2020,12,7,-2,-7,0,CLOUDY
1-1-1-3,2020,12,8,17,-7,2,SUNNY
1-1-1-3,2020,12,9,50,49,4,SUNNY
1-1-1-3,2020,12,10,32,23,11,SUNNY
1-1-1-3,2020,12,11,37,-7,4,CLOUDY
1-1-1-3,2020,12,12,-3,-8,6,RAINY
1-1-1-3,2020,12,13,18,10,3,SUNNY
1-1-1-3,2020,12,14,30,11,6,SNOWY
1-1-1-3,2020,12,15,44,33,2,SNOWY
1-1-1-3,2020,12,16,-5,-9,3,RAINY
1-1-1-3,2020,12,17,6,-3,1,RAINY
1-1-1-3,2020,12,18,29,0,7,CLOUDY
1-1-1-3,2020,12,19,-9,-10,10,SNOWY
1-1-1-3,2020,12,20,-8,-9,3,SNOWY
1-1-1-3,2020,12,21,0,-4,11,SNOWY
1-1-1-3,2020,12,22,-9,-10,5,SUNNY
1-1-1-3,2020,12,23,48,10,1,RAINY
1-1-1-3,2020,12,24,14,-10,9,SNOWY
1-1-1-3,2020,12,25,20,13,8,SUNNY
1-1-1-3,2020,12,26,34,-8,2,SNOWY
1-1-1-3,2020,12,27,19,-6,8,SNOWY
1-1-1-3,2020,12,28,33,27,9,SNOWY
1-1-1-4,2020,1,1,-2,-6,6,SNOWY
1-1-1-4,2020,1,2,-6,-10,1,SUNNY
1-1-1-4,2020,1,3,-7,-9,4,SUNNY
1-1-1-4,2020,1,4,7,3,9,SNOWY
1-1-1-4,2020,1,5,25,25,4,SUNNY
1-1-1-4,2020,1,6,1,-3,9,CLOUDY
1-1-1-4,2020,1,7,33,8,9,CLOUDY
1-1-1-4,2020,1,8,31,9,1,SNOWY
1-1-1-4,2020,1,9,10,6,11,CLOUDY
1-1-1-4,2020,1,10,22,14,2,RAINY
1-1-1-4,2020,1,11,11,0,7,RAINY
1-1-1-4,2020,1,12,45,-6,7,CLOUDY
1-1-1-4,2020,1,13,43,-9,11,RAINY
1-1-1-4,2020,1,14,30,28,8,SNOWY
1-1-1-4,2020,1,15,24,20,1,SNOWY
1-1-1-4,2020,1,16,44,18,1,CLOUDY
1-1-1-4,2020,1,17,15,1,12,SUNNY
1-1-1-4,2020,1,18,28,1,0,SUNNY
1-1-1-4,2020,1,19,50,-4,9,CLOUDY
1-1-1-4,2020,1,20,39,22,4,SUNNY
1-1-1-4,2020,1,21,17,-9,9,RAINY
1-1-1-4,2020,1,22,-4,-8,8,SUNNY
1-1-1-4,2020,1,23,4,-9,10,CLOUDY
1-1-1-4,2020,1,24,37,19,7,SUNNY
1-1-1-4,2020,1,25,38,-1,0,SUNNY
1-1-1-4,2020,1,26,26,25,4,RAINY
1-1-1-4,2020,1,27,31,-10,5,SNOWY
1-1-1-4,2020,1,28,6,3,10,SNOWY
1-1-1-4,2020,2,1,13,2,11,RAINY
1-1-1-4,2020,2,2,32,27,3,CLOUDY
1-1-1-4,2020,2,3,2,-3,7,SUNNY
1-1-1-4,2020,2,4,15,3,4,CLOUDY
1-1-1-4,2020,2,5,20,0,10,SNOWY
1-1-1-4,2020,2,6,45,10,4,CLOUDY
1-1-1-4,2020,2,7,-7,-8,1,SNOWY
1-1-1-4,2020,2,8,2,-5,4,RAINY
1-1-1-4,2020,2,9,-4,-7,5,SNOWY
1-1-1-4,2020,2,10,11,6,11,CLOUDY
1-1-1-4,2020,2,11,4,-10,7,CLOUDY
1-1-1-4,2020,2,12,20,18,2,SNOWY
1-1-1-4,2020,2,13,-10,-10,11,SUNNY
1-1-1-4,2020,2,14,-5,-8,9,CLOUDY
1-1-1-4,2020,2,15,16,-10,4,SNOWY
1-1-1-4,2020,2,16,46,24,0,CLOUDY
1-1-1-4,2020,2,17,35,-2,11,SNOWY
1-1-1-4,2020,2,18,21,-5,10,RAINY
1-1-1-4,2020,2,19,47,22,11,CLOUDY
1-1-1-4,2020,2,20,-3,-5,4,SUNNY
1-1-1-4,2020,2,21,9,-8,10,CLOUDY
1-1-1-4,2020,2,22,31,14,12,CLOUDY
1-1-1-4,2020,2,23,43,-6,6,CLOUDY
1-1-1-4,2020,2,24,2,-3,7,SUNNY
1-1-1-4,2020,2,25,-7,-10,2,CLOUDY
1-1-1-4,2020,2,26,35,4,3,SUNNY
1-1-1-4,2020,2,27,6,-5,10,CLOUDY
1-1-1-4,2020,2,28,32,25,2,SNOWY
1-1-1-4,2020,3,1,22,-10,11,RAINY
1-1-1-4,2020,3,2,-1,-9,6,RAINY
1-1-1-4,2020,3,3,38,6,4,SUNNY
1-1-1-4,2020,3,4,19,5,4,SNOWY
1-1-1-4,2020,3,5,31,17,3,SNOWY
1-1-1-4,2020,3,6,45,0,1,CLOUDY
1-1-1-4,2020,3,7,20,12,6,SUNNY
1-1-1-4,2020,3,8,21,-5,1,SUNNY
1-1-1-4,2020,3,9,0,-1,10,SNOWY
1-1-1-4,2020,3,10,38,6,11,RAINY
1-1-1-4,2020,3,11,-4,-10,2,RAINY
1-1-1-4,2020,3,12,-1,-2,9,SNOWY
1-1-1-4,2020,3,13,31,0,10,CLOUDY
1-1-1-4,2020,3,14,36,-2,3,RAINY
1-1-1-4,2020,3,15,44,35,1,SNOWY
1-1-1-4,2020,3,16,42,11,12,SNOWY
1-1-1-4,2020,3,17,10,5,1,SUNNY
1-1-1-4,2020,3,18,-5,-8,0,SNOWY
1-1-1-4,2020,3,19,17,13,6,SUNNY
1-1-1-4,2020,3,20,32,14,5,CLOUDY
1-1-1-4,2020,3,21,16,6,12,SUNNY
1-1-1-4,2020,3,22,-3,-6,12,SUNNY
1-1-1-4,2020,3,23,27,7,10,CLOUDY
1-1-1-4,2020,3,24,38,4,5,SNOWY
1-1-1-4,2020,3,25,21,12,4,SUNNY
1-1-1-4,2020,3,26,18,16,12,SNOWY
1-1-1-4,2020,3,27,42,42,6,SUNNY
1-1-1-4,2020,3,28,20,2,10,SUNNY
1-1-1-4,2020,4,1,15,-10,4,SNOWY
1-1-1-4,2020,4,2,24,21,10,SUNNY
1-1-1-4,2020,4,3,25,13,10,SNOWY
1-1-1-4,2020,4,4,50,-2,9,CLOUDY
1-1-1-4,2020,4,5,14,12,11,SNOWY
1-1-1-4,2020,4,6,38,17,2,SNOWY
1-1-1-4,2020,4,7,35,31,5,SUNNY
1-1-1-4,2020,4,8,32,27,9,RAINY
1-1-1-4,2020,4,9,49,-2,0,CLOUDY
1-1-1-4,2020,4,10,36,25,5,SUNNY
1-1-1-4,2020,4,11,14,0,5,SUNNY
1-1-1-4,2020,4,12,4,4,3,RAINY
1-1-1-4,2020,4,13,1,-10,4,SNOWY
1-1-1-4,2020,4,14,9,-8,9,SUNNY
1-1-1-4,2020,4,15,38,36,0,CLOUDY
1-1-1-4,2020,4,16,-3,-8,10,CLOUDY
1-1-1-4,2020,4,17,3,-3,11,CLOUDY
1-1-1-4,2020,4,18,12,-8,12,CLOUDY
1-1-1-4,2020,4,19,28,19,12,SNOWY
1-1-1-4,2020,4,20,-1,-9,6,RAINY
1-1-1-4,2020,4,21,-3,-8,3,CLOUDY
1-1-1-4,2020,4,22,38,-5,5,SUNNY
1-1-1-4,2020,4,23,0,-7,10,RAINY
1-1-1-4,2020,4,24,-5,-6,9,RAINY
1-1-1-4,2020,4,25,43,34,1,SNOWY
1-1-1-4,2020,4,26,11,11,5,RAINY
1-1-1-4,2020,4,27,34,15,4,SNOWY
1-1-1-4,2020,4,28,48,42,7,SUNNY
1-1-1-4,2020,5,1,27,-2,10,SNOWY
1-1-1-4,2020,5,2,38,14,4,RAINY
1-1-1-4,2020,5,3,39,24,6,SUNNY
1-1-1-4,2020,5,4,12,-4,6,CLOUDY
1-1-1-4,2020,5,5,45,3,0,CLOUDY
1-1-1-4,2020,5,6,43,5,8,SNOWY
1-1-1-4,2020,5,7,19,14,1,CLOUDY
1-1-1-4,2020,5,8,30,-6,4,CLOUDY
1-1-1-4,2020,5,9,7,-10,4,RAINY
1-1-1-4,2020,5,10,11,3,8,SUNNY
1-1-1-4,2020,5,11,8,-5,10,RAINY
1-1-1-4,2020,5,12,1,1,0,SNOWY
1-1-1-4,2020,5,13,3,-5,11,SNOWY
1-1-1-4,2020,5,14,42,23,11,RAINY
1-1-1-4,2020,5,15,-5,-8,2,SNOWY
1-1-1-4,2020,5,16,16,-6,1,RAINY
1-1-1-4,2020,5,17,1,-1,12,RAINY
1-1-1-4,2020,5,18,40,20,9,RAINY
1-1-1-4,2020,5,19,9,-4,1,RAINY
1-1-1-4,2020,5,20,47,39,8,CLOUDY
1-1-1-4,2020,5,21,4,3,3,RAINY
1-1-1-4,2020,5,22,35,25,2,SUNNY
1-1-1-4,2020,5,23,1,-7,12,RAINY
1-1-1-4,2020,5,24,-9,-10,5,CLOUDY
1-1-1-4,2020,5,25,17,11,8,SNOWY
1-1-1-4,2020,5,26,7,4,0,RAINY
1-1-1-4,2020,5,27,37,0,3,SNOWY
1-1-1-4,2020,5,28,8,5,10,SNOWY
1-1-1-4,2020,6,1,12,-5,0,RAINY
1-1-1-4,2020,6,2,27,-3,8,SUNNY
1-1-1-4,2020,6,3,30,14,11,SUNNY
1-1-1-4,2020,6,4,38,37,12,RAINY
1-1-1-4,2020,6,5,40,-6,10,CLOUDY
1-1-1-4,2020,6,6,38,7,0,CLOUDY
1-1-1-4,2020,6,7,16,11,7,SNOWY
1-1-1-4,2020,6,8,12,10,9,RAINY
1-1-1-4,2020,6,9,41,27,5,RAINY
1-1-1-4,2020,6,10,38,3,11,SUNNY
1-1-1-4,2020,6,11,13,1,10,SNOWY
1-1-1-4,2020,6,12,19,7,2,RAINY
1-1-1-4,2020,6,13,19,4,8,SNOWY
1-1-1-4,2020,6,14,-4,-6,8,SUNNY
1-1-1-4,2020,6,15,50,19,6,SNOWY
1-1-1-4,2020,6,16,7,-5,7,RAINY
1-1-1-4,2020,6,17,31,25,10,SUNNY
1-1-1-4,2020,6,18,46,33,3,RAINY
1-1-1-4,2020,6,19,-8,-10,1,CLOUDY
1-1-1-4,2020,6,20,8,7,3,RAINY
1-1-1-4,2020,6,21,31,2,0,RAINY
1-1-1-4,2020,6,22,48,19,1,SNOWY
1-1-1-4,2020,6,23,48,9,9,SNOWY
1-1-1-4,2020,6,24,46,35,1,SNOWY
1-1-1-4,2020,6,25,36,23,3,SUNNY
1-1-1-4,2020,6,26,9,-3,0,SNOWY
1-1-1-4,2020,6,27,29,22,1,CLOUDY
1-1-1-4,2020,6,28,25,6,5,RAINY
1-1-1-4,2020,7,1,32,5,8,RAINY
1-1-1-4,2020,7,2,-1,-4,0,RAINY
1-1-1-4,2020,7,3,18,-2,11,SUNNY
1-1-1-4,2020,7,4,-3,-4,7,CLOUDY
1-1-1-4,2020,7,5,10,8,8,RAINY
1-1-1-4,2020,7,6,20,-6,9,SNOWY
1-1-1-4,2020,7,7,46,21,3,SUNNY
1-1-1-4,2020,7,8,23,3,9,SNOWY
1-1-1-4,2020,7,9,-4,-8,5,CLOUDY
1-1-1-4,2020,7,10,40,-3,3,SUNNY
1-1-1-4,2020,7,11,-7,-8,8,SUNNY
1-1-1-4,2020,7,12,47,4,0,SNOWY
1-1-1-4,2020,7,13,-8,-10,9,RAINY
1-1-1-4,2020,7,14,8,2,5,RAINY
1-1-1-4,2020,7,15,39,-7,9,CLOUDY
1-1-1-4,2020,7,16,46,6,12,RAINY
1-1-1-4,2020,7,17,-2,-8,1,SNOWY
1-1-1-4,2020,7,18,4,2,9,CLOUDY
1-1-1-4,2020,7,19,25,8,4,SUNNY
1-1-1-4,2020,7,20,38,10,0,RAINY
1-1-1-4,2020,7,21,19,1,12,SNOWY
1-1-1-4,2020,7,22,46,-7,5,SUNNY
1-1-1-4,2020,7,23,7,-2,7,CLOUDY
1-1-1-4,2020,7,24,29,11,6,SUNNY
1-1-1-4,2020,7,25,19,6,5,RAINY
1-1-1-4,2020,7,26,13,13,4,CLOUDY
1-1-1-4,2020,7,27,49,4,10,CLOUDY
1-1-1-4,2020,7,28,20,-3,4,SUNNY
1-1-1-4,2020,8,1,22,-7,4,RAINY
1-1-1-4,2020,8,2,23,22,4,RAINY
1-1-1-4,2020,8,3,50,45,8,CLOUDY
1-1-1-4,2020,8,4,-3,-6,4,CLOUDY
1-1-1-4,2020,8,5,13,12,8,CLOUDY
1-1-1-4,2020,8,6,31,16,3,SNOWY
1-1-1-4,2020,8,7,49,28,3,SUNNY
1-1-1-4,2020,8,8,12,7,7,SUNNY
1-1-1-4,2020,8,9,17,-7,2,SUNNY
1-1-1-4,2020,8,10,26,16,3,CLOUDY
1-1-1-4,2020,8,11,-4,-8,7,SUNNY
1-1-1-4,2020,8,12,42,21,1,RAINY
1-1-1-4,2020,8,13,36,10,5,SUNNY
1-1-1-4,2020,8,14,10,-10,10,SNOWY
1-1-1-4,2020,8,15,46,16,4,CLOUDY
1-1-1-4,2020,8,16,50,12,0,SNOWY
1-1-1-4,2020,8,17,-7,-9,4,SNOWY
1-1-1-4,2020,8,18,34,21,5,CLOUDY
1-1-1-4,2020,8,19,50,36,12,SUNNY
1-1-1-4,2020,8,20,35,3,2,RAINY
1-1-1-4,2020,8,21,50,-2,1,SNOWY
1-1-1-4,2020,8,22,25,0,1,SUNNY
1-1-1-4,2020,8,23,38,37,9,SUNNY
1-1-1-4,2020,8,24,-4,-6,10,SUNNY
1-1-1-4,2020,8,25,48,-2,3,SNOWY
1-1-1-4,2020,8,26,31,-7,3,SUNNY
1-1-1-4,2020,8,27,15,-1,0,SUNNY
1-1-1-4,2020,8,28,32,22,3,CLOUDY
1-1-1-4,2020,9,1,47,12,6,SUNNY
1-1-1-4,2020,9,2,32,13,10,SNOWY
1-1-1-4,2020,9,3,-6,-10,4,RAINY
1-1-1-4,2020,9,4,-9,-10,2,RAINY
1-1-1-4,2020,9,5,29,8,0,SUNNY
1-1-1-4,2020,9,6,21,17,9,SUNNY
1-1-1-4,2020,9,7,10,0,12,CLOUDY
1-1-1-4,2020,9,8,20,4,8,RAINY
1-1-1-4,2020,9,9,-6,-7,8,CLOUDY
1-1-1-4,2020,9,10,29,-7,2,SNOWY
1-1-1-4,2020,9,11,4,3,0,RAINY
1-1-1-4,2020,9,12,14,3,3,SNOWY
1-1-1-4,2020,9,13,6,0,7,SNOWY
1-1-1-4,2020,9,14,6,1,2,SUNNY
1-1-1-4,2020,9,15,34,5,0,SNOWY
1-1-1-4,2020,9,16,36,2,12,SUNNY
1-1-1-4,2020,9,17,-4,-10,10,RAINY
1-1-1-4,2020,9,18,-5,-6,3,SUNNY
1-1-1-4,2020,9,19,24,2,3,RAINY
1-1-1-4,2020,9,20,3,-2,6,CLOUDY
1-1-1-4,2020,9,21,16,10,4,CLOUDY
1-1-1-4,2020,9,22,2,2,5,CLOUDY
1-1-1-4,2020,9,23,45,32,10,CLOUDY
1-1-1-4,2020,9,24,40,5,5,RAINY
1-1-1-4,2020,9,25,50,50,9,CLOUDY
1-1-1-4,2020,9,26,17,17,12,RAINY
1-1-1-4,2020,9,27,6,-3,12,SNOWY
1-1-1-4,2020,9,28,31,8,2,CLOUDY
1-1-1-4,2020,10,1,9,-3,0,SNOWY
1-1-1-4,2020,10,2,16,12,1,RAINY
1-1-1-4,2020,10,3,13,5,10,SUNNY
1-1-1-4,2020,10,4,14,9,1,RAINY
1-1-1-4,2020,10,5,-1,-3,7,RAINY
1-1-1-4,2020,10,6,-2,-7,4,SNOWY
1-1-1-4,2020,10,7,5,-3,3,SUNNY
1-1-1-4,2020,10,8,31,-10,12,SUNNY
1-1-1-4,2020,10,9,13,1,4,SUNNY
1-1-1-4,2020,10,10,-7,-9,6,CLOUDY
1-1-1-4,2020,10,11,25,8,1,SUNNY
1-1-1-4,2020,10,12,-5,-8,8,RAINY
1-1-1-4,2020,10,13,14,-1,2,CLOUDY
1-1-1-4,2020,10,14,32,30,5,RAINY
1-1-1-4,2020,10,15,9,0,1,CLOUDY
1-1-1-4,2020,10,16,44,18,1,SNOWY
1-1-1-4,2020,10,17,4,-6,6,SUNNY
1-1-1-4,2020,10,18,33,-5,9,CLOUDY
1-1-1-4,2020,10,19,0,-5,0,SUNNY
1-1-1-4,2020,10,20,15,12,6,RAINY
1-1-1-4,2020,10,21,28,7,8,RAINY
1-1-1-4,2020,10,22,10,-6,3,SNOWY
1-1-1-4,2020,10,23,-3,-10,9,SNOWY
1-1-1-4,2020,10,24,-5,-7,12,SNOWY
1-1-1-4,2020,10,25,39,9,10,CLOUDY
1-1-1-4,2020,10,26,12,-5,7,CLOUDY
1-1-1-4,2020,10,27,43,43,4,SUNNY
1-1-1-4,2020,10,28,39,21,0,CLOUDY
1-1-1-4,2020,11,1,10,-8,11,CLOUDY
1-1-1-4,2020,11,2,26,16,6,RAINY
1-1-1-4,2020,11,3,32,-1,9,RAINY
1-1-1-4,2020,11,4,49,1,10,RAINY
1-1-1-4,2020,11,5,24,18,0,SNOWY
1-1-1-4,2020,11,6,-2,-5,4,SUNNY
1-1-1-4,2020,11,7,41,41,3,RAINY
1-1-1-4,2020,11,8,14,-2,1,CLOUDY
1-1-1-4,2020,11,9,5,-10,0,RAINY
1-1-1-4,2020,11,10,15,-3,4,CLOUDY
1-1-1-4,2020,11,11,7,-10,4,SUNNY
1-1-1-4,2020,11,12,5,4,8,SUNNY
1-1-1-4,2020,11,13,19,18,11,SNOWY
1-1-1-4,2020,11,14,38,34,3,RAINY
1-1-1-4,2020,11,15,24,-10,6,RAINY
1-1-1-4,2020,11,16,18,-6,7,CLOUDY
1-1-1-4,2020,11,17,34,34,8,RAINY
1-1-1-4,2020,11,18,29,-6,12,RAINY
1-1-1-4,2020,11,19,43,36,11,CLOUDY
1-1-1-4,2020,11,20,25,3,1,SNOWY
1-1-1-4,2020,11,21,-7,-10,8,CLOUDY
1-1-1-4,2020,11,22,-6,-10,3,SUNNY
1-1-1-4,2020,11,23,33,8,8,CLOUDY
1-1-1-4,2020,11,24,18,0,12,SNOWY
1-1-1-4,2020,11,25,42,4,2,RAINY
1-1-1-4,2020,11,26,-10,-10,3,SNOWY
1-1-1-4,2020,11,27,27,20,8,CLOUDY
1-1-1-4,2020,11,28,4,-1,0,RAINY
1-1-1-4,2020,12,1,-3,-7,6,CLOUDY
1-1-1-4,2020,12,2,15,-8,4,CLOUDY
1-1-1-4,2020,12,3,-1,-3,3,SNOWY
1-1-1-4,2020,12,4,18,1,4,CLOUDY
1-1-1-4,2020,12,5,49,15,6,SUNNY
1-1-1-4,2020,12,6,32,27,11,CLOUDY
1-1-1-4,2020,12,7,11,-9,10,SUNNY
1-1-1-4,2020,12,8,45,34,2,SNOWY
1-1-1-4,2020,12,9,6,6,0,CLOUDY
1-1-1-4,2020,12,10,41,35,1,RAINY
1-1-1-4,2020,12,11,35,12,5,RAINY
1-1-1-4,2020,12,12,10,-9,8,CLOUDY
1-1-1-4,2020,12,13,9,5,11,SUNNY
1-1-1-4,2020,12,14,34,2,3,SUNNY
1-1-1-4,2020,12,15,14,0,3,CLOUDY
1-1-1-4,2020,12,16,25,2,9,CLOUDY
1-1-1-4,2020,12,17,29,5,7,SUNNY
1-1-1-4,2020,12,18,-3,-6,0,SNOWY
1-1-1-4,2020,12,19,26,-3,6,SNOWY
1-1-1-4,2020,12,20,35,0,0,SUNNY
1-1-1-4,2020,12,21,29,29,10,RAINY
1-1-1-4,2020,12,22,40,-1,10,RAINY
1-1-1-4,2020,12,23,34,-9,3,SNOWY
1-1-1-4,2020,12,24,0,-7,4,RAINY
1-1-1-4,2020,12,25,26,-8,11,CLOUDY
1-1-1-4,2020,12,26,13,-10,9,CLOUDY
1-1-1-4,2020,12,27,7,7,8,SUNNY
1-1-1-4,2020,12,28,30,-3,3,RAINY
1-1-1-5,2020,1,1,34,21,9,CLOUDY
1-1-1-5,2020,1,2,33,28,1,RAINY
1-1-1-5,2020,1,3,35,10,12,CLOUDY
1-1-1-5,2020,1,4,29,8,11,CLOUDY
1-1-1-5,2020,1,5,46,36,1,SUNNY
1-1-1-5,2020,1,6,38,11,8,RAINY
1-1-1-5,2020,1,7,7,-1,12,RAINY
1-1-1-5,2020,1,8,-8,-9,10,CLOUDY
1-1-1-5,2020,1,9,47,36,8,RAINY
1-1-1-5,2020,1,10,-7,-9,2,SNOWY
1-1-1-5,2020,1,11,-8,-10,10,SUNNY
1-1-1-5,2020,1,12,22,11,5,SUNNY
1-1-1-5,2020,1,13,41,10,9,SNOWY
1-1-1-5,2020,1,14,43,20,0,CLOUDY
1-1-1-5,2020,1,15,21,0,8,RAINY
1-1-1-5,2020,1,16,-4,-8,7,CLOUDY
1-1-1-5,2020,1,17,-7,-9,8,SNOWY
1-1-1-5,2020,1,18,38,29,8,RAINY
1-1-1-5,2020,1,19,47,37,10,RAINY
1-1-1-5,2020,1,20,8,2,0,RAINY
1-1-1-5,2020,1,21,33,6,12,CLOUDY
1-1-1-5,2020,1,22,30,-8,3,RAINY
1-1-1-5,2020,1,23,7,-2,7,SNOWY
1-1-1-5,2020,1,24,0,-1,3,SUNNY
1-1-1-5,2020,1,25,37,17,0,SNOWY
1-1-1-5,2020,1,26,47,4,8,CLOUDY
1-1-1-5,2020,1,27,6,-8,9,SNOWY
1-1-1-5,2020,1,28,48,35,6,SNOWY
1-1-1-5,2020,2,1,-2,-4,0,RAINY
1-1-1-5,2020,2,2,46,1,7,CLOUDY
1-1-1-5,2020,2,3,44,38,5,SNOWY
1-1-1-5,2020,2,4,43,11,3,SUNNY
1-1-1-5,2020,2,5,45,19,12,RAINY
1-1-1-5,2020,2,6,32,31,9,SNOWY
1-1-1-5,2020,2,7,22,22,8,CLOUDY
1-1-1-5,2020,2,8,44,16,4,SNOWY
1-1-1-5,2020,2,9,4,4,7,CLOUDY
1-1-1-5,2020,2,10,44,34,3,SNOWY
1-1-1-5,2020,2,11,12,3,4,SNOWY
1-1-1-5,2020,2,12,9,-3,1,SUNNY
1-1-1-5,2020,2,13,-7,-10,1,SNOWY
1-1-1-5,2020,2,14,13,0,2,CLOUDY
1-1-1-5,2020,2,15,37,-3,11,CLOUDY
1-1-1-5,2020,2,16,-6,-9,8,SUNNY
1-1-1-5,2020,2,17,3,-1,11,CLOUDY
1-1-1-5,2020,2,18,24,11,1,SNOWY
1-1-1-5,2020,2,19,10,-10,9,CLOUDY
1-1-1-5,2020,2,20,44,-6,0,SUNNY
1-1-1-5,2020,2,21,28,13,7,SNOWY
1-1-1-5,2020,2,22,9,6,5,CLOUDY
1-1-1-5,2020,2,23,31,-6,5,SUNNY
1-1-1-5,2020,2,24,-10,-10,11,SUNNY
1-1-1-5,2020,2,25,36,0,11,RAINY
1-1-1-5,2020,2,26,1,-4,4,CLOUDY
1-1-1-5,2020,2,27,28,-8,4,SUNNY
1-1-1-5,2020,2,28,11,2,4,SUNNY
1-1-1-5,2020,3,1,43,0,7,CLOUDY
1-1-1-5,2020,3,2,16,6,1,CLOUDY
1-1-1-5,2020,3,3,15,-10,6,SUNNY
1-1-1-5,2020,3,4,29,4,12,CLOUDY
1-1-1-5,2020,3,5,-4,-9,4,RAINY
1-1-1-5,2020,3,6,15,-9,6,CLOUDY
1-1-1-5,2020,3,7,20,16,1,RAINY
1-1-1-5,2020,3,8,14,-1,9,SUNNY
1-1-1-5,2020,3,9,18,15,12,SNOWY
1-1-1-5,2020,3,10,13,-4,11,SNOWY
1-1-1-5,2020,3,11,-8,-10,5,SUNNY
1-1-1-5,2020,3,12,48,3,11,SNOWY
1-1-1-5,2020,3,13,12,-5,8,CLOUDY
1-1-1-5,2020,3,14,32,8,5,SNOWY
1-1-1-5,2020,3,15,37,-4,9,SUNNY
1-1-1-5,2020,3,16,40,12,6,CLOUDY
1-1-1-5,2020,3,17,-2,-5,9,SUNNY
1-1-1-5,2020,3,18,30,19,7,SNOWY
1-1-1-5,2020,3,19,0,-2,2,CLOUDY
1-1-1-5,2020,3,20,-6,-8,12,SUNNY
1-1-1-5,2020,3,21,46,45,9,SUNNY
1-1-1-5,2020,3,22,-10,-10,12,SNOWY
1-1-1-5,2020,3,23,-7,-9,0,SUNNY
1-1-1-5,2020,3,24,2,1,0,SUNNY
1-1-1-5,2020,3,25,37,8,11,SNOWY
1-1-1-5,2020,3,26,22,-5,3,SNOWY
1-1-1-5,2020,3,27,21,-9,9,SNOWY
1-1-1-5,2020,3,28,39,-9,8,CLOUDY
1-1-1-5,2020,4,1,41,22,1,SNOWY
1-1-1-5,2020,4,2,-6,-7,11,RAINY
1-1-1-5,2020,4,3,12,-4,12,RAINY
1-1-1-5,2020,4,4,24,5,12,SNOWY
1-1-1-5,2020,4,5,32,26,8,CLOUDY
1-1-1-5,2020,4,6,-10,-10,10,CLOUDY
1-1-1-5,2020,4,7,38,-6,3,SNOWY
1-1-1-5,2020,4,8,46,-9,2,SUNNY
1-1-1-5,2020,4,9,18,15,4,CLOUDY
1-1-1-5,2020,4,10,20,3,5,SUNNY
1-1-1-5,2020,4,11,26,9,12,SUNNY
1-1-1-5,2020,4,12,41,21,7,SNOWY
1-1-1-5,2020,4,13,46,20,2,RAINY
1-1-1-5,2020,4,14,14,11,10,SUNNY
1-1-1-5,2020,4,15,15,12,1,RAINY
1-1-1-5,2020,4,16,3,0,11,CLOUDY
1-1-1-5,2020,4,17,46,25,3,RAINY
1-1-1-5,2020,4,18,2,-10,8,SUNNY
1-1-1-5,2020,4,19,23,-2,1,SNOWY
1-1-1-5,2020,4,20,19,5,8,CLOUDY
1-1-1-5,2020,4,21,27,-4,12,SUNNY
1-1-1-5,2020,4,22,0,-2,3,SUNNY
1-1-1-5,2020,4,23,19,-9,11,RAINY
1-1-1-5,2020,4,24,50,42,6,CLOUDY
1-1-1-5,2020,4,25,38,16,10,SUNNY
1-1-1-5,2020,4,26,48,46,12,SUNNY
1-1-1-5,2020,4,27,23,-2,3,SUNNY
1-1-1-5,2020,4,28,24,3,8,RAINY
1-1-1-5,2020,5,1,17,9,5,SUNNY
1-1-1-5,2020,5,2,7,2,10,SUNNY
1-1-1-5,2020,5,3,0,-7,4,CLOUDY
1-1-1-5,2020,5,4,16,-4,4,RAINY
1-1-1-5,2020,5,5,26,21,10,SNOWY
1-1-1-5,2020,5,6,20,2,10,SNOWY
1-1-1-5,2020,5,7,6,5,12,RAINY
1-1-1-5,2020,5,8,31,11,12,SNOWY
1-1-1-5,2020,5,9,48,9,0,CLOUDY
1-1-1-5,2020,5,10,5,0,11,RAINY
1-1-1-5,2020,5,11,15,-3,11,SNOWY
1-1-1-5,2020,5,12,42,13,12,RAINY
1-1-1-5,2020,5,13,7,6,10,CLOUDY
1-1-1-5,2020,5,14,48,29,11,SNOWY
1-1-1-5,2020,5,15,11,-6,9,SNOWY
1-1-1-5,2020,5,16,9,4,3,RAINY
1-1-1-5,2020,5,17,20,19,4,RAINY
1-1-1-5,2020,5,18,-10,-10,12,RAINY
1-1-1-5,2020,5,19,-8,-10,3,RAINY
1-1-1-5,2020,5,20,7,0,1,CLOUDY
1-1-1-5,2020,5,21,16,8,1,RAINY
1-1-1-5,2020,5,22,5,3,9,CLOUDY
1-1-1-5,2020,5,23,19,6,11,SNOWY
1-1-1-5,2020,5,24,49,14,9,SNOWY
1-1-1-5,2020,5,25,23,20,11,SUNNY
1-1-1-5,2020,5,26,-1,-10,12,CLOUDY
1-1-1-5,2020,5,27,23,20,7,RAINY
1-1-1-5,2020,5,28,34,34,8,CLOUDY
1-1-1-5,2020,6,1,17,9,6,RAINY
1-1-1-5,2020,6,2,-7,-9,8,SNOWY
1-1-1-5,2020,6,3,-9,-10,0,CLOUDY
1-1-1-5,2020,6,4,46,-3,4,CLOUDY
1-1-1-5,2020,6,5,45,39,10,SNOWY
1-1-1-5,2020,6,6,-8,-10,0,RAINY
1-1-1-5,2020,6,7,4,-3,4,CLOUDY
1-1-1-5,2020,6,8,15,11,4,SUNNY
1-1-1-5,2020,6,9,-1,-3,1,RAINY
1-1-1-5,2020,6,10,42,6,9,CLOUDY
1-1-1-5,2020,6,11,27,6,2,SNOWY
1-1-1-5,2020,6,12,7,0,12,SUNNY
1-1-1-5,2020,6,13,-5,-7,7,SUNNY
1-1-1-5,2020,6,14,34,1,12,SUNNY
1-1-1-5,2020,6,15,28,1,5,SNOWY
1-1-1-5,2020,6,16,-4,-8,9,SUNNY
1-1-1-5,2020,6,17,7,7,10,CLOUDY
1-1-1-5,2020,6,18,43,8,12,CLOUDY
1-1-1-5,2020,6,19,-3,-8,6,CLOUDY
1-1-1-5,2020,6,20,-5,-9,11,RAINY
1-1-1-5,2020,6,21,8,8,7,SUNNY
1-1-1-5,2020,6,22,26,-2,1,CLOUDY
1-1-1-5,2020,6,23,-8,-9,9,SNOWY
1-1-1-5,2020,6,24,17,-8,6,CLOUDY
1-1-1-5,2020,6,25,33,21,2,RAINY
1-1-1-5,2020,6,26,18,12,6,CLOUDY
1-1-1-5,2020,6,27,45,5,0,SNOWY
1-1-1-5,2020,6,28,10,-7,0,SUNNY
1-1-1-5,2020,7,1,10,7,12,SNOWY
1-1-1-5,2020,7,2,38,34,12,RAINY
1-1-1-5,2020,7,3,34,27,2,SNOWY
1-1-1-5,2020,7,4,2,-6,10,RAINY
1-1-1-5,2020,7,5,-10,-10,7,SUNNY
1-1-1-5,2020,7,6,-2,-8,5,SNOWY
1-1-1-5,2020,7,7,5,1,8,CLOUDY
1-1-1-5,2020,7,8,28,-5,3,CLOUDY
1-1-1-5,2020,7,9,14,-6,5,SUNNY
1-1-1-5,2020,7,10,1,-6,8,SUNNY
1-1-1-5,2020,7,11,22,12,11,RAINY
1-1-1-5,2020,7,12,33,33,9,SUNNY
1-1-1-5,2020,7,13,8,-10,12,SUNNY
1-1-1-5,2020,7,14,1,-3,10,SUNNY
1-1-1-5,2020,7,15,14,0,4,RAINY
1-1-1-5,2020,7,16,8,-10,0,CLOUDY
1-1-1-5,2020,7,17,38,23,6,CLOUDY
1-1-1-5,2020,7,18,26,25,0,SNOWY
1-1-1-5,2020,7,19,36,27,6,SNOWY
1-1-1-5,2020,7,20,42,15,7,CLOUDY
1-1-1-5,2020,7,21,20,-6,8,SNOWY
1-1-1-5,2020,7,22,23,-8,6,SUNNY
1-1-1-5,2020,7,23,35,7,7,SUNNY
1-1-1-5,2020,7,24,7,-5,4,CLOUDY
1-1-1-5,2020,7,25,-4,-8,7,SUNNY
1-1-1-5,2020,7,26,25,8,3,RAINY
1-1-1-5,2020,7,27,3,-9,4,SUNNY
1-1-1-5,2020,7,28,27,9,12,SNOWY
1-1-1-5,2020,8,1,44,11,5,RAINY
1-1-1-5,2020,8,2,14,-9,2,RAINY
1-1-1-5,2020,8,3,17,0,2,RAINY
1-1-1-5,2020,8,4,1,-1,8,RAINY
1-1-1-5,2020,8,5,2,-5,4,SNOWY
1-1-1-5,2020,8,6,13,4,12,CLOUDY
1-1-1-5,2020,8,7,43,30,4,RAINY
1-1-1-5,2020,8,8,33,4,11,SUNNY
1-1-1-5,2020,8,9,-7,-8,2,SNOWY
1-1-1-5,2020,8,10,19,17,7,SUNNY
1-1-1-5,2020,8,11,35,0,1,CLOUDY
1-1-1-5,2020,8,12,28,12,3,RAINY
1-1-1-5,2020,8,13,-2,-8,5,SNOWY
1-1-1-5,2020,8,14,-2,-9,0,CLOUDY
1-1-1-5,2020,8,15,33,20,8,SUNNY
1-1-1-5,2020,8,16,47,34,11,RAINY
1-1-1-5,2020,8,17,8,7,7,SNOWY
1-1-1-5,2020,8,18,14,11,11,SNOWY
1-1-1-5,2020,8,19,22,6,9,CLOUDY
1-1-1-5,2020,8,20,16,-9,11,RAINY
1-1-1-5,2020,8,21,33,15,12,CLOUDY
1-1-1-5,2020,8,22,13,1,1,RAINY
1-1-1-5,2020,8,23,21,-4,3,SUNNY
1-1-1-5,2020,8,24,43,22,10,CLOUDY
1-1-1-5,2020,8,25,36,32,3,SUNNY
1-1-1-5,2020,8,26,39,-9,4,SUNNY
1-1-1-5,2020,8,27,30,2,5,SUNNY
1-1-1-5,2020,8,28,22,-3,0,SNOWY
1-1-1-5,2020,9,1,31,-10,3,RAINY
1-1-1-5,2020,9,2,4,0,7,SUNNY
1-1-1-5,2020,9,3,8,-4,1,RAINY
1-1-1-5,2020,9,4,46,10,8,RAINY
1-1-1-5,2020,9,5,8,-4,0,CLOUDY
1-1-1-5,2020,9,6,36,-3,6,CLOUDY
1-1-1-5,2020,9,7,43,13,2,RAINY
1-1-1-5,2020,9,8,14,4,6,RAINY
1-1-1-5,2020,9,9,39,21,12,SNOWY
1-1-1-5,2020,9,10,11,8,6,CLOUDY
1-1-1-5,2020,9,11,10,-4,0,SNOWY
1-1-1-5,2020,9,12,0,-9,9,SNOWY
1-1-1-5,2020,9,13,41,19,7,SUNNY
1-1-1-5,2020,9,14,36,13,2,SUNNY
1-1-1-5,2020,9,15,13,11,0,CLOUDY
1-1-1-5,2020,9,16,18,5,2,RAINY
1-1-1-5,2020,9,17,-3,-9,0,SUNNY
1-1-1-5,2020,9,18,-6,-9,6,CLOUDY
1-1-1-5,2020,9,19,40,26,9,SUNNY
1-1-1-5,2020,9,20,47,9,6,SUNNY
1-1-1-5,2020,9,21,-1,-9,9,RAINY
1-1-1-5,2020,9,22,19,-5,3,RAINY
1-1-1-5,2020,9,23,-2,-7,7,SUNNY
1-1-1-5,2020,9,24,2,-6,7,CLOUDY
1-1-1-5,2020,9,25,40,18,12,SNOWY
1-1-1-5,2020,9,26,14,13,0,CLOUDY
1-1-1-5,2020,9,27,48,26,9,SUNNY
1-1-1-5,2020,9,28,48,33,10,RAINY
1-1-1-5,2020,10,1,15,-7,0,SUNNY
1-1-1-5,2020,10,2,46,27,2,SUNNY
1-1-1-5,2020,10,3,19,-2,4,RAINY
1-1-1-5,2020,10,4,-2,-8,0,SNOWY
1-1-1-5,2020,10,5,-9,-10,3,SUNNY
1-1-1-5,2020,10,6,47,17,6,RAINY
1-1-1-5,2020,10,7,17,-3,3,SNOWY
1-1-1-5,2020,10,8,39,39,9,CLOUDY
1-1-1-5,2020,10,9,20,1,6,RAINY
1-1-1-5,2020,10,10,37,-1,3,SUNNY
1-1-1-5,2020,10,11,49,-6,11,SNOWY
1-1-1-5,2020,10,12,48,4,10,CLOUDY
1-1-1-5,2020,10,13,-9,-10,7,SNOWY
1-1-1-5,2020,10,14,30,11,9,CLOUDY
1-1-1-5,2020,10,15,24,19,9,CLOUDY
1-1-1-5,2020,10,16,6,-4,7,CLOUDY
1-1-1-5,2020,10,17,8,-10,7,SNOWY
1-1-1-5,2020,10,18,41,14,6,SNOWY
1-1-1-5,2020,10,19,11,3,8,RAINY
1-1-1-5,2020,10,20,20,10,6,SNOWY
1-1-1-5,2020,10,21,16,14,0,SUNNY
1-1-1-5,2020,10,22,39,-4,5,CLOUDY
1-1-1-5,2020,10,23,10,-7,9,SUNNY
1-1-1-5,2020,10,24,29,7,2,CLOUDY
1-1-1-5,2020,10,25,21,19,10,SUNNY
1-1-1-5,2020,10,26,10,4,4,SNOWY
1-1-1-5,2020,10,27,10,-8,11,SNOWY
1-1-1-5,2020,10,28,28,-10,7,CLOUDY
1-1-1-5,2020,11,1,22,19,9,SUNNY
1-1-1-5,2020,11,2,41,15,12,SNOWY
1-1-1-5,2020,11,3,36,1,8,SNOWY
1-1-1-5,2020,11,4,17,7,2,RAINY
1-1-1-5,2020,11,5,41,-10,12,CLOUDY
1-1-1-5,2020,11,6,20,9,12,SNOWY
1-1-1-5,2020,11,7,-8,-10,5,RAINY
1-1-1-5,2020,11,8,36,34,12,CLOUDY
1-1-1-5,2020,11,9,28,-1,8,SNOWY
1-1-1-5,2020,11,10,-9,-10,6,RAINY
1-1-1-5,2020,11,11,36,32,3,SNOWY
1-1-1-5,2020,11,12,33,18,7,CLOUDY
1-1-1-5,2020,11,13,-9,-10,1,RAINY
1-1-1-5,2020,11,14,26,25,7,SUNNY
1-1-1-5,2020,11,15,-1,-10,10,SNOWY
1-1-1-5,2020,11,16,-4,-7,12,SUNNY
1-1-1-5,2020,11,17,5,-4,11,SUNNY
1-1-1-5,2020,11,18,19,16,5,CLOUDY
1-1-1-5,2020,11,19,-10,-10,0,RAINY
1-1-1-5,2020,11,20,24,-6,2,CLOUDY
1-1-1-5,2020,11,21,9,-8,7,CLOUDY
1-1-1-5,2020,11,22,13,-7,0,SNOWY
1-1-1-5,2020,11,23,40,30,7,SNOWY
1-1-1-5,2020,11,24,-9,-10,11,CLOUDY
1-1-1-5,2020,11,25,41,-5,7,SNOWY
1-1-1-5,2020,11,26,-10,-10,1,CLOUDY
1-1-1-5,2020,11,27,3,-5,8,CLOUDY
1-1-1-5,2020,11,28,3,-3,1,RAINY
1-1-1-5,2020,12,1,18,-8,3,SNOWY
1-1-1-5,2020,12,2,49,-9,12,RAINY
1-1-1-5,2020,12,3,23,-4,5,SNOWY
1-1-1-5,2020,12,4,14,10,0,CLOUDY
1-1-1-5,2020,12,5,41,-9,8,CLOUDY
1-1-1-5,2020,12,6,12,8,7,SUNNY
1-1-1-5,2020,12,7,-7,-8,3,RAINY
1-1-1-5,2020,12,8,24,10,12,CLOUDY
1-1-1-5,2020,12,9,20,3,2,RAINY
1-1-1-5,2020,12,10,24,20,3,SUNNY
1-1-1-5,2020,12,11,7,3,2,SNOWY
1-1-1-5,2020,12,12,48,-3,0,SUNNY
1-1-1-5,2020,12,13,-2,-6,10,RAINY
1-1-1-5,2020,12,14,-7,-8,3,SNOWY
1-1-1-5,2020,12,15,38,28,12,CLOUDY
1-1-1-5,2020,12,16,21,-3,12,SNOWY
1-1-1-5,2020,12,17,1,-4,12,RAINY
1-1-1-5,2020,12,18,36,14,12,SUNNY
1-1-1-5,2020,12,19,36,18,4,SUNNY
1-1-1-5,2020,12,20,3,-2,1,CLOUDY
1-1-1-5,2020,12,21,5,3,9,SNOWY
1-1-1-5,2020,12,22,29,27,10,SUNNY
1-1-1-5,2020,12,23,35,17,1,SNOWY
1-1-1-5,2020,12,24,2,-7,3,CLOUDY
1-1-1-5,2020,12,25,33,3,2,RAINY
1-1-1-5,2020,12,26,31,26,10,CLOUDY
1-1-1-5,2020,12,27,15,0,12,RAINY
1-1-1-5,2020,12,28,8,-1,6,SUNNY
1-1-1-6,2020,1,1,-1,-2,8,CLOUDY
1-1-1-6,2020,1,2,7,0,8,SNOWY
1-1-1-6,2020,1,3,17,3,6,RAINY
1-1-1-6,2020,1,4,44,33,9,SUNNY
1-1-1-6,2020,1,5,7,-7,7,SNOWY
1-1-1-6,2020,1,6,19,0,5,RAINY
1-1-1-6,2020,1,7,12,-4,8,CLOUDY
1-1-1-6,2020,1,8,46,19,9,CLOUDY
1-1-1-6,2020,1,9,49,-8,4,RAINY
1-1-1-6,2020,1,10,50,38,12,SUNNY
1-1-1-6,2020,1,11,41,-2,10,RAINY
1-1-1-6,2020,1,12,-6,-9,12,SUNNY
1-1-1-6,2020,1,13,36,18,0,SUNNY
1-1-1-6,2020,1,14,6,0,10,SNOWY
1-1-1-6,2020,1,15,6,-1,6,RAINY
1-1-1-6,2020,1,16,-3,-6,9,CLOUDY
1-1-1-6,2020,1,17,0,-6,3,SNOWY
1-1-1-6,2020,1,18,41,-1,6,SUNNY
1-1-1-6,2020,1,19,49,2,0,CLOUDY
1-1-1-6,2020,1,20,13,7,10,SUNNY
1-1-1-6,2020,1,21,31,6,11,RAINY
1-1-1-6,2020,1,22,27,8,4,RAINY
1-1-1-6,2020,1,23,13,12,0,SUNNY
1-1-1-6,2020,1,24,36,-1,8,SUNNY
1-1-1-6,2020,1,25,11,8,0,SUNNY
1-1-1-6,2020,1,26,-6,-10,1,RAINY
1-1-1-6,2020,1,27,19,0,0,CLOUDY
1-1-1-6,2020,1,28,7,-7,9,SUNNY
1-1-1-6,2020,2,1,-5,-8,3,RAINY
1-1-1-6,2020,2,2,25,-9,6,CLOUDY
1-1-1-6,2020,2,3,36,32,9,RAINY
1-1-1-6,2020,2,4,-2,-3,8,SUNNY
1-1-1-6,2020,2,5,-4,-10,9,SUNNY
1-1-1-6,2020,2,6,11,-2,10,SUNNY
1-1-1-6,2020,2,7,16,0,2,SNOWY
1-1-1-6,2020,2,8,39,29,12,RAINY
1-1-1-6,2020,2,9,-2,-4,8,SNOWY
1-1-1-6,2020,2,10,10,9,6,SUNNY
1-1-1-6,2020,2,11,34,-7,4,CLOUDY
1-1-1-6,2020,2,12,30,24,6,CLOUDY
1-1-1-6,2020,2,13,42,36,11,SNOWY
1-1-1-6,2020,2,14,13,9,6,RAINY
1-1-1-6,2020,2,15,10,3,2,SNOWY
1-1-1-6,2020,2,16,24,20,6,SUNNY
1-1-1-6,2020,2,17,49,28,9,SNOWY
1-1-1-6,2020,2,18,37,7,7,SNOWY
1-1-1-6,2020,2,19,13,6,6,RAINY
1-1-1-6,2020,2,20,12,-10,0,RAINY
1-1-1-6,2020,2,21,40,5,8,SUNNY
1-1-1-6,2020,2,22,7,-7,11,SNOWY
1-1-1-6,2020,2,23,20,-6,6,SNOWY
1-1-1-6,2020,2,24,47,-3,12,SNOWY
1-1-1-6,2020,2,25,28,-4,5,RAINY
1-1-1-6,2020,2,26,49,46,4,SNOWY
1-1-1-6,2020,2,27,24,16,8,CLOUDY
1-1-1-6,2020,2,28,-9,-10,3,SUNNY
1-1-1-6,2020,3,1,14,0,2,SUNNY
1-1-1-6,2020,3,2,42,19,10,SUNNY
1-1-1-6,2020,3,3,3,-3,8,SUNNY
1-1-1-6,2020,3,4,-2,-5,0,RAINY
1-1-1-6,2020,3,5,18,-2,5,RAINY
1-1-1-6,2020,3,6,27,-1,8,SNOWY
1-1-1-6,2020,3,7,13,-5,5,SNOWY
1-1-1-6,2020,3,8,22,9,4,SUNNY
1-1-1-6,2020,3,9,17,-5,3,SUNNY
1-1-1-6,2020,3,10,-6,-9,12,CLOUDY
1-1-1-6,2020,3,11,10,-1,1,CLOUDY
1-1-1-6,2020,3,12,18,16,3,CLOUDY
1-1-1-6,2020,3,13,0,-8,12,RAINY
1-1-1-6,2020,3,14,31,-8,8,RAINY
1-1-1-6,2020,3,15,26,14,1,SUNNY
1-1-1-6,2020,3,16,23,-5,1,RAINY
1-1-1-6,2020,3,17,36,15,9,CLOUDY
1-1-1-6,2020,3,18,34,31,10,RAINY
1-1-1-6,2020,3,19,28,14,1,CLOUDY
1-1-1-6,2020,3,20,3,-3,11,SUNNY
1-1-1-6,2020,3,21,0,-1,7,SNOWY
1-1-1-6,2020,3,22,-4,-10,5,SUNNY
1-1-1-6,2020,3,23,20,15,1,SUNNY
1-1-1-6,2020,3,24,-1,-2,11,CLOUDY
1-1-1-6,2020,3,25,-4,-7,6,SNOWY
1-1-1-6,2020,3,26,47,-8,10,CLOUDY
1-1-1-6,2020,3,27,-6,-9,0,SUNNY
1-1-1-6,2020,3,28,20,0,3,CLOUDY
1-1-1-6,2020,4,1,28,15,10,CLOUDY
1-1-1-6,2020,4,2,27,1,10,CLOUDY
1-1-1-6,2020,4,3,23,-4,11,RAINY
1-1-1-6,2020,4,4,20,20,10,SNOWY
1-1-1-6,2020,4,5,26,24,0,RAINY
1-1-1-6,2020,4,6,31,0,10,SUNNY
1-1-1-6,2020,4,7,48,21,5,SNOWY
1-1-1-6,2020,4,8,35,26,6,SUNNY
1-1-1-6,2020,4,9,34,16,1,SUNNY
1-1-1-6,2020,4,10,41,3,10,CLOUDY
1-1-1-6,2020,4,11,23,3,2,SUNNY
1-1-1-6,2020,4,12,33,-1,7,CLOUDY
1-1-1-6,2020,4,13,7,-4,11,CLOUDY
1-1-1-6,2020,4,14,-2,-3,11,CLOUDY
1-1-1-6,2020,4,15,38,-5,6,SNOWY
1-1-1-6,2020,4,16,-9,-10,10,SNOWY
1-1-1-6,2020,4,17,24,2,0,SNOWY
1-1-1-6,2020,4,18,-2,-4,9,CLOUDY
1-1-1-6,2020,4,19,37,23,0,SNOWY
1-1-1-6,2020,4,20,20,-4,5,SUNNY
1-1-1-6,2020,4,21,-10,-10,4,CLOUDY
1-1-1-6,2020,4,22,-10,-10,12,RAINY
1-1-1-6,2020,4,23,20,18,8,RAINY
1-1-1-6,2020,4,24,44,16,1,SUNNY
1-1-1-6,2020,4,25,22,14,3,RAINY
1-1-1-6,2020,4,26,33,3,0,SNOWY
1-1-1-6,2020,4,27,-6,-10,11,SNOWY
1-1-1-6,2020,4,28,14,3,9,RAINY
1-1-1-6,2020,5,1,10,4,10,RAINY
1-1-1-6,2020,5,2,33,30,6,RAINY
1-1-1-6,2020,5,3,9,-10,5,SUNNY
1-1-1-6,2020,5,4,49,7,9,SUNNY
1-1-1-6,2020,5,5,2,-6,1,SUNNY
1-1-1-6,2020,5,6,33,12,4,RAINY
1-1-1-6,2020,5,7,22,-4,12,CLOUDY
1-1-1-6,2020,5,8,41,-3,1,RAINY
1-1-1-6,2020,5,9,2,-7,6,SNOWY
1-1-1-6,2020,5,10,49,-6,5,SUNNY
1-1-1-6,2020,5,11,4,-6,9,RAINY
1-1-1-6,2020,5,12,49,38,8,CLOUDY
1-1-1-6,2020,5,13,26,0,11,RAINY
1-1-1-6,2020,5,14,49,39,1,RAINY
1-1-1-6,2020,5,15,8,6,2,SNOWY
1-1-1-6,2020,5,16,42,6,6,RAINY
1-1-1-6,2020,5,17,47,7,10,SNOWY
1-1-1-6,2020,5,18,-3,-7,5,RAINY
1-1-1-6,2020,5,19,-5,-6,5,SNOWY
1-1-1-6,2020,5,20,25,-6,12,SNOWY
1-1-1-6,2020,5,21,27,2,10,SNOWY
1-1-1-6,2020,5,22,-9,-10,1,SUNNY
1-1-1-6,2020,5,23,32,3,3,RAINY
1-1-1-6,2020,5,24,13,11,5,SNOWY
1-1-1-6,2020,5,25,3,-9,3,SNOWY
1-1-1-6,2020,5,26,-2,-9,5,CLOUDY
1-1-1-6,2020,5,27,-7,-10,5,CLOUDY
1-1-1-6,2020,5,28,47,-2,8,RAINY
1-1-1-6,2020,6,1,39,12,5,SUNNY
1-1-1-6,2020,6,2,-8,-9,7,SUNNY
1-1-1-6,2020,6,3,40,34,8,SNOWY
1-1-1-6,2020,6,4,14,11,2,CLOUDY
1-1-1-6,2020,6,5,44,37,12,SNOWY
1-1-1-6,2020,6,6,25,18,0,RAINY
1-1-1-6,2020,6,7,48,20,9,CLOUDY
1-1-1-6,2020,6,8,13,-9,3,CLOUDY
1-1-1-6,2020,6,9,41,34,12,SNOWY
1-1-1-6,2020,6,10,-5,-8,7,SNOWY
1-1-1-6,2020,6,11,24,21,6,SUNNY
1-1-1-6,2020,6,12,-6,-9,1,SUNNY
1-1-1-6,2020,6,13,37,15,1,CLOUDY
1-1-1-6,2020,6,14,34,-2,10,SNOWY
1-1-1-6,2020,6,15,11,8,2,CLOUDY
1-1-1-6,2020,6,16,15,3,10,RAINY
1-1-1-6,2020,6,17,23,8,9,RAINY
1-1-1-6,2020,6,18,29,-10,12,SUNNY
1-1-1-6,2020,6,19,0,-7,8,SNOWY
1-1-1-6,2020,6,20,15,-9,10,CLOUDY
1-1-1-6,2020,6,21,45,33,6,CLOUDY
1-1-1-6,2020,6,22,5,-1,5,RAINY
1-1-1-6,2020,6,23,3,3,9,RAINY
1-1-1-6,2020,6,24,24,3,11,SNOWY
1-1-1-6,2020,6,25,35,7,9,SNOWY
1-1-1-6,2020,6,26,-1,-8,11,SNOWY
1-1-1-6,2020,6,27,23,0,10,SUNNY
1-1-1-6,2020,6,28,-2,-9,3,SNOWY
1-1-1-6,2020,7,1,39,37,5,RAINY
1-1-1-6,2020,7,2,18,0,9,SUNNY
1-1-1-6,2020,7,3,5,-9,12,SUNNY
1-1-1-6,2020,7,4,2,-5,9,SNOWY
1-1-1-6,2020,7,5,-9,-10,2,CLOUDY
1-1-1-6,2020,7,6,46,46,4,SNOWY
1-1-1-6,2020,7,7,38,36,11,RAINY
1-1-1-6,2020,7,8,-9,-10,4,CLOUDY
1-1-1-6,2020,7,9,37,31,4,RAINY
1-1-1-6,2020,7,10,28,3,8,SNOWY
1-1-1-6,2020,7,11,17,-10,8,SUNNY
1-1-1-6,2020,7,12,45,27,1,RAINY
1-1-1-6,2020,7,13,3,1,8,SUNNY
1-1-1-6,2020,7,14,16,-4,1,RAINY
1-1-1-6,2020,7,15,16,6,11,SUNNY
1-1-1-6,2020,7,16,26,7,7,CLOUDY
1-1-1-6,2020,7,17,19,14,7,CLOUDY
1-1-1-6,2020,7,18,44,9,12,SNOWY
1-1-1-6,2020,7,19,17,8,11,SUNNY
1-1-1-6,2020,7,20,10,10,0,SUNNY
1-1-1-6,2020,7,21,20,-1,6,CLOUDY
1-1-1-6,2020,7,22,30,-2,11,RAINY
1-1-1-6,2020,7,23,44,37,6,SUNNY
1-1-1-6,2020,7,24,33,27,2,RAINY
1-1-1-6,2020,7,25,0,-9,9,CLOUDY
1-1-1-6,2020,7,26,40,5,6,SUNNY
1-1-1-6,2020,7,27,3,0,5,CLOUDY
1-1-1-6,2020,7,28,27,9,0,RAINY
1-1-1-6,2020,8,1,-10,-10,8,SNOWY
1-1-1-6,2020,8,2,8,-9,0,CLOUDY
1-1-1-6,2020,8,3,-7,-9,7,RAINY
1-1-1-6,2020,8,4,-10,-10,6,SNOWY
1-1-1-6,2020,8,5,8,3,0,SNOWY
1-1-1-6,2020,8,6,34,6,3,SNOWY
1-1-1-6,2020,8,7,12,-5,0,CLOUDY
1-1-1-6,2020,8,8,2,-6,4,SNOWY
1-1-1-6,2020,8,9,19,9,8,SNOWY
1-1-1-6,2020,8,10,21,11,3,RAINY
1-1-1-6,2020,8,11,28,-5,1,CLOUDY
1-1-1-6,2020,8,12,43,41,7,RAINY
1-1-1-6,2020,8,13,14,13,8,CLOUDY
1-1-1-6,2020,8,14,49,33,8,SNOWY
1-1-1-6,2020,8,15,27,-1,6,SUNNY
1-1-1-6,2020,8,16,-2,-7,12,CLOUDY
1-1-1-6,2020,8,17,34,-9,6,SNOWY
1-1-1-6,2020,8,18,21,18,8,SNOWY
1-1-1-6,2020,8,19,16,16,10,RAINY
1-1-1-6,2020,8,20,-2,-7,12,SUNNY
1-1-1-6,2020,8,21,48,12,2,SNOWY
1-1-1-6,2020,8,22,38,11,1,SNOWY
1-1-1-6,2020,8,23,13,5,10,CLOUDY
1-1-1-6,2020,8,24,27,-1,11,RAINY
1-1-1-6,2020,8,25,20,-3,1,RAINY
1-1-1-6,2020,8,26,26,21,11,CLOUDY
1-1-1-6,2020,8,27,26,16,6,SNOWY
1-1-1-6,2020,8,28,-10,-10,1,SNOWY
1-1-1-6,2020,9,1,27,10,9,SUNNY
1-1-1-6,2020,9,2,19,0,10,RAINY
1-1-1-6,2020,9,3,31,29,7,CLOUDY
1-1-1-6,2020,9,4,2,-3,3,RAINY
1-1-1-6,2020,9,5,7,-6,8,SNOWY
1-1-1-6,2020,9,6,-8,-10,5,CLOUDY
1-1-1-6,2020,9,7,-8,-9,4,SNOWY
1-1-1-6,2020,9,8,35,-9,8,RAINY
1-1-1-6,2020,9,9,8,5,3,SUNNY
1-1-1-6,2020,9,10,22,2,1,CLOUDY
1-1-1-6,2020,9,11,37,-9,2,RAINY
1-1-1-6,2020,9,12,1,-2,6,CLOUDY
1-1-1-6,2020,9,13,21,-7,3,SNOWY
1-1-1-6,2020,9,14,0,-2,6,SNOWY
1-1-1-6,2020,9,15,4,-8,4,RAINY
1-1-1-6,2020,9,16,49,31,10,RAINY
1-1-1-6,2020,9,17,14,-1,3,CLOUDY
1-1-1-6,2020,9,18,33,4,0,RAINY
1-1-1-6,2020,9,19,-5,-7,4,SNOWY
1-1-1-6,2020,9,20,18,11,9,SUNNY
1-1-1-6,2020,9,21,26,2,8,CLOUDY
1-1-1-6,2020,9,22,49,43,9,CLOUDY
1-1-1-6,2020,9,23,9,9,8,SNOWY
1-1-1-6,2020,9,24,18,13,12,SNOWY
1-1-1-6,2020,9,25,-6,-8,10,RAINY
1-1-1-6,2020,9,26,43,14,3,RAINY
1-1-1-6,2020,9,27,-5,-8,9,SNOWY
1-1-1-6,2020,9,28,23,12,10,SUNNY
1-1-1-6,2020,10,1,5,5,10,SNOWY
1-1-1-6,2020,10,2,35,7,1,CLOUDY
1-1-1-6,2020,10,3,25,23,1,SUNNY
1-1-1-6,2020,10,4,33,27,11,CLOUDY
1-1-1-6,2020,10,5,43,15,8,SUNNY
1-1-1-6,2020,10,6,-7,-9,9,SUNNY
1-1-1-6,2020,10,7,41,12,2,RAINY
1-1-1-6,2020,10,8,-10,-10,6,SNOWY
1-1-1-6,2020,10,9,30,20,1,CLOUDY
1-1-1-6,2020,10,10,12,-1,12,CLOUDY
1-1-1-6,2020,10,11,-9,-10,5,SUNNY
1-1-1-6,2020,10,12,13,0,10,RAINY
1-1-1-6,2020,10,13,6,0,5,SUNNY
1-1-1-6,2020,10,14,50,19,5,RAINY
1-1-1-6,2020,10,15,48,6,7,RAINY
1-1-1-6,2020,10,16,43,23,3,CLOUDY
1-1-1-6,2020,10,17,-7,-9,9,SNOWY
1-1-1-6,2020,10,18,-10,-10,4,SNOWY
1-1-1-6,2020,10,19,33,24,11,CLOUDY
1-1-1-6,2020,10,20,-2,-5,3,RAINY
1-1-1-6,2020,10,21,1,-10,2,SUNNY
1-1-1-6,2020,10,22,19,16,6,CLOUDY
1-1-1-6,2020,10,23,3,-9,4,RAINY
1-1-1-6,2020,10,24,-8,-10,10,SNOWY
1-1-1-6,2020,10,25,0,-4,7,CLOUDY
1-1-1-6,2020,10,26,45,40,6,CLOUDY
1-1-1-6,2020,10,27,42,31,10,CLOUDY
1-1-1-6,2020,10,28,0,-2,4,RAINY
1-1-1-6,2020,11,1,38,-8,3,RAINY
1-1-1-6,2020,11,2,35,-6,5,SUNNY
1-1-1-6,2020,11,3,24,14,11,RAINY
1-1-1-6,2020,11,4,47,4,9,SUNNY
1-1-1-6,2020,11,5,-2,-7,4,CLOUDY
1-1-1-6,2020,11,6,23,-3,11,CLOUDY
1-1-1-6,2020,11,7,26,11,10,SNOWY
1-1-1-6,2020,11,8,3,-7,5,RAINY
1-1-1-6,2020,11,9,-9,-10,8,SNOWY
1-1-1-6,2020,11,10,37,0,8,SUNNY
1-1-1-6,2020,11,11,1,0,6,RAINY
1-1-1-6,2020,11,12,9,9,5,CLOUDY
1-1-1-6,2020,11,13,7,4,10,CLOUDY
1-1-1-6,2020,11,14,-2,-8,0,SUNNY
1-1-1-6,2020,11,15,36,18,12,SUNNY
1-1-1-6,2020,11,16,-1,-7,4,SUNNY
1-1-1-6,2020,11,17,22,8,0,SNOWY
1-1-1-6,2020,11,18,0,-9,8,RAINY
1-1-1-6,2020,11,19,8,3,2,RAINY
1-1-1-6,2020,11,20,2,-7,5,RAINY
1-1-1-6,2020,11,21,18,-3,6,SNOWY
1-1-1-6,2020,11,22,-6,-7,0,RAINY
1-1-1-6,2020,11,23,40,19,5,SUNNY
1-1-1-6,2020,11,24,-5,-9,4,RAINY
1-1-1-6,2020,11,25,16,6,12,SUNNY
1-1-1-6,2020,11,26,38,19,1,SUNNY
1-1-1-6,2020,11,27,44,33,2,SUNNY
1-1-1-6,2020,11,28,27,15,4,SNOWY
1-1-1-6,2020,12,1,37,-10,1,SNOWY
1-1-1-6,2020,12,2,-4,-9,11,SNOWY
1-1-1-6,2020,12,3,50,4,2,CLOUDY
1-1-1-6,2020,12,4,39,-1,4,SNOWY
1-1-1-6,2020,12,5,50,5,2,RAINY
1-1-1-6,2020,12,6,36,2,3,CLOUDY
1-1-1-6,2020,12,7,25,-7,7,SNOWY
1-1-1-6,2020,12,8,-1,-3,3,SUNNY
1-1-1-6,2020,12,9,16,9,3,SUNNY
1-1-1-6,2020,12,10,-9,-10,4,RAINY
1-1-1-6,2020,12,11,36,17,9,CLOUDY
1-1-1-6,2020,12,12,18,-1,5,SUNNY
1-1-1-6,2020,12,13,-8,-10,11,SNOWY
1-1-1-6,2020,12,14,7,7,6,CLOUDY
1-1-1-6,2020,12,15,35,-6,9,RAINY
1-1-1-6,2020,12,16,45,-2,11,SUNNY
1-1-1-6,2020,12,17,2,-4,3,CLOUDY
1-1-1-6,2020,12,18,9,-2,12,SNOWY
1-1-1-6,2020,12,19,37,28,12,RAINY
1-1-1-6,2020,12,20,14,13,3,RAINY
1-1-1-6,2020,12,21,-5,-8,11,CLOUDY
1-1-1-6,2020,12,22,32,14,9,CLOUDY
1-1-1-6,2020,12,23,39,-1,6,CLOUDY
1-1-1-6,2020,12,24,35,14,8,SNOWY
1-1-1-6,2020,12,25,6,6,4,SUNNY
1-1-1-6,2020,12,26,29,24,6,RAINY
1-1-1-6,2020,12,27,24,18,6,RAINY
1-1-1-6,2020,12,28,6,-8,9,SUNNY
1-1-1-7,2020,1,1,-6,-8,4,CLOUDY
1-1-1-7,2020,1,2,7,-2,11,SNOWY
1-1-1-7,2020,1,3,-9,-10,4,SNOWY
1-1-1-7,2020,1,4,-1,-3,0,SNOWY
1-1-1-7,2020,1,5,16,-5,4,CLOUDY
1-1-1-7,2020,1,6,35,32,8,SUNNY
1-1-1-7,2020,1,7,40,40,10,SNOWY
1-1-1-7,2020,1,8,8,1,0,RAINY
1-1-1-7,2020,1,9,3,-7,0,SNOWY
1-1-1-7,2020,1,10,12,10,1,CLOUDY
1-1-1-7,2020,1,11,48,9,0,SNOWY
1-1-1-7,2020,1,12,13,10,4,RAINY
1-1-1-7,2020,1,13,30,26,10,RAINY
1-1-1-7,2020,1,14,17,-4,5,SNOWY
1-1-1-7,2020,1,15,26,9,0,SUNNY
1-1-1-7,2020,1,16,-3,-8,11,CLOUDY
1-1-1-7,2020,1,17,4,-10,10,RAINY
1-1-1-7,2020,1,18,44,-4,2,SUNNY
1-1-1-7,2020,1,19,-10,-10,11,SUNNY
1-1-1-7,2020,1,20,32,21,7,CLOUDY
1-1-1-7,2020,1,21,13,3,12,SUNNY
1-1-1-7,2020,1,22,20,10,9,SUNNY
1-1-1-7,2020,1,23,4,-1,8,SNOWY
1-1-1-7,2020,1,24,41,4,1,RAINY
1-1-1-7,2020,1,25,0,-7,12,SUNNY
1-1-1-7,2020,1,26,15,9,11,CLOUDY
1-1-1-7,2020,1,27,-4,-6,11,RAINY
1-1-1-7,2020,1,28,12,-4,2,SUNNY
1-1-1-7,2020,2,1,2,1,11,CLOUDY
1-1-1-7,2020,2,2,26,1,2,CLOUDY
1-1-1-7,2020,2,3,42,31,0,SUNNY
1-1-1-7,2020,2,4,43,-10,0,SNOWY
1-1-1-7,2020,2,5,43,32,3,SNOWY
1-1-1-7,2020,2,6,39,-6,1,SUNNY
1-1-1-7,2020,2,7,19,12,7,CLOUDY
1-1-1-7,2020,2,8,7,4,1,CLOUDY
1-1-1-7,2020,2,9,5,1,7,SNOWY
1-1-1-7,2020,2,10,-1,-7,10,RAINY
1-1-1-7,2020,2,11,0,-3,7,SNOWY
1-1-1-7,2020,2,12,26,-6,2,RAINY
1-1-1-7,2020,2,13,11,-3,10,CLOUDY
1-1-1-7,2020,2,14,13,7,0,SNOWY
1-1-1-7,2020,2,15,-8,-10,2,CLOUDY
1-1-1-7,2020,2,16,18,0,9,SNOWY
1-1-1-7,2020,2,17,13,10,8,CLOUDY
1-1-1-7,2020,2,18,13,-10,5,CLOUDY
1-1-1-7,2020,2,19,-1,-4,10,SNOWY
1-1-1-7,2020,2,20,39,20,3,SNOWY
1-1-1-7,2020,2,21,29,10,8,RAINY
1-1-1-7,2020,2,22,23,11,0,SNOWY
1-1-1-7,2020,2,23,10,9,8,RAINY
1-1-1-7,2020,2,24,1,-8,6,SUNNY
1-1-1-7,2020,2,25,30,23,6,SUNNY
1-1-1-7,2020,2,26,44,2,7,CLOUDY
1-1-1-7,2020,2,27,5,2,11,CLOUDY
1-1-1-7,2020,2,28,35,18,5,SNOWY
1-1-1-7,2020,3,1,20,-2,3,SUNNY
1-1-1-7,2020,3,2,0,-1,12,SUNNY
1-1-1-7,2020,3,3,38,-10,0,CLOUDY
1-1-1-7,2020,3,4,2,-5,6,SNOWY
1-1-1-7,2020,3,5,44,35,0,SUNNY
1-1-1-7,2020,3,6,27,25,0,CLOUDY
1-1-1-7,2020,3,7,41,41,8,SUNNY
1-1-1-7,2020,3,8,38,32,11,CLOUDY
1-1-1-7,2020,3,9,41,22,11,SUNNY
1-1-1-7,2020,3,10,19,9,3,CLOUDY
1-1-1-7,2020,3,11,34,0,0,CLOUDY
1-1-1-7,2020,3,12,-5,-7,2,SUNNY
1-1-1-7,2020,3,13,41,11,2,CLOUDY
1-1-1-7,2020,3,14,6,-6,8,RAINY
1-1-1-7,2020,3,15,36,13,9,SNOWY
1-1-1-7,2020,3,16,35,9,4,SNOWY
1-1-1-7,2020,3,17,21,-4,0,SNOWY
1-1-1-7,2020,3,18,4,-5,2,CLOUDY
1-1-1-7,2020,3,19,5,5,6,CLOUDY
1-1-1-7,2020,3,20,35,-6,5,CLOUDY
1-1-1-7,2020,3,21,28,5,12,RAINY
1-1-1-7,2020,3,22,-6,-9,10,SUNNY
1-1-1-7,2020,3,23,42,14,6,SNOWY
1-1-1-7,2020,3,24,29,-4,5,SUNNY
1-1-1-7,2020,3,25,0,-7,11,SUNNY
1-1-1-7,2020,3,26,-2,-10,2,CLOUDY
1-1-1-7,2020,3,27,47,33,3,RAINY
1-1-1-7,2020,3,28,34,32,12,RAINY
1-1-1-7,2020,4,1,30,14,5,CLOUDY
1-1-1-7,2020,4,2,-6,-10,2,SUNNY
1-1-1-7,2020,4,3,44,43,3,SUNNY
1-1-1-7,2020,4,4,44,12,4,SNOWY
1-1-1-7,2020,4,5,21,3,5,SNOWY
1-1-1-7,2020,4,6,-1,-6,4,SUNNY
1-1-1-7,2020,4,7,47,-2,0,SUNNY
1-1-1-7,2020,4,8,42,15,6,SNOWY
1-1-1-7,2020,4,9,-9,-10,11,CLOUDY
1-1-1-7,2020,4,10,25,20,9,SUNNY
1-1-1-7,2020,4,11,11,10,1,CLOUDY
1-1-1-7,2020,4,12,28,4,0,RAINY
1-1-1-7,2020,4,13,48,26,10,CLOUDY
1-1-1-7,2020,4,14,0,-6,0,SNOWY
1-1-1-7,2020,4,15,16,1,11,RAINY
1-1-1-7,2020,4,16,-3,-7,11,SUNNY
1-1-1-7,2020,4,17,14,-5,2,SNOWY
1-1-1-7,2020,4,18,34,-1,8,RAINY
1-1-1-7,2020,4,19,49,39,2,SNOWY
1-1-1-7,2020,4,20,6,5,9,SNOWY
1-1-1-7,2020,4,21,26,19,7,CLOUDY
1-1-1-7,2020,4,22,22,-1,11,CLOUDY
1-1-1-7,2020,4,23,39,-5,2,RAINY
1-1-1-7,2020,4,24,-3,-7,7,SUNNY
1-1-1-7,2020,4,25,-4,-9,3,SNOWY
1-1-1-7,2020,4,26,24,0,7,CLOUDY
1-1-1-7,2020,4,27,24,15,9,RAINY
1-1-1-7,2020,4,28,39,9,5,CLOUDY
1-1-1-7,2020,5,1,12,7,2,SNOWY
1-1-1-7,2020,5,2,26,26,9,CLOUDY
1-1-1-7,2020,5,3,16,4,7,SUNNY
1-1-1-7,2020,5,4,41,8,8,RAINY
1-1-1-7,2020,5,5,-4,-5,9,SNOWY
1-1-1-7,2020,5,6,47,32,10,RAINY
1-1-1-7,2020,5,7,34,10,0,SUNNY
1-1-1-7,2020,5,8,43,-1,11,SUNNY
1-1-1-7,2020,5,9,40,39,5,RAINY
1-1-1-7,2020,5,10,20,-5,11,CLOUDY
1-1-1-7,2020,5,11,0,-10,7,SNOWY
1-1-1-7,2020,5,12,1,-8,3,RAINY
1-1-1-7,2020,5,13,9,-6,4,CLOUDY
1-1-1-7,2020,5,14,37,-8,2,RAINY
1-1-1-7,2020,5,15,8,-6,3,SUNNY
1-1-1-7,2020,5,16,13,-6,0,RAINY
1-1-1-7,2020,5,17,-3,-9,0,SUNNY
1-1-1-7,2020,5,18,-5,-7,8,RAINY
1-1-1-7,2020,5,19,32,-6,4,SUNNY
1-1-1-7,2020,5,20,6,3,11,RAINY
1-1-1-7,2020,5,21,18,0,9,CLOUDY
1-1-1-7,2020,5,22,-8,-9,5,SUNNY
1-1-1-7,2020,5,23,21,14,7,CLOUDY
1-1-1-7,2020,5,24,20,-2,11,CLOUDY
1-1-1-7,2020,5,25,42,39,3,SUNNY
1-1-1-7,2020,5,26,6,0,12,SUNNY
1-1-1-7,2020,5,27,13,-2,12,SUNNY
1-1-1-7,2020,5,28,32,11,4,SUNNY
1-1-1-7,2020,6,1,21,2,3,SUNNY
1-1-1-7,2020,6,2,25,0,1,CLOUDY
1-1-1-7,2020,6,3,-2,-3,3,RAINY
1-1-1-7,2020,6,4,12,7,3,SUNNY
1-1-1-7,2020,6,5,25,2,2,SUNNY
1-1-1-7,2020,6,6,6,-1,0,SNOWY
1-1-1-7,2020,6,7,24,-2,0,SUNNY
1-1-1-7,2020,6,8,19,-5,12,CLOUDY
1-1-1-7,2020,6,9,48,41,8,SNOWY
1-1-1-7,2020,6,10,34,-4,4,SUNNY
1-1-1-7,2020,6,11,1,-3,1,RAINY
1-1-1-7,2020,6,12,-4,-10,1,RAINY
1-1-1-7,2020,6,13,-10,-10,9,SNOWY
1-1-1-7,2020,6,14,7,4,4,SUNNY
1-1-1-7,2020,6,15,15,-4,6,RAINY
1-1-1-7,2020,6,16,24,-6,7,CLOUDY
1-1-1-7,2020,6,17,-3,-8,12,SUNNY
1-1-1-7,2020,6,18,31,29,4,CLOUDY
1-1-1-7,2020,6,19,-9,-10,8,SNOWY
1-1-1-7,2020,6,20,0,-7,5,SNOWY
1-1-1-7,2020,6,21,23,19,6,RAINY
1-1-1-7,2020,6,22,-10,-10,6,RAINY
1-1-1-7,2020,6,23,26,22,1,SNOWY
1-1-1-7,2020,6,24,42,22,2,SUNNY
1-1-1-7,2020,6,25,26,26,3,CLOUDY
1-1-1-7,2020,6,26,-9,-10,3,CLOUDY
1-1-1-7,2020,6,27,4,-8,2,RAINY
1-1-1-7,2020,6,28,8,-5,11,SUNNY
1-1-1-7,2020,7,1,36,21,5,RAINY
1-1-1-7,2020,7,2,38,38,5,SUNNY
1-1-1-7,2020,7,3,26,-10,8,CLOUDY
1-1-1-7,2020,7,4,-2,-8,12,SUNNY
1-1-1-7,2020,7,5,13,0,12,SNOWY
1-1-1-7,2020,7,6,40,1,11,RAINY
1-1-1-7,2020,7,7,45,27,11,RAINY
1-1-1-7,2020,7,8,35,31,1,SNOWY
1-1-1-7,2020,7,9,2,-3,12,RAINY
1-1-1-7,2020,7,10,47,19,11,CLOUDY
1-1-1-7,2020,7,11,25,-9,9,RAINY
1-1-1-7,2020,7,12,43,-5,7,CLOUDY
1-1-1-7,2020,7,13,-6,-7,3,SUNNY
1-1-1-7,2020,7,14,3,1,2,RAINY
1-1-1-7,2020,7,15,40,-7,12,SNOWY
1-1-1-7,2020,7,16,30,19,4,CLOUDY
1-1-1-7,2020,7,17,36,16,11,SUNNY
1-1-1-7,2020,7,18,-8,-9,10,SNOWY
1-1-1-7,2020,7,19,-3,-5,9,SNOWY
1-1-1-7,2020,7,20,5,-2,10,SNOWY
1-1-1-7,2020,7,21,3,-4,12,RAINY
1-1-1-7,2020,7,22,41,34,6,SNOWY
1-1-1-7,2020,7,23,12,8,1,RAINY
1-1-1-7,2020,7,24,15,-1,6,SNOWY
1-1-1-7,2020,7,25,1,-5,10,SNOWY
1-1-1-7,2020,7,26,9,-8,2,SNOWY
1-1-1-7,2020,7,27,14,-8,3,SUNNY
1-1-1-7,2020,7,28,39,4,2,RAINY
1-1-1-7,2020,8,1,14,-6,12,SNOWY
1-1-1-7,2020,8,2,46,45,6,RAINY
1-1-1-7,2020,8,3,47,-10,5,CLOUDY
1-1-1-7,2020,8,4,21,-2,4,SNOWY
1-1-1-7,2020,8,5,30,9,3,SNOWY
1-1-1-7,2020,8,6,13,-8,5,RAINY
1-1-1-7,2020,8,7,24,13,0,CLOUDY
1-1-1-7,2020,8,8,45,-7,12,SNOWY
1-1-1-7,2020,8,9,50,9,10,CLOUDY
1-1-1-7,2020,8,10,14,14,12,CLOUDY
1-1-1-7,2020,8,11,-5,-10,4,SUNNY
1-1-1-7,2020,8,12,27,6,6,SUNNY
1-1-1-7,2020,8,13,32,15,5,SUNNY
1-1-1-7,2020,8,14,36,24,1,RAINY
1-1-1-7,2020,8,15,28,10,4,CLOUDY
1-1-1-7,2020,8,16,36,36,12,CLOUDY
1-1-1-7,2020,8,17,36,3,2,SUNNY
1-1-1-7,2020,8,18,32,0,11,RAINY
1-1-1-7,2020,8,19,42,-3,4,SUNNY
1-1-1-7,2020,8,20,-4,-5,0,SNOWY
1-1-1-7,2020,8,21,-5,-6,3,SUNNY
1-1-1-7,2020,8,22,14,-4,7,RAINY
1-1-1-7,2020,8,23,6,-10,11,RAINY
1-1-1-7,2020,8,24,21,9,11,RAINY
1-1-1-7,2020,8,25,26,25,12,SUNNY
1-1-1-7,2020,8,26,3,-4,5,SUNNY
1-1-1-7,2020,8,27,-10,-10,2,RAINY
1-1-1-7,2020,8,28,12,12,11,RAINY
1-1-1-7,2020,9,1,12,10,5,SNOWY
1-1-1-7,2020,9,2,45,11,8,RAINY
1-1-1-7,2020,9,3,15,10,4,SNOWY
1-1-1-7,2020,9,4,10,1,0,CLOUDY
1-1-1-7,2020,9,5,46,22,12,CLOUDY
1-1-1-7,2020,9,6,37,8,12,CLOUDY
1-1-1-7,2020,9,7,-6,-7,3,CLOUDY
1-1-1-7,2020,9,8,48,21,7,RAINY
1-1-1-7,2020,9,9,28,3,2,SUNNY
1-1-1-7,2020,9,10,47,28,2,RAINY
1-1-1-7,2020,9,11,-9,-10,4,SNOWY
1-1-1-7,2020,9,12,39,7,7,SNOWY
1-1-1-7,2020,9,13,-6,-7,3,RAINY
1-1-1-7,2020,9,14,47,29,12,SNOWY
1-1-1-7,2020,9,15,9,-8,5,RAINY
1-1-1-7,2020,9,16,10,-9,9,CLOUDY
1-1-1-7,2020,9,17,27,-1,9,SUNNY
1-1-1-7,2020,9,18,48,-6,2,CLOUDY
1-1-1-7,2020,9,19,11,-4,1,CLOUDY
1-1-1-7,2020,9,20,-5,-10,0,CLOUDY
1-1-1-7,2020,9,21,39,31,11,RAINY
1-1-1-7,2020,9,22,17,10,0,RAINY
1-1-1-7,2020,9,23,44,39,8,SNOWY
1-1-1-7,2020,9,24,17,9,4,CLOUDY
1-1-1-7,2020,9,25,19,2,7,RAINY
1-1-1-7,2020,9,26,46,12,1,SUNNY
1-1-1-7,2020,9,27,45,42,2,CLOUDY
1-1-1-7,2020,9,28,25,20,10,SUNNY
1-1-1-7,2020,10,1,39,-10,7,SUNNY
1-1-1-7,2020,10,2,37,15,2,RAINY
1-1-1-7,2020,10,3,-6,-9,5,SUNNY
1-1-1-7,2020,10,4,22,20,8,CLOUDY
1-1-1-7,2020,10,5,40,3,11,SUNNY
1-1-1-7,2020,10,6,33,14,12,RAINY
1-1-1-7,2020,10,7,34,34,6,SUNNY
1-1-1-7,2020,10,8,29,19,11,CLOUDY
1-1-1-7,2020,10,9,8,8,2,SUNNY
1-1-1-7,2020,10,10,-1,-4,2,CLOUDY
1-1-1-7,2020,10,11,46,0,3,SUNNY
1-1-1-7,2020,10,12,15,1,11,RAINY
1-1-1-7,2020,10,13,9,4,4,SUNNY
1-1-1-7,2020,10,14,26,25,7,RAINY
1-1-1-7,2020,10,15,26,4,3,SUNNY
1-1-1-7,2020,10,16,46,44,10,CLOUDY
1-1-1-7,2020,10,17,16,11,11,RAINY
1-1-1-7,2020,10,18,47,16,2,CLOUDY
1-1-1-7,2020,10,19,-1,-5,12,CLOUDY
1-1-1-7,2020,10,20,30,13,4,SNOWY
1-1-1-7,2020,10,21,27,16,2,SNOWY
1-1-1-7,2020,10,22,-1,-10,7,CLOUDY
1-1-1-7,2020,10,23,2,-10,0,RAINY
1-1-1-7,2020,10,24,20,1,11,SNOWY
1-1-1-7,2020,10,25,11,11,2,SUNNY
1-1-1-7,2020,10,26,49,28,0,SNOWY
1-1-1-7,2020,10,27,6,-2,4,SNOWY
1-1-1-7,2020,10,28,-6,-9,12,SUNNY
1-1-1-7,2020,11,1,-5,-9,11,SUNNY
1-1-1-7,2020,11,2,10,-10,9,SUNNY
1-1-1-7,2020,11,3,39,16,4,RAINY
1-1-1-7,2020,11,4,20,-1,4,SUNNY
1-1-1-7,2020,11,5,27,27,5,CLOUDY
1-1-1-7,2020,11,6,-4,-8,12,CLOUDY
1-1-1-7,2020,11,7,19,-8,5,SNOWY
1-1-1-7,2020,11,8,17,-5,0,CLOUDY
1-1-1-7,2020,11,9,24,15,9,SUNNY
1-1-1-7,2020,11,10,48,26,4,RAINY
1-1-1-7,2020,11,11,38,38,8,RAINY
1-1-1-7,2020,11,12,1,-1,9,SNOWY
1-1-1-7,2020,11,13,44,27,11,SNOWY
1-1-1-7,2020,11,14,15,11,5,SNOWY
1-1-1-7,2020,11,15,37,6,8,SUNNY
1-1-1-7,2020,11,16,41,5,11,SUNNY
1-1-1-7,2020,11,17,36,33,5,SNOWY
1-1-1-7,2020,11,18,6,-5,0,CLOUDY
1-1-1-7,2020,11,19,21,16,10,CLOUDY
1-1-1-7,2020,11,20,50,41,9,CLOUDY
1-1-1-7,2020,11,21,6,-3,1,SUNNY
1-1-1-7,2020,11,22,0,-10,4,SNOWY
1-1-1-7,2020,11,23,-10,-10,9,RAINY
1-1-1-7,2020,11,24,8,3,4,RAINY
1-1-1-7,2020,11,25,38,13,8,CLOUDY
1-1-1-7,2020,11,26,6,5,2,SUNNY
1-1-1-7,2020,11,27,40,39,1,SNOWY
1-1-1-7,2020,11,28,30,6,7,RAINY
1-1-1-7,2020,12,1,40,21,11,RAINY
1-1-1-7,2020,12,2,8,0,11,SNOWY
1-1-1-7,2020,12,3,34,1,10,SNOWY
1-1-1-7,2020,12,4,31,9,2,CLOUDY
1-1-1-7,2020,12,5,24,14,4,SNOWY
1-1-1-7,2020,12,6,34,3,9,SUNNY
1-1-1-7,2020,12,7,44,-9,4,RAINY
1-1-1-7,2020,12,8,47,9,7,SUNNY
1-1-1-7,2020,12,9,48,-8,2,CLOUDY
1-1-1-7,2020,12,10,35,34,8,SNOWY
1-1-1-7,2020,12,11,50,-5,10,SNOWY
1-1-1-7,2020,12,12,34,2,2,CLOUDY
1-1-1-7,2020,12,13,35,35,10,CLOUDY
1-1-1-7,2020,12,14,6,1,3,SUNNY
1-1-1-7,2020,12,15,16,0,2,SUNNY
1-1-1-7,2020,12,16,-10,-10,1,SNOWY
1-1-1-7,2020,12,17,40,27,1,CLOUDY
1-1-1-7,2020,12,18,-8,-9,8,CLOUDY
1-1-1-7,2020,12,19,-4,-8,12,SUNNY
1-1-1-7,2020,12,20,17,2,12,SNOWY
1-1-1-7,2020,12,21,-7,-8,11,RAINY
1-1-1-7,2020,12,22,42,9,2,SNOWY
1-1-1-7,2020,12,23,40,27,10,SUNNY
1-1-1-7,2020,12,24,-6,-8,0,SUNNY
1-1-1-7,2020,12,25,3,-10,8,SNOWY
1-1-1-7,2020,12,26,32,29,5,RAINY
1-1-1-7,2020,12,27,46,8,1,CLOUDY
1-1-1-7,2020,12,28,6,-7,6,SUNNY
1-1-1-8,2020,1,1,5,3,0,RAINY
1-1-1-8,2020,1,2,29,29,2,SNOWY
1-1-1-8,2020,1,3,24,5,7,SUNNY
1-1-1-8,2020,1,4,4,-4,3,SNOWY
1-1-1-8,2020,1,5,7,-3,6,SUNNY
1-1-1-8,2020,1,6,36,32,5,SUNNY
1-1-1-8,2020,1,7,11,9,3,CLOUDY
1-1-1-8,2020,1,8,24,7,7,SUNNY
1-1-1-8,2020,1,9,49,36,4,CLOUDY
1-1-1-8,2020,1,10,9,-9,6,RAINY
1-1-1-8,2020,1,11,36,3,12,SNOWY
1-1-1-8,2020,1,12,6,1,10,RAINY
1-1-1-8,2020,1,13,-2,-3,8,SUNNY
1-1-1-8,2020,1,14,39,9,12,RAINY
1-1-1-8,2020,1,15,48,11,3,SUNNY
1-1-1-8,2020,1,16,24,4,11,SUNNY
1-1-1-8,2020,1,17,9,-3,12,SUNNY
1-1-1-8,2020,1,18,38,35,10,SNOWY
1-1-1-8,2020,1,19,2,-10,6,SNOWY
1-1-1-8,2020,1,20,28,10,12,SNOWY
1-1-1-8,2020,1,21,-5,-10,9,CLOUDY
1-1-1-8,2020,1,22,46,7,1,SNOWY
1-1-1-8,2020,1,23,10,-8,11,SUNNY
1-1-1-8,2020,1,24,3,1,12,SNOWY
1-1-1-8,2020,1,25,28,-7,3,SNOWY
1-1-1-8,2020,1,26,33,13,0,RAINY
1-1-1-8,2020,1,27,15,6,5,RAINY
1-1-1-8,2020,1,28,44,2,0,SUNNY
1-1-1-8,2020,2,1,37,18,4,CLOUDY
1-1-1-8,2020,2,2,26,-6,12,CLOUDY
1-1-1-8,2020,2,3,12,10,3,SUNNY
1-1-1-8,2020,2,4,13,-9,3,SNOWY
1-1-1-8,2020,2,5,43,-3,4,RAINY
1-1-1-8,2020,2,6,-4,-8,6,CLOUDY
1-1-1-8,2020,2,7,25,12,7,RAINY
1-1-1-8,2020,2,8,6,1,3,RAINY
1-1-1-8,2020,2,9,20,0,8,SUNNY
1-1-1-8,2020,2,10,5,-3,0,SNOWY
1-1-1-8,2020,2,11,38,-9,4,CLOUDY
1-1-1-8,2020,2,12,47,13,6,SUNNY
1-1-1-8,2020,2,13,2,2,1,CLOUDY
1-1-1-8,2020,2,14,18,-3,4,SUNNY
1-1-1-8,2020,2,15,26,15,4,RAINY
1-1-1-8,2020,2,16,50,18,7,SUNNY
1-1-1-8,2020,2,17,20,9,9,CLOUDY
1-1-1-8,2020,2,18,10,4,11,CLOUDY
1-1-1-8,2020,2,19,10,3,8,RAINY
1-1-1-8,2020,2,20,7,5,4,SNOWY
1-1-1-8,2020,2,21,6,3,2,SNOWY
1-1-1-8,2020,2,22,12,-5,1,SNOWY
1-1-1-8,2020,2,23,1,-3,7,RAINY
1-1-1-8,2020,2,24,30,27,4,RAINY
1-1-1-8,2020,2,25,-6,-9,6,RAINY
1-1-1-8,2020,2,26,15,-6,12,RAINY
1-1-1-8,2020,2,27,42,30,8,RAINY
1-1-1-8,2020,2,28,35,24,10,SNOWY
1-1-1-8,2020,3,1,29,6,9,SUNNY
1-1-1-8,2020,3,2,43,25,8,CLOUDY
1-1-1-8,2020,3,3,33,-3,7,CLOUDY
1-1-1-8,2020,3,4,6,-3,3,CLOUDY
1-1-1-8,2020,3,5,50,25,6,SNOWY
1-1-1-8,2020,3,6,27,-3,5,SNOWY
1-1-1-8,2020,3,7,-3,-7,5,RAINY
1-1-1-8,2020,3,8,-10,-10,0,RAINY
1-1-1-8,2020,3,9,6,-6,11,RAINY
1-1-1-8,2020,3,10,13,10,7,SUNNY
1-1-1-8,2020,3,11,31,-7,0,SUNNY
1-1-1-8,2020,3,12,42,37,5,SUNNY
1-1-1-8,2020,3,13,-5,-6,8,CLOUDY
1-1-1-8,2020,3,14,7,-3,4,RAINY
1-1-1-8,2020,3,15,46,19,9,SNOWY
1-1-1-8,2020,3,16,40,1,11,RAINY
1-1-1-8,2020,3,17,26,5,0,CLOUDY
1-1-1-8,2020,3,18,-1,-3,6,RAINY
1-1-1-8,2020,3,19,33,15,8,SUNNY
1-1-1-8,2020,3,20,25,0,9,RAINY
1-1-1-8,2020,3,21,15,2,1,CLOUDY
1-1-1-8,2020,3,22,12,-9,9,CLOUDY
1-1-1-8,2020,3,23,23,2,9,RAINY
1-1-1-8,2020,3,24,39,21,2,RAINY
1-1-1-8,2020,3,25,25,14,12,SUNNY
1-1-1-8,2020,3,26,28,-8,6,SNOWY
1-1-1-8,2020,3,27,50,3,12,CLOUDY
1-1-1-8,2020,3,28,48,38,7,RAINY
1-1-1-8,2020,4,1,15,13,8,SUNNY
1-1-1-8,2020,4,2,10,5,1,RAINY
1-1-1-8,2020,4,3,-2,-4,6,SUNNY
1-1-1-8,2020,4,4,-4,-7,7,SNOWY
1-1-1-8,2020,4,5,0,-8,0,RAINY
1-1-1-8,2020,4,6,10,-4,12,SNOWY
1-1-1-8,2020,4,7,30,-1,8,CLOUDY
1-1-1-8,2020,4,8,26,1,0,CLOUDY
1-1-1-8,2020,4,9,7,-3,9,CLOUDY
1-1-1-8,2020,4,10,12,9,3,RAINY
1-1-1-8,2020,4,11,13,10,8,CLOUDY
1-1-1-8,2020,4,12,44,12,6,CLOUDY
1-1-1-8,2020,4,13,2,-6,0,CLOUDY
1-1-1-8,2020,4,14,43,1,12,CLOUDY
1-1-1-8,2020,4,15,50,18,8,SNOWY
1-1-1-8,2020,4,16,1,-4,9,CLOUDY
1-1-1-8,2020,4,17,29,1,7,RAINY
1-1-1-8,2020,4,18,-7,-9,8,RAINY
1-1-1-8,2020,4,19,-5,-6,8,RAINY
1-1-1-8,2020,4,20,46,-3,10,RAINY
1-1-1-8,2020,4,21,50,20,4,SNOWY
1-1-1-8,2020,4,22,-10,-10,12,RAINY
1-1-1-8,2020,4,23,6,-7,11,SUNNY
1-1-1-8,2020,4,24,6,-5,5,CLOUDY
1-1-1-8,2020,4,25,27,16,6,RAINY
1-1-1-8,2020,4,26,34,6,10,SUNNY
1-1-1-8,2020,4,27,28,24,5,RAINY
1-1-1-8,2020,4,28,27,20,3,SNOWY
1-1-1-8,2020,5,1,24,-7,7,SNOWY
1-1-1-8,2020,5,2,17,-8,6,SNOWY
1-1-1-8,2020,5,3,-3,-5,5,RAINY
1-1-1-8,2020,5,4,36,6,12,SNOWY
1-1-1-8,2020,5,5,44,18,12,SUNNY
1-1-1-8,2020,5,6,30,2,7,SUNNY
1-1-1-8,2020,5,7,48,8,12,RAINY
1-1-1-8,2020,5,8,10,10,9,RAINY
1-1-1-8,2020,5,9,23,7,12,CLOUDY
1-1-1-8,2020,5,10,8,0,3,SNOWY
1-1-1-8,2020,5,11,-2,-4,3,RAINY
1-1-1-8,2020,5,12,12,3,6,SUNNY
1-1-1-8,2020,5,13,-5,-9,11,CLOUDY
1-1-1-8,2020,5,14,10,1,3,RAINY
1-1-1-8,2020,5,15,-7,-9,7,RAINY
1-1-1-8,2020,5,16,30,-1,3,SNOWY
1-1-1-8,2020,5,17,-6,-7,2,RAINY
1-1-1-8,2020,5,18,50,7,10,CLOUDY
1-1-1-8,2020,5,19,29,7,7,CLOUDY
1-1-1-8,2020,5,20,33,1,9,CLOUDY
1-1-1-8,2020,5,21,31,17,1,SUNNY
1-1-1-8,2020,5,22,46,6,0,CLOUDY
1-1-1-8,2020,5,23,8,-2,3,CLOUDY
1-1-1-8,2020,5,24,45,41,5,SNOWY
1-1-1-8,2020,5,25,21,-8,7,CLOUDY
1-1-1-8,2020,5,26,3,-10,8,SNOWY
1-1-1-8,2020,5,27,31,20,12,SUNNY
1-1-1-8,2020,5,28,31,28,0,SUNNY
1-1-1-8,2020,6,1,31,-2,6,RAINY
1-1-1-8,2020,6,2,-3,-8,7,SNOWY
1-1-1-8,2020,6,3,23,10,5,RAINY
1-1-1-8,2020,6,4,-7,-9,11,CLOUDY
1-1-1-8,2020,6,5,9,2,4,SUNNY
1-1-1-8,2020,6,6,3,-2,10,SUNNY
1-1-1-8,2020,6,7,24,-5,6,RAINY
1-1-1-8,2020,6,8,-5,-8,5,SUNNY
1-1-1-8,2020,6,9,10,2,11,CLOUDY
1-1-1-8,2020,6,10,12,1,8,RAINY
1-1-1-8,2020,6,11,-1,-9,9,CLOUDY
1-1-1-8,2020,6,12,-4,-9,8,RAINY
1-1-1-8,2020,6,13,43,28,4,RAINY
1-1-1-8,2020,6,14,25,12,3,SUNNY
1-1-1-8,2020,6,15,22,15,6,RAINY
1-1-1-8,2020,6,16,34,12,11,SNOWY
1-1-1-8,2020,6,17,-8,-9,8,RAINY
1-1-1-8,2020,6,18,4,-9,12,SUNNY
1-1-1-8,2020,6,19,-5,-10,8,SUNNY
1-1-1-8,2020,6,20,16,16,9,SUNNY
1-1-1-8,2020,6,21,32,20,4,SNOWY
1-1-1-8,2020,6,22,38,14,11,SUNNY
1-1-1-8,2020,6,23,35,22,6,SNOWY
1-1-1-8,2020,6,24,-1,-5,4,SUNNY
1-1-1-8,2020,6,25,7,3,2,SUNNY
1-1-1-8,2020,6,26,44,37,8,SUNNY
1-1-1-8,2020,6,27,43,36,9,RAINY
1-1-1-8,2020,6,28,-5,-8,6,SUNNY
1-1-1-8,2020,7,1,2,-3,4,SUNNY
1-1-1-8,2020,7,2,22,7,7,CLOUDY
1-1-1-8,2020,7,3,25,-4,5,CLOUDY
1-1-1-8,2020,7,4,26,19,9,SUNNY
1-1-1-8,2020,7,5,8,-1,12,RAINY
1-1-1-8,2020,7,6,9,-7,2,RAINY
1-1-1-8,2020,7,7,8,-2,4,CLOUDY
1-1-1-8,2020,7,8,49,-7,6,RAINY
1-1-1-8,2020,7,9,42,33,1,SNOWY
1-1-1-8,2020,7,10,32,-10,3,SNOWY
1-1-1-8,2020,7,11,47,25,6,SUNNY
1-1-1-8,2020,7,12,31,25,12,CLOUDY
1-1-1-8,2020,7,13,8,-8,9,SNOWY
1-1-1-8,2020,7,14,38,9,6,CLOUDY
1-1-1-8,2020,7,15,3,-10,5,RAINY
1-1-1-8,2020,7,16,30,25,8,RAINY
1-1-1-8,2020,7,17,33,33,5,SNOWY
1-1-1-8,2020,7,18,0,-3,11,SNOWY
1-1-1-8,2020,7,19,39,10,7,RAINY
1-1-1-8,2020,7,20,44,28,6,SUNNY
1-1-1-8,2020,7,21,13,10,0,CLOUDY
1-1-1-8,2020,7,22,50,37,12,RAINY
1-1-1-8,2020,7,23,26,1,6,CLOUDY
1-1-1-8,2020,7,24,22,2,5,CLOUDY
1-1-1-8,2020,7,25,46,39,10,SNOWY
1-1-1-8,2020,7,26,17,-4,11,SNOWY
1-1-1-8,2020,7,27,1,-3,11,SNOWY
1-1-1-8,2020,7,28,40,-10,10,CLOUDY
1-1-1-8,2020,8,1,43,37,3,CLOUDY
1-1-1-8,2020,8,2,33,31,6,RAINY
1-1-1-8,2020,8,3,29,10,10,SUNNY
1-1-1-8,2020,8,4,12,-5,9,SUNNY
1-1-1-8,2020,8,5,25,-5,6,SUNNY
1-1-1-8,2020,8,6,21,-2,0,SUNNY
1-1-1-8,2020,8,7,46,27,4,CLOUDY
1-1-1-8,2020,8,8,-9,-10,1,RAINY
1-1-1-8,2020,8,9,5,-7,6,SUNNY
1-1-1-8,2020,8,10,30,29,0,SNOWY
1-1-1-8,2020,8,11,19,5,12,SUNNY
1-1-1-8,2020,8,12,1,-2,12,RAINY
1-1-1-8,2020,8,13,42,-8,5,RAINY
1-1-1-8,2020,8,14,37,-7,0,CLOUDY
1-1-1-8,2020,8,15,39,10,7,SNOWY
1-1-1-8,2020,8,16,25,9,2,CLOUDY
1-1-1-8,2020,8,17,5,-8,10,SUNNY
1-1-1-8,2020,8,18,25,8,1,SUNNY
1-1-1-8,2020,8,19,45,3,9,SNOWY
1-1-1-8,2020,8,20,17,0,3,CLOUDY
1-1-1-8,2020,8,21,32,-7,8,SUNNY
1-1-1-8,2020,8,22,26,16,11,CLOUDY
1-1-1-8,2020,8,23,26,-9,10,CLOUDY
1-1-1-8,2020,8,24,42,-8,10,RAINY
1-1-1-8,2020,8,25,0,-9,4,SUNNY
1-1-1-8,2020,8,26,50,-7,11,RAINY
1-1-1-8,2020,8,27,7,4,9,SUNNY
1-1-1-8,2020,8,28,22,-7,3,SNOWY
1-1-1-8,2020,9,1,17,-5,2,SUNNY
1-1-1-8,2020,9,2,0,-10,11,RAINY
1-1-1-8,2020,9,3,26,4,2,SUNNY
1-1-1-8,2020,9,4,16,-6,11,RAINY
1-1-1-8,2020,9,5,-1,-8,7,RAINY
1-1-1-8,2020,9,6,25,-5,5,RAINY
1-1-1-8,2020,9,7,40,40,5,SNOWY
1-1-1-8,2020,9,8,-7,-8,5,CLOUDY
1-1-1-8,2020,9,9,13,6,1,SUNNY
1-1-1-8,2020,9,10,39,25,12,SNOWY
1-1-1-8,2020,9,11,3,3,10,RAINY
1-1-1-8,2020,9,12,25,-3,12,SUNNY
1-1-1-8,2020,9,13,36,10,2,SNOWY
1-1-1-8,2020,9,14,-7,-8,5,SUNNY
1-1-1-8,2020,9,15,18,9,0,SUNNY
1-1-1-8,2020,9,16,35,0,1,CLOUDY
1-1-1-8,2020,9,17,9,-10,8,SNOWY
1-1-1-8,2020,9,18,21,0,4,CLOUDY
1-1-1-8,2020,9,19,41,39,10,CLOUDY
1-1-1-8,2020,9,20,-6,-9,8,SUNNY
1-1-1-8,2020,9,21,32,1,9,SNOWY
1-1-1-8,2020,9,22,13,11,5,RAINY
1-1-1-8,2020,9,23,23,10,2,SUNNY
1-1-1-8,2020,9,24,-5,-7,12,SNOWY
1-1-1-8,2020,9,25,-2,-10,8,SUNNY
1-1-1-8,2020,9,26,-2,-4,0,CLOUDY
1-1-1-8,2020,9,27,15,-10,7,SNOWY
1-1-1-8,2020,9,28,30,5,0,SUNNY
1-1-1-8,2020,10,1,1,-10,12,RAINY
1-1-1-8,2020,10,2,-5,-7,9,RAINY
1-1-1-8,2020,10,3,2,-2,2,SNOWY
1-1-1-8,2020,10,4,47,31,5,SNOWY
1-1-1-8,2020,10,5,44,43,9,RAINY
1-1-1-8,2020,10,6,6,-4,9,SUNNY
1-1-1-8,2020,10,7,20,-2,2,RAINY
1-1-1-8,2020,10,8,-6,-9,9,SNOWY
1-1-1-8,2020,10,9,23,-4,7,RAINY
1-1-1-8,2020,10,10,3,2,8,CLOUDY
1-1-1-8,2020,10,11,6,1,11,RAINY
1-1-1-8,2020,10,12,50,48,1,CLOUDY
1-1-1-8,2020,10,13,-4,-9,7,CLOUDY
1-1-1-8,2020,10,14,2,-8,8,SUNNY
1-1-1-8,2020,10,15,6,-3,3,RAINY
1-1-1-8,2020,10,16,-1,-5,11,RAINY
1-1-1-8,2020,10,17,-3,-4,9,SNOWY
1-1-1-8,2020,10,18,49,20,7,SNOWY
1-1-1-8,2020,10,19,0,-2,2,SNOWY
1-1-1-8,2020,10,20,17,11,5,SUNNY
1-1-1-8,2020,10,21,12,-1,2,CLOUDY
1-1-1-8,2020,10,22,26,23,0,CLOUDY
1-1-1-8,2020,10,23,19,-9,5,CLOUDY
1-1-1-8,2020,10,24,-6,-10,11,SNOWY
1-1-1-8,2020,10,25,15,7,11,SUNNY
1-1-1-8,2020,10,26,27,-5,10,RAINY
1-1-1-8,2020,10,27,27,2,5,SNOWY
1-1-1-8,2020,10,28,-6,-8,6,SNOWY
1-1-1-8,2020,11,1,-9,-10,1,RAINY
1-1-1-8,2020,11,2,25,5,5,CLOUDY
1-1-1-8,2020,11,3,47,44,9,SUNNY
1-1-1-8,2020,11,4,40,32,0,SNOWY
1-1-1-8,2020,11,5,30,18,5,SNOWY
1-1-1-8,2020,11,6,10,7,7,SUNNY
1-1-1-8,2020,11,7,49,16,5,RAINY
1-1-1-8,2020,11,8,41,23,1,SUNNY
1-1-1-8,2020,11,9,10,1,9,RAINY
1-1-1-8,2020,11,10,20,-2,6,CLOUDY
1-1-1-8,2020,11,11,35,20,6,SNOWY
1-1-1-8,2020,11,12,18,17,2,SNOWY
1-1-1-8,2020,11,13,-2,-4,4,RAINY
1-1-1-8,2020,11,14,5,-9,7,SUNNY
1-1-1-8,2020,11,15,44,6,12,RAINY
1-1-1-8,2020,11,16,-3,-5,1,SNOWY
1-1-1-8,2020,11,17,-4,-10,11,SNOWY
1-1-1-8,2020,11,18,38,21,10,SNOWY
1-1-1-8,2020,11,19,42,24,10,RAINY
1-1-1-8,2020,11,20,50,22,0,RAINY
1-1-1-8,2020,11,21,5,-1,4,CLOUDY
1-1-1-8,2020,11,22,3,-3,6,SUNNY
1-1-1-8,2020,11,23,50,33,9,SNOWY
1-1-1-8,2020,11,24,37,-10,3,CLOUDY
1-1-1-8,2020,11,25,20,-1,1,RAINY
1-1-1-8,2020,11,26,22,-1,10,CLOUDY
1-1-1-8,2020,11,27,-6,-9,0,RAINY
1-1-1-8,2020,11,28,25,16,6,SUNNY
1-1-1-8,2020,12,1,34,3,6,SNOWY
1-1-1-8,2020,12,2,-8,-9,9,RAINY
1-1-1-8,2020,12,3,27,4,10,CLOUDY
1-1-1-8,2020,12,4,2,-2,5,CLOUDY
1-1-1-8,2020,12,5,-8,-10,3,SNOWY
1-1-1-8,2020,12,6,42,27,6,RAINY
1-1-1-8,2020,12,7,0,0,11,SNOWY
1-1-1-8,2020,12,8,9,-9,4,SNOWY
1-1-1-8,2020,12,9,32,-5,3,RAINY
1-1-1-8,2020,12,10,-7,-9,10,CLOUDY
1-1-1-8,2020,12,11,42,39,8,SNOWY
1-1-1-8,2020,12,12,-5,-7,12,RAINY
1-1-1-8,2020,12,13,1,-7,9,CLOUDY
1-1-1-8,2020,12,14,20,19,3,SUNNY
1-1-1-8,2020,12,15,-9,-10,12,SUNNY
1-1-1-8,2020,12,16,-1,-4,5,SUNNY
1-1-1-8,2020,12,17,31,28,3,RAINY
1-1-1-8,2020,12,18,11,7,5,SNOWY
1-1-1-8,2020,12,19,47,-10,4,SUNNY
1-1-1-8,2020,12,20,44,22,6,CLOUDY
1-1-1-8,2020,12,21,-6,-10,8,SUNNY
1-1-1-8,2020,12,22,7,4,9,SNOWY
1-1-1-8,2020,12,23,37,13,12,RAINY
1-1-1-8,2020,12,24,38,29,6,RAINY
1-1-1-8,2020,12,25,32,-3,11,RAINY
1-1-1-8,2020,12,26,39,11,12,CLOUDY
1-1-1-8,2020,12,27,7,-2,0,SUNNY
1-1-1-8,2020,12,28,12,2,6,RAINY
1-1-1-9,2020,1,1,12,-8,5,SNOWY
1-1-1-9,2020,1,2,-2,-7,10,CLOUDY
1-1-1-9,2020,1,3,-8,-10,6,SUNNY
1-1-1-9,2020,1,4,14,1,4,CLOUDY
1-1-1-9,2020,1,5,46,36,3,SNOWY
1-1-1-9,2020,1,6,6,-3,8,RAINY
1-1-1-9,2020,1,7,11,-7,8,RAINY
1-1-1-9,2020,1,8,34,23,0,CLOUDY
1-1-1-9,2020,1,9,47,28,0,SUNNY
1-1-1-9,2020,1,10,49,22,10,CLOUDY
1-1-1-9,2020,1,11,-9,-10,2,SUNNY
1-1-1-9,2020,1,12,10,7,2,SNOWY
1-1-1-9,2020,1,13,41,13,10,SUNNY
1-1-1-9,2020,1,14,40,-2,0,SUNNY
1-1-1-9,2020,1,15,3,-1,4,SNOWY
1-1-1-9,2020,1,16,24,9,9,CLOUDY
1-1-1-9,2020,1,17,-7,-10,1,RAINY
1-1-1-9,2020,1,18,41,-1,11,SUNNY
1-1-1-9,2020,1,19,50,-5,8,SNOWY
1-1-1-9,2020,1,20,1,-9,4,SNOWY
1-1-1-9,2020,1,21,37,-6,0,CLOUDY
1-1-1-9,2020,1,22,34,-9,10,CLOUDY
1-1-1-9,2020,1,23,30,11,10,SNOWY
1-1-1-9,2020,1,24,4,-7,10,SNOWY
1-1-1-9,2020,1,25,29,-9,0,CLOUDY
1-1-1-9,2020,1,26,48,6,9,SUNNY
1-1-1-9,2020,1,27,23,1,8,RAINY
1-1-1-9,2020,1,28,-8,-9,9,RAINY
1-1-1-9,2020,2,1,30,-6,2,SUNNY
1-1-1-9,2020,2,2,-6,-7,8,CLOUDY
1-1-1-9,2020,2,3,9,2,3,RAINY
1-1-1-9,2020,2,4,28,13,7,CLOUDY
1-1-1-9,2020,2,5,30,15,6,CLOUDY
1-1-1-9,2020,2,6,35,34,12,SNOWY
1-1-1-9,2020,2,7,-7,-8,7,RAINY
1-1-1-9,2020,2,8,43,23,9,CLOUDY
1-1-1-9,2020,2,9,-2,-6,11,RAINY
1-1-1-9,2020,2,10,-2,-7,4,RAINY
1-1-1-9,2020,2,11,4,-10,7,RAINY
1-1-1-9,2020,2,12,49,12,0,RAINY
1-1-1-9,2020,2,13,25,7,10,CLOUDY
1-1-1-9,2020,2,14,-1,-10,12,SNOWY
1-1-1-9,2020,2,15,48,42,4,RAINY
1-1-1-9,2020,2,16,11,-7,6,CLOUDY
1-1-1-9,2020,2,17,1,-5,1,SUNNY
1-1-1-9,2020,2,18,-10,-10,1,CLOUDY
1-1-1-9,2020,2,19,17,0,4,SNOWY
1-1-1-9,2020,2,20,38,34,10,RAINY
1-1-1-9,2020,2,21,48,38,9,SNOWY
1-1-1-9,2020,2,22,11,-7,4,CLOUDY
1-1-1-9,2020,2,23,43,15,12,RAINY
1-1-1-9,2020,2,24,27,-6,12,SUNNY
1-1-1-9,2020,2,25,13,1,11,SUNNY
1-1-1-9,2020,2,26,35,3,8,SUNNY
1-1-1-9,2020,2,27,35,27,8,SUNNY
1-1-1-9,2020,2,28,30,-1,11,SNOWY
1-1-1-9,2020,3,1,7,-9,8,CLOUDY
1-1-1-9,2020,3,2,27,14,9,SNOWY
1-1-1-9,2020,3,3,-4,-5,6,SUNNY
1-1-1-9,2020,3,4,10,-8,5,SNOWY
1-1-1-9,2020,3,5,17,-10,11,CLOUDY
1-1-1-9,2020,3,6,-9,-10,8,RAINY
1-1-1-9,2020,3,7,4,-9,12,CLOUDY
1-1-1-9,2020,3,8,-4,-6,1,SNOWY
1-1-1-9,2020,3,9,9,-9,11,SUNNY
1-1-1-9,2020,3,10,49,-10,12,CLOUDY
1-1-1-9,2020,3,11,-5,-9,7,RAINY
1-1-1-9,2020,3,12,48,-8,0,CLOUDY
1-1-1-9,2020,3,13,5,4,5,SUNNY
1-1-1-9,2020,3,14,43,22,7,RAINY
1-1-1-9,2020,3,15,-7,-8,10,SNOWY
1-1-1-9,2020,3,16,33,29,1,SUNNY
1-1-1-9,2020,3,17,32,11,12,CLOUDY
1-1-1-9,2020,3,18,23,6,2,SNOWY
1-1-1-9,2020,3,19,43,19,0,SUNNY
1-1-1-9,2020,3,20,39,32,11,CLOUDY
1-1-1-9,2020,3,21,12,11,7,RAINY
1-1-1-9,2020,3,22,20,16,4,SNOWY
1-1-1-9,2020,3,23,2,0,1,SUNNY
1-1-1-9,2020,3,24,9,1,12,CLOUDY
1-1-1-9,2020,3,25,30,8,1,SNOWY
1-1-1-9,2020,3,26,8,-4,8,RAINY
1-1-1-9,2020,3,27,37,-5,8,SUNNY
1-1-1-9,2020,3,28,8,-8,5,SNOWY
1-1-1-9,2020,4,1,-5,-10,9,CLOUDY
1-1-1-9,2020,4,2,16,-9,10,SUNNY
1-1-1-9,2020,4,3,20,3,11,RAINY
1-1-1-9,2020,4,4,4,-2,8,CLOUDY
1-1-1-9,2020,4,5,-10,-10,12,SUNNY
1-1-1-9,2020,4,6,9,3,2,SNOWY
1-1-1-9,2020,4,7,-2,-3,5,SUNNY
1-1-1-9,2020,4,8,50,48,4,SNOWY
1-1-1-9,2020,4,9,7,2,0,RAINY
1-1-1-9,2020,4,10,3,-7,11,RAINY
1-1-1-9,2020,4,11,28,1,3,SUNNY
1-1-1-9,2020,4,12,39,22,1,SUNNY
1-1-1-9,2020,4,13,39,4,0,SUNNY
1-1-1-9,2020,4,14,-10,-10,11,RAINY
1-1-1-9,2020,4,15,49,-7,9,CLOUDY
1-1-1-9,2020,4,16,6,-9,5,SUNNY
1-1-1-9,2020,4,17,-7,-9,1,CLOUDY
1-1-1-9,2020,4,18,32,23,7,SUNNY
1-1-1-9,2020,4,19,12,10,10,SUNNY
1-1-1-9,2020,4,20,17,8,5,RAINY
1-1-1-9,2020,4,21,8,-3,4,CLOUDY
1-1-1-9,2020,4,22,50,37,2,SNOWY
1-1-1-9,2020,4,23,37,36,2,RAINY
1-1-1-9,2020,4,24,22,-9,5,CLOUDY
1-1-1-9,2020,4,25,4,-7,6,SUNNY
1-1-1-9,2020,4,26,50,-4,10,RAINY
1-1-1-9,2020,4,27,24,15,8,CLOUDY
1-1-1-9,2020,4,28,22,20,2,SUNNY
1-1-1-9,2020,5,1,28,15,7,CLOUDY
1-1-1-9,2020,5,2,49,1,7,RAINY
1-1-1-9,2020,5,3,7,-9,8,RAINY
1-1-1-9,2020,5,4,6,-5,2,CLOUDY
1-1-1-9,2020,5,5,44,-3,4,SUNNY
1-1-1-9,2020,5,6,46,-9,6,SUNNY
1-1-1-9,2020,5,7,-5,-10,7,SNOWY
1-1-1-9,2020,5,8,24,-1,10,CLOUDY
1-1-1-9,2020,5,9,-5,-6,8,CLOUDY
1-1-1-9,2020,5,10,0,-4,5,SUNNY
1-1-1-9,2020,5,11,35,-2,6,SNOWY
1-1-1-9,2020,5,12,-1,-10,11,SUNNY
1-1-1-9,2020,5,13,-4,-8,8,SUNNY
1-1-1-9,2020,5,14,6,-7,11,SUNNY
1-1-1-9,2020,5,15,34,-8,3,RAINY
1-1-1-9,2020,5,16,43,35,11,SUNNY
1-1-1-9,2020,5,17,20,-7,8,SNOWY
1-1-1-9,2020,5,18,-6,-7,8,RAINY
1-1-1-9,2020,5,19,11,9,4,RAINY
1-1-1-9,2020,5,20,-10,-10,11,SNOWY
1-1-1-9,2020,5,21,22,-2,6,RAINY
1-1-1-9,2020,5,22,38,38,10,RAINY
1-1-1-9,2020,5,23,-3,-4,10,CLOUDY
1-1-1-9,2020,5,24,4,2,12,SNOWY
1-1-1-9,2020,5,25,23,8,0,SUNNY
1-1-1-9,2020,5,26,13,6,4,SNOWY
1-1-1-9,2020,5,27,50,18,10,RAINY
1-1-1-9,2020,5,28,-10,-10,10,CLOUDY
1-1-1-9,2020,6,1,27,1,5,RAINY
1-1-1-9,2020,6,2,49,20,5,SNOWY
1-1-1-9,2020,6,3,-10,-10,6,RAINY
1-1-1-9,2020,6,4,33,15,5,SUNNY
1-1-1-9,2020,6,5,-3,-7,11,RAINY
1-1-1-9,2020,6,6,-9,-10,2,RAINY
1-1-1-9,2020,6,7,10,-6,12,SNOWY
1-1-1-9,2020,6,8,19,15,1,RAINY
1-1-1-9,2020,6,9,24,18,5,CLOUDY
1-1-1-9,2020,6,10,33,31,11,RAINY
1-1-1-9,2020,6,11,49,49,3,RAINY
1-1-1-9,2020,6,12,-3,-6,6,SUNNY
1-1-1-9,2020,6,13,9,-10,1,SNOWY
1-1-1-9,2020,6,14,7,6,6,RAINY
1-1-1-9,2020,6,15,23,-6,0,SUNNY
1-1-1-9,2020,6,16,8,3,0,RAINY
1-1-1-9,2020,6,17,10,-6,1,SNOWY
1-1-1-9,2020,6,18,3,-2,6,SNOWY
1-1-1-9,2020,6,19,11,7,6,SNOWY
1-1-1-9,2020,6,20,19,19,4,SUNNY
1-1-1-9,2020,6,21,22,20,0,SNOWY
1-1-1-9,2020,6,22,3,-7,11,SNOWY
1-1-1-9,2020,6,23,-1,-4,7,CLOUDY
1-1-1-9,2020,6,24,43,5,10,RAINY
1-1-1-9,2020,6,25,42,11,7,SUNNY
1-1-1-9,2020,6,26,46,43,12,CLOUDY
1-1-1-9,2020,6,27,-2,-9,11,SUNNY
1-1-1-9,2020,6,28,32,10,4,CLOUDY
1-1-1-9,2020,7,1,14,12,11,CLOUDY
1-1-1-9,2020,7,2,12,-4,4,CLOUDY
1-1-1-9,2020,7,3,29,23,2,SUNNY
1-1-1-9,2020,7,4,5,1,2,CLOUDY
1-1-1-9,2020,7,5,50,43,4,CLOUDY
1-1-1-9,2020,7,6,-7,-10,12,SUNNY
1-1-1-9,2020,7,7,43,-10,5,SUNNY
1-1-1-9,2020,7,8,32,30,12,SUNNY
1-1-1-9,2020,7,9,49,19,9,RAINY
1-1-1-9,2020,7,10,0,0,1,RAINY
1-1-1-9,2020,7,11,31,22,1,RAINY
1-1-1-9,2020,7,12,16,-5,3,SUNNY
1-1-1-9,2020,7,13,4,2,9,CLOUDY
1-1-1-9,2020,7,14,21,12,5,RAINY
1-1-1-9,2020,7,15,-1,-4,11,SUNNY
1-1-1-9,2020,7,16,47,30,11,RAINY
1-1-1-9,2020,7,17,36,34,7,CLOUDY
1-1-1-9,2020,7,18,25,-4,9,SUNNY
1-1-1-9,2020,7,19,-5,-9,12,SNOWY
1-1-1-9,2020,7,20,34,10,10,SNOWY
1-1-1-9,2020,7,21,25,21,3,CLOUDY
1-1-1-9,2020,7,22,45,14,12,SNOWY
1-1-1-9,2020,7,23,27,0,12,SUNNY
1-1-1-9,2020,7,24,17,-10,5,SNOWY
1-1-1-9,2020,7,25,32,-5,0,SUNNY
1-1-1-9,2020,7,26,22,-5,4,CLOUDY
1-1-1-9,2020,7,27,-6,-8,11,CLOUDY
1-1-1-9,2020,7,28,9,-6,4,SUNNY
1-1-1-9,2020,8,1,11,9,9,SUNNY
1-1-1-9,2020,8,2,5,5,12,CLOUDY
1-1-1-9,2020,8,3,36,1,5,RAINY
1-1-1-9,2020,8,4,23,7,6,SNOWY
1-1-1-9,2020,8,5,2,-8,4,SNOWY
1-1-1-9,2020,8,6,43,32,8,SUNNY
1-1-1-9,2020,8,7,9,-3,8,SNOWY
1-1-1-9,2020,8,8,21,-7,5,SNOWY
1-1-1-9,2020,8,9,34,33,1,SNOWY
1-1-1-9,2020,8,10,30,29,7,SUNNY
1-1-1-9,2020,8,11,-4,-6,7,CLOUDY
1-1-1-9,2020,8,12,14,-3,6,SNOWY
1-1-1-9,2020,8,13,50,49,0,RAINY
1-1-1-9,2020,8,14,19,4,6,RAINY
1-1-1-9,2020,8,15,-5,-7,10,CLOUDY
1-1-1-9,2020,8,16,43,32,2,RAINY
1-1-1-9,2020,8,17,17,0,3,RAINY
1-1-1-9,2020,8,18,0,-2,11,CLOUDY
1-1-1-9,2020,8,19,37,31,0,SUNNY
1-1-1-9,2020,8,20,43,32,4,SUNNY
1-1-1-9,2020,8,21,-4,-10,12,CLOUDY
1-1-1-9,2020,8,22,19,9,6,CLOUDY
1-1-1-9,2020,8,23,38,8,9,SNOWY
1-1-1-9,2020,8,24,31,6,6,RAINY
1-1-1-9,2020,8,25,38,18,9,SUNNY
1-1-1-9,2020,8,26,15,12,7,SUNNY
1-1-1-9,2020,8,27,35,33,2,SNOWY
1-1-1-9,2020,8,28,49,45,9,SNOWY
1-1-1-9,2020,9,1,-5,-7,7,RAINY
1-1-1-9,2020,9,2,4,-4,6,RAINY
1-1-1-9,2020,9,3,-4,-7,12,CLOUDY
1-1-1-9,2020,9,4,29,12,6,CLOUDY
1-1-1-9,2020,9,5,33,22,9,SNOWY
1-1-1-9,2020,9,6,0,-7,9,SNOWY
1-1-1-9,2020,9,7,9,-2,2,SNOWY
1-1-1-9,2020,9,8,10,2,4,RAINY
1-1-1-9,2020,9,9,-10,-10,6,CLOUDY
1-1-1-9,2020,9,10,14,-5,7,RAINY
1-1-1-9,2020,9,11,39,25,1,CLOUDY
1-1-1-9,2020,9,12,9,-1,10,CLOUDY
1-1-1-9,2020,9,13,35,-8,5,CLOUDY
1-1-1-9,2020,9,14,42,9,0,RAINY
1-1-1-9,2020,9,15,50,27,2,RAINY
1-1-1-9,2020,9,16,33,-6,8,CLOUDY
1-1-1-9,2020,9,17,37,-4,6,CLOUDY
1-1-1-9,2020,9,18,-10,-10,3,RAINY
1-1-1-9,2020,9,19,20,7,3,RAINY
1-1-1-9,2020,9,20,29,26,2,SUNNY
1-1-1-9,2020,9,21,36,26,6,RAINY
1-1-1-9,2020,9,22,5,2,7,CLOUDY
1-1-1-9,2020,9,23,40,33,8,SUNNY
1-1-1-9,2020,9,24,-7,-10,6,SNOWY
1-1-1-9,2020,9,25,0,-7,2,SNOWY
1-1-1-9,2020,9,26,-6,-9,12,CLOUDY
1-1-1-9,2020,9,27,9,1,9,SNOWY
1-1-1-9,2020,9,28,-5,-7,9,CLOUDY
1-1-1-9,2020,10,1,-10,-10,2,CLOUDY
1-1-1-9,2020,10,2,4,-3,0,SNOWY
1-1-1-9,2020,10,3,25,15,11,RAINY
1-1-1-9,2020,10,4,4,-9,2,RAINY
1-1-1-9,2020,10,5,29,17,4,CLOUDY
1-1-1-9,2020,10,6,27,4,5,SUNNY
1-1-1-9,2020,10,7,-5,-7,12,SUNNY
1-1-1-9,2020,10,8,7,1,2,RAINY
1-1-1-9,2020,10,9,35,21,4,SNOWY
1-1-1-9,2020,10,10,30,5,5,SNOWY
1-1-1-9,2020,10,11,49,29,6,SNOWY
1-1-1-9,2020,10,12,29,-4,12,SUNNY
1-1-1-9,2020,10,13,38,8,1,SUNNY
1-1-1-9,2020,10,14,6,-7,2,SNOWY
1-1-1-9,2020,10,15,28,8,12,CLOUDY
1-1-1-9,2020,10,16,30,22,8,SNOWY
1-1-1-9,2020,10,17,4,4,10,SUNNY
1-1-1-9,2020,10,18,2,-9,6,CLOUDY
1-1-1-9,2020,10,19,-6,-9,9,SNOWY
1-1-1-9,2020,10,20,27,-5,7,SNOWY
1-1-1-9,2020,10,21,17,15,8,SUNNY
1-1-1-9,2020,10,22,2,-5,5,RAINY
1-1-1-9,2020,10,23,3,-1,2,CLOUDY
1-1-1-9,2020,10,24,37,29,12,RAINY
1-1-1-9,2020,10,25,-8,-10,0,RAINY
1-1-1-9,2020,10,26,32,30,7,SUNNY
1-1-1-9,2020,10,27,-5,-7,1,SNOWY
1-1-1-9,2020,10,28,25,-2,5,RAINY
1-1-1-9,2020,11,1,34,32,0,SNOWY
1-1-1-9,2020,11,2,0,-4,3,SUNNY
1-1-1-9,2020,11,3,-6,-9,7,SUNNY
1-1-1-9,2020,11,4,22,13,0,RAINY
1-1-1-9,2020,11,5,9,7,5,RAINY
1-1-1-9,2020,11,6,7,3,11,SNOWY
1-1-1-9,2020,11,7,20,14,11,SNOWY
1-1-1-9,2020,11,8,14,-1,9,CLOUDY
1-1-1-9,2020,11,9,2,-1,8,SNOWY
1-1-1-9,2020,11,10,-9,-10,5,RAINY
1-1-1-9,2020,11,11,21,-8,11,CLOUDY
1-1-1-9,2020,11,12,8,2,12,CLOUDY
1-1-1-9,2020,11,13,1,-5,11,CLOUDY
1-1-1-9,2020,11,14,17,11,9,RAINY
1-1-1-9,2020,11,15,-6,-8,4,SNOWY
1-1-1-9,2020,11,16,28,7,1,SUNNY
1-1-1-9,2020,11,17,-8,-10,10,SUNNY
1-1-1-9,2020,11,18,41,29,7,SUNNY
1-1-1-9,2020,11,19,19,-4,5,CLOUDY
1-1-1-9,2020,11,20,46,-9,10,SUNNY
1-1-1-9,2020,11,21,31,11,10,RAINY
1-1-1-9,2020,11,22,34,24,9,SUNNY
1-1-1-9,2020,11,23,22,9,4,RAINY
1-1-1-9,2020,11,24,14,8,11,RAINY
1-1-1-9,2020,11,25,5,-8,6,CLOUDY
1-1-1-9,2020,11,26,-1,-9,4,SUNNY
1-1-1-9,2020,11,27,12,1,7,RAINY
1-1-1-9,2020,11,28,-6,-9,10,SNOWY
1-1-1-9,2020,12,1,12,-5,7,RAINY
1-1-1-9,2020,12,2,15,10,2,CLOUDY
1-1-1-9,2020,12,3,-8,-10,11,CLOUDY
1-1-1-9,2020,12,4,36,25,3,SUNNY
1-1-1-9,2020,12,5,-9,-10,7,CLOUDY
1-1-1-9,2020,12,6,38,34,7,SNOWY
1-1-1-9,2020,12,7,-1,-10,0,RAINY
1-1-1-9,2020,12,8,10,3,0,SUNNY
1-1-1-9,2020,12,9,43,30,9,SNOWY
1-1-1-9,2020,12,10,-6,-8,5,CLOUDY
1-1-1-9,2020,12,11,17,16,11,CLOUDY
1-1-1-9,2020,12,12,24,22,10,CLOUDY
1-1-1-9,2020,12,13,43,22,7,CLOUDY
1-1-1-9,2020,12,14,38,18,6,CLOUDY
1-1-1-9,2020,12,15,6,3,7,SNOWY
1-1-1-9,2020,12,16,20,2,9,CLOUDY
1-1-1-9,2020,12,17,31,-7,6,SUNNY
1-1-1-9,2020,12,18,1,-10,3,CLOUDY
1-1-1-9,2020,12,19,46,33,12,RAINY
1-1-1-9,2020,12,20,9,7,5,SNOWY
1-1-1-9,2020,12,21,44,21,0,SUNNY
1-1-1-9,2020,12,22,50,15,6,RAINY
1-1-1-9,2020,12,23,36,9,3,RAINY
1-1-1-9,2020,12,24,14,3,6,CLOUDY
1-1-1-9,2020,12,25,39,4,12,SNOWY
1-1-1-9,2020,12,26,20,-1,3,SNOWY
1-1-1-9,2020,12,27,39,35,7,RAINY
1-1-1-9,2020,12,28,40,33,0,RAINY
1-1-1-10,2020,1,1,2,-8,12,SUNNY
1-1-1-10,2020,1,2,8,-7,6,CLOUDY
1-1-1-10,2020,1,3,7,-2,4,CLOUDY
1-1-1-10,2020,1,4,16,5,11,RAINY
1-1-1-10,2020,1,5,33,6,2,RAINY
1-1-1-10,2020,1,6,19,-9,4,CLOUDY
1-1-1-10,2020,1,7,28,21,1,CLOUDY
1-1-1-10,2020,1,8,-4,-7,9,CLOUDY
1-1-1-10,2020,1,9,9,4,5,CLOUDY
1-1-1-10,2020,1,10,35,23,3,SUNNY
1-1-1-10,2020,1,11,3,2,9,RAINY
1-1-1-10,2020,1,12,26,10,9,SNOWY
1-1-1-10,2020,1,13,-1,-3,9,SNOWY
1-1-1-10,2020,1,14,4,0,5,CLOUDY
1-1-1-10,2020,1,15,40,22,12,RAINY
1-1-1-10,2020,1,16,34,8,6,SUNNY
1-1-1-10,2020,1,17,36,16,4,SUNNY
1-1-1-10,2020,1,18,30,18,10,RAINY
1-1-1-10,2020,1,19,-7,-8,2,RAINY
1-1-1-10,2020,1,20,41,24,8,SUNNY
1-1-1-10,2020,1,21,-10,-10,6,SNOWY
1-1-1-10,2020,1,22,26,12,11,RAINY
1-1-1-10,2020,1,23,44,0,0,CLOUDY
1-1-1-10,2020,1,24,46,4,2,CLOUDY
1-1-1-10,2020,1,25,35,10,10,SUNNY
1-1-1-10,2020,1,26,17,13,8,SUNNY
1-1-1-10,2020,1,27,15,11,8,SUNNY
1-1-1-10,2020,1,28,17,11,11,SUNNY
1-1-1-10,2020,2,1,26,20,8,SNOWY
1-1-1-10,2020,2,2,10,8,12,SUNNY
1-1-1-10,2020,2,3,-4,-7,0,SNOWY
1-1-1-10,2020,2,4,31,0,4,SUNNY
1-1-1-10,2020,2,5,9,-4,11,CLOUDY
1-1-1-10,2020,2,6,50,42,10,CLOUDY
1-1-1-10,2020,2,7,47,15,2,SNOWY
1-1-1-10,2020,2,8,21,-3,0,SNOWY
1-1-1-10,2020,2,9,-3,-9,0,CLOUDY
1-1-1-10,2020,2,10,20,5,5,SUNNY
1-1-1-10,2020,2,11,18,-8,10,CLOUDY
1-1-1-10,2020,2,12,39,38,10,SNOWY
1-1-1-10,2020,2,13,16,0,11,CLOUDY
1-1-1-10,2020,2,14,-1,-4,4,SUNNY
1-1-1-10,2020,2,15,32,9,3,RAINY
1-1-1-10,2020,2,16,38,-8,7,SUNNY
1-1-1-10,2020,2,17,49,31,8,CLOUDY
1-1-1-10,2020,2,18,-10,-10,3,SUNNY
1-1-1-10,2020,2,19,4,-1,10,SNOWY
1-1-1-10,2020,2,20,6,-4,6,CLOUDY
1-1-1-10,2020,2,21,-7,-10,5,CLOUDY
1-1-1-10,2020,2,22,49,18,9,RAINY
1-1-1-10,2020,2,23,31,14,3,CLOUDY
1-1-1-10,2020,2,24,5,-10,10,CLOUDY
1-1-1-10,2020,2,25,2,0,4,SUNNY
1-1-1-10,2020,2,26,34,21,2,RAINY
1-1-1-10,2020,2,27,5,-6,1,CLOUDY
1-1-1-10,2020,2,28,9,-3,1,RAINY
1-1-1-10,2020,3,1,26,-6,10,RAINY
1-1-1-10,2020,3,2,12,-2,4,SUNNY
1-1-1-10,2020,3,3,19,6,0,SNOWY
1-1-1-10,2020,3,4,10,0,2,SNOWY
1-1-1-10,2020,3,5,48,-9,10,CLOUDY
1-1-1-10,2020,3,6,34,25,12,CLOUDY
1-1-1-10,2020,3,7,-1,-10,9,SUNNY
1-1-1-10,2020,3,8,4,-3,11,SUNNY
1-1-1-10,2020,3,9,45,38,2,SUNNY
1-1-1-10,2020,3,10,40,31,9,RAINY
1-1-1-10,2020,3,11,23,2,12,RAINY
1-1-1-10,2020,3,12,31,-10,11,SNOWY
1-1-1-10,2020,3,13,7,-7,3,CLOUDY
1-1-1-10,2020,3,14,22,22,3,SUNNY
1-1-1-10,2020,3,15,35,-7,9,SUNNY
1-1-1-10,2020,3,16,47,12,4,SNOWY
1-1-1-10,2020,3,17,22,4,3,SNOWY
1-1-1-10,2020,3,18,1,-6,1,RAINY
1-1-1-10,2020,3,19,30,-3,12,CLOUDY
1-1-1-10,2020,3,20,16,13,2,SNOWY
1-1-1-10,2020,3,21,49,41,7,CLOUDY
1-1-1-10,2020,3,22,47,46,2,CLOUDY
1-1-1-10,2020,3,23,15,2,2,SUNNY
1-1-1-10,2020,3,24,46,1,10,CLOUDY
1-1-1-10,2020,3,25,18,18,4,SNOWY
1-1-1-10,2020,3,26,29,29,11,CLOUDY
1-1-1-10,2020,3,27,7,3,4,RAINY
1-1-1-10,2020,3,28,3,-3,5,RAINY
1-1-1-10,2020,4,1,-7,-10,9,CLOUDY
1-1-1-10,2020,4,2,49,-7,11,RAINY
1-1-1-10,2020,4,3,28,20,6,SNOWY
1-1-1-10,2020,4,4,-6,-10,4,SNOWY
1-1-1-10,2020,4,5,-9,-10,9,SNOWY
1-1-1-10,2020,4,6,8,-4,4,SNOWY
1-1-1-10,2020,4,7,50,12,3,SNOWY
1-1-1-10,2020,4,8,-5,-7,12,SNOWY
1-1-1-10,2020,4,9,42,16,11,CLOUDY
1-1-1-10,2020,4,10,10,7,9,SUNNY
1-1-1-10,2020,4,11,30,4,10,RAINY
1-1-1-10,2020,4,12,45,23,1,SNOWY
1-1-1-10,2020,4,13,24,22,7,SUNNY
1-1-1-10,2020,4,14,21,2,0,RAINY
1-1-1-10,2020,4,15,-5,-7,7,SUNNY
1-1-1-10,2020,4,16,46,1,4,RAINY
1-1-1-10,2020,4,17,-10,-10,1,SNOWY
1-1-1-10,2020,4,18,29,6,5,CLOUDY
1-1-1-10,2020,4,19,-3,-4,12,CLOUDY
1-1-1-10,2020,4,20,38,33,6,CLOUDY
1-1-1-10,2020,4,21,26,-8,10,SUNNY
1-1-1-10,2020,4,22,41,-9,3,RAINY
1-1-1-10,2020,4,23,19,-10,0,CLOUDY
1-1-1-10,2020,4,24,44,21,11,CLOUDY
1-1-1-10,2020,4,25,-2,-9,1,SNOWY
1-1-1-10,2020,4,26,19,-2,11,SNOWY
1-1-1-10,2020,4,27,-9,-10,5,SUNNY
1-1-1-10,2020,4,28,7,1,4,CLOUDY
1-1-1-10,2020,5,1,26,-2,12,SUNNY
1-1-1-10,2020,5,2,10,-3,4,CLOUDY
1-1-1-10,2020,5,3,46,21,1,RAINY
1-1-1-10,2020,5,4,19,-9,12,SNOWY
1-1-1-10,2020,5,5,46,43,4,CLOUDY
1-1-1-10,2020,5,6,5,4,10,SUNNY
1-1-1-10,2020,5,7,28,-6,11,SNOWY
1-1-1-10,2020,5,8,24,14,1,RAINY
1-1-1-10,2020,5,9,17,-6,5,RAINY
1-1-1-10,2020,5,10,29,20,9,CLOUDY
1-1-1-10,2020,5,11,-3,-9,5,CLOUDY
1-1-1-10,2020,5,12,48,-3,10,SNOWY
1-1-1-10,2020,5,13,42,5,1,RAINY
1-1-1-10,2020,5,14,10,-2,11,SUNNY
1-1-1-10,2020,5,15,31,29,1,CLOUDY
1-1-1-10,2020,5,16,4,-9,2,SUNNY
1-1-1-10,2020,5,17,43,5,4,CLOUDY
1-1-1-10,2020,5,18,29,6,12,SUNNY
1-1-1-10,2020,5,19,29,27,8,CLOUDY
1-1-1-10,2020,5,20,20,7,0,RAINY
1-1-1-10,2020,5,21,-8,-9,0,CLOUDY
1-1-1-10,2020,5,22,11,5,1,CLOUDY
1-1-1-10,2020,5,23,-7,-10,5,SUNNY
1-1-1-10,2020,5,24,43,-6,9,SUNNY
1-1-1-10,2020,5,25,34,-5,10,SNOWY
1-1-1-10,2020,5,26,31,28,5,SUNNY
1-1-1-10,2020,5,27,37,27,3,SNOWY
1-1-1-10,2020,5,28,-5,-7,0,SNOWY
1-1-1-10,2020,6,1,23,2,2,CLOUDY
1-1-1-10,2020,6,2,19,19,8,CLOUDY
1-1-1-10,2020,6,3,27,16,1,SNOWY
1-1-1-10,2020,6,4,20,17,8,CLOUDY
1-1-1-10,2020,6,5,-10,-10,6,SUNNY
1-1-1-10,2020,6,6,12,-7,4,SNOWY
1-1-1-10,2020,6,7,23,22,3,SUNNY
1-1-1-10,2020,6,8,4,-5,2,SUNNY
1-1-1-10,2020,6,9,17,9,9,RAINY
1-1-1-10,2020,6,10,15,3,7,SNOWY
1-1-1-10,2020,6,11,32,-5,11,RAINY
1-1-1-10,2020,6,12,20,17,10,RAINY
1-1-1-10,2020,6,13,9,7,3,RAINY
1-1-1-10,2020,6,14,21,-6,10,RAINY
1-1-1-10,2020,6,15,25,10,11,SUNNY
1-1-1-10,2020,6,16,49,-7,0,SUNNY
1-1-1-10,2020,6,17,-1,-10,8,SNOWY
1-1-1-10,2020,6,18,-3,-4,8,SNOWY
1-1-1-10,2020,6,19,4,-7,1,CLOUDY
1-1-1-10,2020,6,20,-8,-9,11,RAINY
1-1-1-10,2020,6,21,35,4,3,RAINY
1-1-1-10,2020,6,22,-2,-9,9,SNOWY
1-1-1-10,2020,6,23,28,24,3,SUNNY
1-1-1-10,2020,6,24,4,-1,8,CLOUDY
1-1-1-10,2020,6,25,-10,-10,5,SNOWY
1-1-1-10,2020,6,26,43,8,10,CLOUDY
1-1-1-10,2020,6,27,39,20,5,SUNNY
1-1-1-10,2020,6,28,26,9,10,SNOWY
1-1-1-10,2020,7,1,-10,-10,6,SUNNY
1-1-1-10,2020,7,2,40,13,2,SUNNY
1-1-1-10,2020,7,3,35,23,10,RAINY
1-1-1-10,2020,7,4,46,5,2,RAINY
1-1-1-10,2020,7,5,0,-4,3,SUNNY
1-1-1-10,2020,7,6,22,-9,4,SUNNY
1-1-1-10,2020,7,7,6,4,0,SUNNY
1-1-1-10,2020,7,8,27,22,7,CLOUDY
1-1-1-10,2020,7,9,26,22,10,CLOUDY
1-1-1-10,2020,7,10,5,-6,2,RAINY
1-1-1-10,2020,7,11,32,-7,8,RAINY
1-1-1-10,2020,7,12,48,15,4,SNOWY
1-1-1-10,2020,7,13,-5,-6,9,SUNNY
1-1-1-10,2020,7,14,13,6,5,RAINY
1-1-1-10,2020,7,15,13,7,10,RAINY
1-1-1-10,2020,7,16,25,3,6,CLOUDY
1-1-1-10,2020,7,17,7,-9,7,CLOUDY
1-1-1-10,2020,7,18,25,23,1,RAINY
1-1-1-10,2020,7,19,49,18,11,SNOWY
1-1-1-10,2020,7,20,-9,-10,3,SNOWY
1-1-1-10,2020,7,21,15,5,5,RAINY
1-1-1-10,2020,7,22,-7,-8,3,RAINY
1-1-1-10,2020,7,23,42,38,10,SNOWY
1-1-1-10,2020,7,24,16,6,10,RAINY
1-1-1-10,2020,7,25,-1,-6,11,SUNNY
1-1-1-10,2020,7,26,-5,-9,9,RAINY
1-1-1-10,2020,7,27,-6,-9,4,SNOWY
1-1-1-10,2020,7,28,8,-5,8,RAINY
1-1-1-10,2020,8,1,40,40,12,RAINY
1-1-1-10,2020,8,2,48,19,9,SUNNY
1-1-1-10,2020,8,3,45,9,5,SUNNY
1-1-1-10,2020,8,4,38,38,4,RAINY
1-1-1-10,2020,8,5,43,23,7,SUNNY
1-1-1-10,2020,8,6,23,12,10,CLOUDY
1-1-1-10,2020,8,7,25,-7,11,SNOWY
1-1-1-10,2020,8,8,7,-5,8,SUNNY
1-1-1-10,2020,8,9,39,-6,4,RAINY
1-1-1-10,2020,8,10,29,4,11,SNOWY
1-1-1-10,2020,8,11,41,28,4,SNOWY
1-1-1-10,2020,8,12,1,-9,4,SUNNY
1-1-1-10,2020,8,13,50,17,0,CLOUDY
1-1-1-10,2020,8,14,45,-3,5,CLOUDY
1-1-1-10,2020,8,15,-4,-7,6,SUNNY
1-1-1-10,2020,8,16,28,26,10,SNOWY
1-1-1-10,2020,8,17,33,32,12,RAINY
1-1-1-10,2020,8,18,47,17,1,SUNNY
1-1-1-10,2020,8,19,11,-2,8,CLOUDY
1-1-1-10,2020,8,20,3,0,9,SUNNY
1-1-1-10,2020,8,21,11,9,6,SNOWY
1-1-1-10,2020,8,22,21,-6,1,CLOUDY
1-1-1-10,2020,8,23,-1,-4,6,CLOUDY
1-1-1-10,2020,8,24,18,8,8,SNOWY
1-1-1-10,2020,8,25,17,4,2,SNOWY
1-1-1-10,2020,8,26,25,7,11,RAINY
1-1-1-10,2020,8,27,7,0,0,CLOUDY
1-1-1-10,2020,8,28,-2,-4,1,SNOWY
1-1-1-10,2020,9,1,47,21,0,RAINY
1-1-1-10,2020,9,2,49,21,3,RAINY
1-1-1-10,2020,9,3,42,42,5,RAINY
1-1-1-10,2020,9,4,22,16,7,CLOUDY
1-1-1-10,2020,9,5,4,0,6,SNOWY
1-1-1-10,2020,9,6,32,30,5,RAINY
1-1-1-10,2020,9,7,41,33,8,RAINY
1-1-1-10,2020,9,8,8,7,11,RAINY
1-1-1-10,2020,9,9,-6,-9,5,SNOWY
1-1-1-10,2020,9,10,0,-6,8,CLOUDY
1-1-1-10,2020,9,11,48,35,8,SNOWY
1-1-1-10,2020,9,12,4,-3,7,RAINY
1-1-1-10,2020,9,13,4,-6,1,CLOUDY
1-1-1-10,2020,9,14,44,44,12,SUNNY
1-1-1-10,2020,9,15,42,28,10,CLOUDY
1-1-1-10,2020,9,16,40,4,4,SUNNY
1-1-1-10,2020,9,17,49,34,0,RAINY
1-1-1-10,2020,9,18,-2,-5,12,RAINY
1-1-1-10,2020,9,19,-1,-7,3,SNOWY
1-1-1-10,2020,9,20,47,-3,11,RAINY
1-1-1-10,2020,9,21,30,20,4,SNOWY
1-1-1-10,2020,9,22,49,44,3,CLOUDY
1-1-1-10,2020,9,23,11,6,2,SNOWY
1-1-1-10,2020,9,24,7,-4,9,RAINY
1-1-1-10,2020,9,25,15,-3,0,RAINY
1-1-1-10,2020,9,26,12,7,6,RAINY
1-1-1-10,2020,9,27,50,11,7,RAINY
1-1-1-10,2020,9,28,19,16,9,SNOWY
1-1-1-10,2020,10,1,-8,-10,3,SNOWY
1-1-1-10,2020,10,2,17,2,7,SUNNY
1-1-1-10,2020,10,3,46,-8,0,RAINY
1-1-1-10,2020,10,4,14,10,6,SUNNY
1-1-1-10,2020,10,5,36,-1,8,SUNNY
1-1-1-10,2020,10,6,39,2,5,RAINY
1-1-1-10,2020,10,7,19,10,4,SNOWY
1-1-1-10,2020,10,8,15,5,2,RAINY
1-1-1-10,2020,10,9,39,-2,11,RAINY
1-1-1-10,2020,10,10,-1,-8,1,RAINY
1-1-1-10,2020,10,11,26,-2,12,RAINY
1-1-1-10,2020,10,12,42,13,9,CLOUDY
1-1-1-10,2020,10,13,34,-2,3,RAINY
1-1-1-10,2020,10,14,27,24,9,RAINY
1-1-1-10,2020,10,15,34,21,12,SUNNY
1-1-1-10,2020,10,16,23,16,10,CLOUDY
1-1-1-10,2020,10,17,5,-10,2,SUNNY
1-1-1-10,2020,10,18,44,9,9,SUNNY
1-1-1-10,2020,10,19,-6,-7,6,CLOUDY
1-1-1-10,2020,10,20,27,27,6,RAINY
1-1-1-10,2020,10,21,11,-6,11,SNOWY
1-1-1-10,2020,10,22,6,-4,6,CLOUDY
1-1-1-10,2020,10,23,42,0,3,CLOUDY
1-1-1-10,2020,10,24,49,6,11,SNOWY
1-1-1-10,2020,10,25,44,18,0,RAINY
1-1-1-10,2020,10,26,11,-3,6,SNOWY
1-1-1-10,2020,10,27,22,-3,9,SNOWY
1-1-1-10,2020,10,28,22,19,2,SNOWY
1-1-1-10,2020,11,1,50,46,6,RAINY
1-1-1-10,2020,11,2,9,6,6,CLOUDY
1-1-1-10,2020,11,3,41,-5,12,CLOUDY
1-1-1-10,2020,11,4,35,19,3,SUNNY
1-1-1-10,2020,11,5,16,13,5,SNOWY
1-1-1-10,2020,11,6,-3,-5,3,RAINY
1-1-1-10,2020,11,7,-2,-10,7,SNOWY
1-1-1-10,2020,11,8,-2,-10,10,SNOWY
1-1-1-10,2020,11,9,-9,-10,7,CLOUDY
1-1-1-10,2020,11,10,37,8,3,SNOWY
1-1-1-10,2020,11,11,7,1,12,SNOWY
1-1-1-10,2020,11,12,-6,-7,12,SNOWY
1-1-1-10,2020,11,13,22,-6,6,RAINY
1-1-1-10,2020,11,14,-9,-10,11,SNOWY
1-1-1-10,2020,11,15,-1,-8,9,RAINY
1-1-1-10,2020,11,16,45,0,6,SNOWY
1-1-1-10,2020,11,17,44,31,3,RAINY
1-1-1-10,2020,11,18,8,0,12,RAINY
1-1-1-10,2020,11,19,32,19,4,CLOUDY
1-1-1-10,2020,11,20,36,-9,0,SUNNY
1-1-1-10,2020,11,21,16,-7,10,RAINY
1-1-1-10,2020,11,22,47,8,6,RAINY
1-1-1-10,2020,11,23,7,-4,11,SUNNY
1-1-1-10,2020,11,24,31,20,4,CLOUDY
1-1-1-10,2020,11,25,20,12,6,SUNNY
1-1-1-10,2020,11,26,29,1,2,CLOUDY
1-1-1-10,2020,11,27,-6,-9,0,SNOWY
1-1-1-10,2020,11,28,-2,-6,11,CLOUDY
1-1-1-10,2020,12,1,20,14,10,SNOWY
1-1-1-10,2020,12,2,31,12,7,RAINY
1-1-1-10,2020,12,3,21,12,0,SUNNY
1-1-1-10,2020,12,4,50,21,11,SUNNY
1-1-1-10,2020,12,5,-8,-9,1,SNOWY
1-1-1-10,2020,12,6,1,-6,4,CLOUDY
1-1-1-10,2020,12,7,-9,-10,8,SNOWY
1-1-1-10,2020,12,8,29,21,2,SUNNY
1-1-1-10,2020,12,9,27,-7,2,SUNNY
1-1-1-10,2020,12,10,1,-2,9,SUNNY
1-1-1-10,2020,12,11,10,-10,7,RAINY
1-1-1-10,2020,12,12,-8,-10,5,SUNNY
1-1-1-10,2020,12,13,17,-2,1,SNOWY
1-1-1-10,2020,12,14,1,-3,12,RAINY
1-1-1-10,2020,12,15,13,11,8,SNOWY
1-1-1-10,2020,12,16,26,23,5,RAINY
1-1-1-10,2020,12,17,34,31,10,SUNNY
1-1-1-10,2020,12,18,-6,-7,11,CLOUDY
1-1-1-10,2020,12,19,20,-4,6,SUNNY
1-1-1-10,2020,12,20,28,22,2,CLOUDY
1-1-1-10,2020,12,21,-10,-10,0,CLOUDY
1-1-1-10,2020,12,22,28,18,7,SUNNY
1-1-1-10,2020,12,23,5,0,6,SNOWY
1-1-1-10,2020,12,24,14,4,0,SUNNY
1-1-1-10,2020,12,25,11,-5,4,SNOWY
1-1-1-10,2020,12,26,9,-7,6,SUNNY
1-1-1-10,2020,12,27,15,12,3,SUNNY
1-1-1-10,2020,12,28,9,-10,3,RAINY
1-1-1-11,2020,1,1,31,-5,12,CLOUDY
1-1-1-11,2020,1,2,49,14,2,RAINY
1-1-1-11,2020,1,3,43,29,5,RAINY
1-1-1-11,2020,1,4,-9,-10,11,CLOUDY
1-1-1-11,2020,1,5,-7,-10,11,RAINY
1-1-1-11,2020,1,6,32,-8,8,SNOWY
1-1-1-11,2020,1,7,-9,-10,0,RAINY
1-1-1-11,2020,1,8,-3,-9,10,SUNNY
1-1-1-11,2020,1,9,37,21,6,SNOWY
1-1-1-11,2020,1,10,11,-9,9,SUNNY
1-1-1-11,2020,1,11,2,-1,2,RAINY
1-1-1-11,2020,1,12,0,-9,4,SUNNY
1-1-1-11,2020,1,13,-7,-9,0,RAINY
1-1-1-11,2020,1,14,20,-6,5,CLOUDY
1-1-1-11,2020,1,15,24,12,12,SNOWY
1-1-1-11,2020,1,16,25,4,10,RAINY
1-1-1-11,2020,1,17,-8,-9,3,SUNNY
1-1-1-11,2020,1,18,-9,-10,10,CLOUDY
1-1-1-11,2020,1,19,27,1,0,RAINY
1-1-1-11,2020,1,20,8,-7,8,SNOWY
1-1-1-11,2020,1,21,12,12,0,SNOWY
1-1-1-11,2020,1,22,3,-9,0,SUNNY
1-1-1-11,2020,1,23,46,28,10,SUNNY
1-1-1-11,2020,1,24,-3,-5,11,SNOWY
1-1-1-11,2020,1,25,9,-2,9,RAINY
1-1-1-11,2020,1,26,48,0,2,CLOUDY
1-1-1-11,2020,1,27,12,2,3,SUNNY
1-1-1-11,2020,1,28,12,12,1,RAINY
1-1-1-11,2020,2,1,38,17,0,SNOWY
1-1-1-11,2020,2,2,-8,-9,4,CLOUDY
1-1-1-11,2020,2,3,12,9,4,SNOWY
1-1-1-11,2020,2,4,23,-2,10,SUNNY
1-1-1-11,2020,2,5,45,36,8,RAINY
1-1-1-11,2020,2,6,-10,-10,4,RAINY
1-1-1-11,2020,2,7,28,-2,10,SUNNY
1-1-1-11,2020,2,8,44,11,9,SUNNY
1-1-1-11,2020,2,9,37,-3,8,CLOUDY
1-1-1-11,2020,2,10,11,-10,10,SNOWY
1-1-1-11,2020,2,11,8,-3,4,SUNNY
1-1-1-11,2020,2,12,37,34,11,SUNNY
1-1-1-11,2020,2,13,34,-9,7,CLOUDY
1-1-1-11,2020,2,14,-1,-7,9,SUNNY
1-1-1-11,2020,2,15,28,9,5,RAINY
1-1-1-11,2020,2,16,31,6,7,CLOUDY
1-1-1-11,2020,2,17,19,-2,4,SUNNY
1-1-1-11,2020,2,18,36,7,7,SUNNY
1-1-1-11,2020,2,19,18,-7,11,SNOWY
1-1-1-11,2020,2,20,19,-6,0,SNOWY
1-1-1-11,2020,2,21,-5,-6,5,RAINY
1-1-1-11,2020,2,22,22,7,10,SUNNY
1-1-1-11,2020,2,23,44,20,9,SNOWY
1-1-1-11,2020,2,24,4,-10,2,SUNNY
1-1-1-11,2020,2,25,36,36,8,RAINY
1-1-1-11,2020,2,26,6,-6,11,CLOUDY
1-1-1-11,2020,2,27,28,26,6,RAINY
1-1-1-11,2020,2,28,-10,-10,9,SNOWY
1-1-1-11,2020,3,1,40,38,6,CLOUDY
1-1-1-11,2020,3,2,8,-7,0,CLOUDY
1-1-1-11,2020,3,3,31,11,4,CLOUDY
1-1-1-11,2020,3,4,35,31,0,RAINY
1-1-1-11,2020,3,5,9,-2,4,SUNNY
1-1-1-11,2020,3,6,0,-7,7,RAINY
1-1-1-11,2020,3,7,45,2,9,CLOUDY
1-1-1-11,2020,3,8,5,-9,12,RAINY
1-1-1-11,2020,3,9,34,27,4,CLOUDY
1-1-1-11,2020,3,10,36,20,2,SNOWY
1-1-1-11,2020,3,11,11,4,10,CLOUDY
1-1-1-11,2020,3,12,3,-9,0,CLOUDY
1-1-1-11,2020,3,13,30,-2,6,SNOWY
1-1-1-11,2020,3,14,-1,-6,4,SNOWY
1-1-1-11,2020,3,15,45,11,8,RAINY
1-1-1-11,2020,3,16,-5,-7,8,SNOWY
1-1-1-11,2020,3,17,5,1,2,RAINY
1-1-1-11,2020,3,18,35,35,9,SUNNY
1-1-1-11,2020,3,19,9,3,9,CLOUDY
1-1-1-11,2020,3,20,36,33,5,RAINY
1-1-1-11,2020,3,21,29,4,5,CLOUDY
1-1-1-11,2020,3,22,48,5,12,RAINY
1-1-1-11,2020,3,23,40,32,5,RAINY
1-1-1-11,2020,3,24,-10,-10,7,CLOUDY
1-1-1-11,2020,3,25,12,10,10,SNOWY
1-1-1-11,2020,3,26,4,2,12,SUNNY
1-1-1-11,2020,3,27,43,37,2,CLOUDY
1-1-1-11,2020,3,28,3,-9,4,SNOWY
1-1-1-11,2020,4,1,46,2,0,SNOWY
1-1-1-11,2020,4,2,9,1,7,RAINY
1-1-1-11,2020,4,3,-3,-5,12,SNOWY
1-1-1-11,2020,4,4,35,-9,6,SNOWY
1-1-1-11,2020,4,5,50,-5,7,SUNNY
1-1-1-11,2020,4,6,45,-5,10,RAINY
1-1-1-11,2020,4,7,1,-10,1,CLOUDY
1-1-1-11,2020,4,8,-9,-10,9,CLOUDY
1-1-1-11,2020,4,9,-6,-7,3,SUNNY
1-1-1-11,2020,4,10,9,1,9,SUNNY
1-1-1-11,2020,4,11,22,21,6,RAINY
1-1-1-11,2020,4,12,-9,-10,10,SUNNY
1-1-1-11,2020,4,13,26,12,12,SNOWY
1-1-1-11,2020,4,14,11,6,11,RAINY
1-1-1-11,2020,4,15,49,-4,0,RAINY
1-1-1-11,2020,4,16,44,25,5,RAINY
1-1-1-11,2020,4,17,30,-7,6,SNOWY
1-1-1-11,2020,4,18,9,1,9,SUNNY
1-1-1-11,2020,4,19,11,-10,5,SUNNY
1-1-1-11,2020,4,20,39,9,7,CLOUDY
1-1-1-11,2020,4,21,43,10,11,CLOUDY
1-1-1-11,2020,4,22,18,-7,2,RAINY
1-1-1-11,2020,4,23,14,1,5,CLOUDY
1-1-1-11,2020,4,24,28,24,10,SUNNY
1-1-1-11,2020,4,25,7,-9,0,SUNNY
1-1-1-11,2020,4,26,17,6,11,CLOUDY
1-1-1-11,2020,4,27,8,3,9,CLOUDY
1-1-1-11,2020,4,28,-4,-7,6,CLOUDY
1-1-1-11,2020,5,1,-2,-6,12,RAINY
1-1-1-11,2020,5,2,33,18,10,SNOWY
1-1-1-11,2020,5,3,42,16,4,RAINY
1-1-1-11,2020,5,4,26,10,2,SUNNY
1-1-1-11,2020,5,5,12,-8,11,SUNNY
1-1-1-11,2020,5,6,40,0,5,SNOWY
1-1-1-11,2020,5,7,7,4,7,CLOUDY
1-1-1-11,2020,5,8,36,2,8,CLOUDY
1-1-1-11,2020,5,9,49,-7,12,SUNNY
1-1-1-11,2020,5,10,-5,-9,9,SUNNY
1-1-1-11,2020,5,11,35,23,5,SNOWY
1-1-1-11,2020,5,12,5,-2,0,RAINY
1-1-1-11,2020,5,13,39,7,10,SUNNY
1-1-1-11,2020,5,14,26,9,0,SNOWY
1-1-1-11,2020,5,15,-8,-9,11,RAINY
1-1-1-11,2020,5,16,26,24,3,RAINY
1-1-1-11,2020,5,17,23,10,8,SUNNY
1-1-1-11,2020,5,18,33,22,7,SNOWY
1-1-1-11,2020,5,19,-6,-7,10,RAINY
1-1-1-11,2020,5,20,36,21,6,SUNNY
1-1-1-11,2020,5,21,19,-6,1,SNOWY
1-1-1-11,2020,5,22,31,16,8,CLOUDY
1-1-1-11,2020,5,23,32,-7,12,SNOWY
1-1-1-11,2020,5,24,-10,-10,4,SNOWY
1-1-1-11,2020,5,25,31,31,10,SNOWY
1-1-1-11,2020,5,26,-2,-6,5,RAINY
1-1-1-11,2020,5,27,-7,-8,8,RAINY
1-1-1-11,2020,5,28,-7,-8,3,RAINY
1-1-1-11,2020,6,1,47,-10,0,SUNNY
1-1-1-11,2020,6,2,2,-3,12,SUNNY
1-1-1-11,2020,6,3,37,21,2,SNOWY
1-1-1-11,2020,6,4,44,-3,9,SNOWY
1-1-1-11,2020,6,5,49,7,5,SNOWY
1-1-1-11,2020,6,6,4,1,5,SNOWY
1-1-1-11,2020,6,7,-7,-10,3,RAINY
1-1-1-11,2020,6,8,24,8,7,RAINY
1-1-1-11,2020,6,9,40,35,6,SUNNY
1-1-1-11,2020,6,10,41,9,10,SUNNY
1-1-1-11,2020,6,11,24,2,2,RAINY
1-1-1-11,2020,6,12,44,5,0,SNOWY
1-1-1-11,2020,6,13,17,0,10,SNOWY
1-1-1-11,2020,6,14,45,23,9,SUNNY
1-1-1-11,2020,6,15,32,9,12,RAINY
1-1-1-11,2020,6,16,12,10,2,SNOWY
1-1-1-11,2020,6,17,-8,-9,10,RAINY
1-1-1-11,2020,6,18,-1,-2,2,SNOWY
1-1-1-11,2020,6,19,33,12,5,SUNNY
1-1-1-11,2020,6,20,36,4,5,CLOUDY
1-1-1-11,2020,6,21,47,13,0,RAINY
1-1-1-11,2020,6,22,-7,-10,6,SNOWY
1-1-1-11,2020,6,23,22,1,2,RAINY
1-1-1-11,2020,6,24,36,35,3,SUNNY
1-1-1-11,2020,6,25,11,10,10,SNOWY
1-1-1-11,2020,6,26,33,20,0,CLOUDY
1-1-1-11,2020,6,27,28,-2,11,CLOUDY
1-1-1-11,2020,6,28,33,13,10,SNOWY
1-1-1-11,2020,7,1,15,-3,11,CLOUDY
1-1-1-11,2020,7,2,44,25,9,SUNNY
1-1-1-11,2020,7,3,40,15,0,CLOUDY
1-1-1-11,2020,7,4,30,2,11,SNOWY
1-1-1-11,2020,7,5,29,26,1,CLOUDY
1-1-1-11,2020,7,6,49,32,9,SNOWY
1-1-1-11,2020,7,7,-6,-7,4,RAINY
1-1-1-11,2020,7,8,-8,-9,4,SUNNY
1-1-1-11,2020,7,9,33,18,12,SNOWY
1-1-1-11,2020,7,10,45,-6,11,SNOWY
1-1-1-11,2020,7,11,4,0,2,RAINY
1-1-1-11,2020,7,12,40,14,6,RAINY
1-1-1-11,2020,7,13,21,0,12,CLOUDY
1-1-1-11,2020,7,14,35,31,6,CLOUDY
1-1-1-11,2020,7,15,36,34,5,RAINY
1-1-1-11,2020,7,16,1,1,7,CLOUDY
1-1-1-11,2020,7,17,35,24,10,CLOUDY
1-1-1-11,2020,7,18,0,-3,0,SUNNY
1-1-1-11,2020,7,19,16,-4,8,RAINY
1-1-1-11,2020,7,20,8,-3,6,SNOWY
1-1-1-11,2020,7,21,35,12,5,RAINY
1-1-1-11,2020,7,22,38,34,1,SUNNY
1-1-1-11,2020,7,23,20,-6,6,SNOWY
1-1-1-11,2020,7,24,41,14,8,SNOWY
1-1-1-11,2020,7,25,45,15,6,SNOWY
1-1-1-11,2020,7,26,16,-6,5,CLOUDY
1-1-1-11,2020,7,27,41,30,3,RAINY
1-1-1-11,2020,7,28,43,36,1,SUNNY
1-1-1-11,2020,8,1,27,5,0,CLOUDY
1-1-1-11,2020,8,2,20,-6,11,SNOWY
1-1-1-11,2020,8,3,47,6,5,SNOWY
1-1-1-11,2020,8,4,28,23,8,SUNNY
1-1-1-11,2020,8,5,33,8,3,CLOUDY
1-1-1-11,2020,8,6,-7,-10,1,RAINY
1-1-1-11,2020,8,7,33,-2,7,CLOUDY
1-1-1-11,2020,8,8,-10,-10,6,CLOUDY
1-1-1-11,2020,8,9,8,-3,2,SNOWY
1-1-1-11,2020,8,10,2,-5,6,CLOUDY
1-1-1-11,2020,8,11,0,-1,2,CLOUDY
1-1-1-11,2020,8,12,18,2,4,CLOUDY
1-1-1-11,2020,8,13,36,11,4,RAINY
1-1-1-11,2020,8,14,10,5,11,SNOWY
1-1-1-11,2020,8,15,43,31,11,CLOUDY
1-1-1-11,2020,8,16,29,5,7,CLOUDY
1-1-1-11,2020,8,17,-3,-6,11,RAINY
1-1-1-11,2020,8,18,-3,-5,11,SNOWY
1-1-1-11,2020,8,19,-6,-10,9,CLOUDY
1-1-1-11,2020,8,20,6,2,1,CLOUDY
1-1-1-11,2020,8,21,15,5,11,SUNNY
1-1-1-11,2020,8,22,-5,-10,11,CLOUDY
1-1-1-11,2020,8,23,31,22,4,CLOUDY
1-1-1-11,2020,8,24,35,9,2,CLOUDY
1-1-1-11,2020,8,25,-1,-3,7,CLOUDY
1-1-1-11,2020,8,26,36,0,10,SUNNY
1-1-1-11,2020,8,27,-7,-9,5,RAINY
1-1-1-11,2020,8,28,-3,-7,2,SUNNY
1-1-1-11,2020,9,1,26,14,12,SNOWY
1-1-1-11,2020,9,2,30,26,6,CLOUDY
1-1-1-11,2020,9,3,14,-10,8,SUNNY
1-1-1-11,2020,9,4,9,-10,10,SUNNY
1-1-1-11,2020,9,5,41,12,4,SNOWY
1-1-1-11,2020,9,6,12,6,8,SNOWY
1-1-1-11,2020,9,7,18,-10,12,RAINY
1-1-1-11,2020,9,8,4,-7,12,CLOUDY
1-1-1-11,2020,9,9,45,17,6,CLOUDY
1-1-1-11,2020,9,10,33,-2,4,RAINY
1-1-1-11,2020,9,11,17,10,3,SNOWY
1-1-1-11,2020,9,12,21,-1,2,CLOUDY
1-1-1-11,2020,9,13,24,-2,2,RAINY
1-1-1-11,2020,9,14,6,1,2,RAINY
1-1-1-11,2020,9,15,35,-5,6,RAINY
1-1-1-11,2020,9,16,35,20,10,CLOUDY
1-1-1-11,2020,9,17,3,-2,0,RAINY
1-1-1-11,2020,9,18,-6,-7,1,CLOUDY
1-1-1-11,2020,9,19,30,17,6,SNOWY
1-1-1-11,2020,9,20,43,4,2,CLOUDY
1-1-1-11,2020,9,21,31,-2,6,SUNNY
1-1-1-11,2020,9,22,9,4,11,CLOUDY
1-1-1-11,2020,9,23,3,-2,2,SUNNY
1-1-1-11,2020,9,24,12,-9,4,SUNNY
1-1-1-11,2020,9,25,48,12,4,RAINY
1-1-1-11,2020,9,26,28,18,2,SUNNY
1-1-1-11,2020,9,27,24,4,2,SNOWY
1-1-1-11,2020,9,28,36,32,11,SNOWY
1-1-1-11,2020,10,1,8,7,3,RAINY
1-1-1-11,2020,10,2,21,7,8,RAINY
1-1-1-11,2020,10,3,24,13,11,RAINY
1-1-1-11,2020,10,4,47,16,11,SUNNY
1-1-1-11,2020,10,5,17,1,7,RAINY
1-1-1-11,2020,10,6,20,10,10,SNOWY
1-1-1-11,2020,10,7,-7,-8,4,CLOUDY
1-1-1-11,2020,10,8,43,18,5,SNOWY
1-1-1-11,2020,10,9,30,-7,3,CLOUDY
1-1-1-11,2020,10,10,31,6,11,SNOWY
1-1-1-11,2020,10,11,50,-4,6,CLOUDY
1-1-1-11,2020,10,12,41,26,4,CLOUDY
1-1-1-11,2020,10,13,22,13,6,CLOUDY
1-1-1-11,2020,10,14,-9,-10,11,SUNNY
1-1-1-11,2020,10,15,42,0,7,SUNNY
1-1-1-11,2020,10,16,-10,-10,4,SNOWY
1-1-1-11,2020,10,17,34,22,11,SNOWY
1-1-1-11,2020,10,18,4,-5,12,SNOWY
1-1-1-11,2020,10,19,41,40,2,RAINY
1-1-1-11,2020,10,20,30,0,10,RAINY
1-1-1-11,2020,10,21,46,45,8,SNOWY
1-1-1-11,2020,10,22,24,-6,11,SUNNY
1-1-1-11,2020,10,23,-7,-10,7,CLOUDY
1-1-1-11,2020,10,24,49,22,1,SUNNY
1-1-1-11,2020,10,25,24,14,1,SUNNY
1-1-1-11,2020,10,26,0,-7,6,SNOWY
1-1-1-11,2020,10,27,40,20,1,SUNNY
1-1-1-11,2020,10,28,-6,-7,9,CLOUDY
1-1-1-11,2020,11,1,49,23,6,SUNNY
1-1-1-11,2020,11,2,21,19,3,RAINY
1-1-1-11,2020,11,3,27,-3,8,SNOWY
1-1-1-11,2020,11,4,8,-9,6,RAINY
1-1-1-11,2020,11,5,4,1,0,CLOUDY
1-1-1-11,2020,11,6,34,5,9,SNOWY
1-1-1-11,2020,11,7,8,-1,11,SUNNY
1-1-1-11,2020,11,8,44,1,9,RAINY
1-1-1-11,2020,11,9,-10,-10,12,RAINY
1-1-1-11,2020,11,10,-10,-10,0,CLOUDY
1-1-1-11,2020,11,11,40,13,8,CLOUDY
1-1-1-11,2020,11,12,41,6,3,CLOUDY
1-1-1-11,2020,11,13,14,11,2,RAINY
1-1-1-11,2020,11,14,7,-5,8,CLOUDY
1-1-1-11,2020,11,15,5,-3,0,SNOWY
1-1-1-11,2020,11,16,2,2,9,SNOWY
1-1-1-11,2020,11,17,1,0,11,CLOUDY
1-1-1-11,2020,11,18,8,-5,8,SUNNY
1-1-1-11,2020,11,19,49,20,3,RAINY
1-1-1-11,2020,11,20,-3,-6,7,RAINY
1-1-1-11,2020,11,21,-10,-10,8,SNOWY
1-1-1-11,2020,11,22,37,-2,8,CLOUDY
1-1-1-11,2020,11,23,23,18,1,SNOWY
1-1-1-11,2020,11,24,10,-9,5,SUNNY
1-1-1-11,2020,11,25,1,1,10,CLOUDY
1-1-1-11,2020,11,26,-2,-6,3,CLOUDY
1-1-1-11,2020,11,27,10,5,0,RAINY
1-1-1-11,2020,11,28,33,10,11,SUNNY
1-1-1-11,2020,12,1,-5,-9,4,SNOWY
1-1-1-11,2020,12,2,-2,-6,3,SUNNY
1-1-1-11,2020,12,3,-10,-10,8,SUNNY
1-1-1-11,2020,12,4,12,1,1,SNOWY
1-1-1-11,2020,12,5,13,-10,4,SUNNY
1-1-1-11,2020,12,6,15,0,7,SUNNY
1-1-1-11,2020,12,7,40,36,6,SNOWY
1-1-1-11,2020,12,8,31,15,1,SUNNY
1-1-1-11,2020,12,9,27,16,5,RAINY
1-1-1-11,2020,12,10,28,28,7,SNOWY
1-1-1-11,2020,12,11,19,8,0,SNOWY
1-1-1-11,2020,12,12,-6,-9,9,RAINY
1-1-1-11,2020,12,13,-8,-10,9,SUNNY
1-1-1-11,2020,12,14,36,31,9,RAINY
1-1-1-11,2020,12,15,14,-5,5,CLOUDY
1-1-1-11,2020,12,16,-6,-8,2,SUNNY
1-1-1-11,2020,12,17,-1,-3,8,SNOWY
1-1-1-11,2020,12,18,22,4,11,SUNNY
1-1-1-11,2020,12,19,50,21,9,RAINY
1-1-1-11,2020,12,20,41,9,6,RAINY
1-1-1-11,2020,12,21,16,9,4,CLOUDY
1-1-1-11,2020,12,22,27,4,2,SUNNY
1-1-1-11,2020,12,23,-2,-4,4,CLOUDY
1-1-1-11,2020,12,24,-7,-10,11,SUNNY
1-1-1-11,2020,12,25,49,-5,10,CLOUDY
1-1-1-11,2020,12,26,2,-9,2,CLOUDY
1-1-1-11,2020,12,27,37,20,6,CLOUDY
1-1-1-11,2020,12,28,-3,-7,3,SUNNY
1-1-1-12,2020,1,1,37,13,4,SUNNY
1-1-1-12,2020,1,2,-6,-9,10,RAINY
1-1-1-12,2020,1,3,40,5,5,SUNNY
1-1-1-12,2020,1,4,17,10,11,CLOUDY
1-1-1-12,2020,1,5,9,-4,9,RAINY
1-1-1-12,2020,1,6,19,17,0,RAINY
1-1-1-12,2020,1,7,48,46,4,SUNNY
1-1-1-12,2020,1,8,8,-1,3,SNOWY
1-1-1-12,2020,1,9,3,3,7,RAINY
1-1-1-12,2020,1,10,-10,-10,1,RAINY
1-1-1-12,2020,1,11,15,-2,10,SUNNY
1-1-1-12,2020,1,12,11,-1,1,CLOUDY
1-1-1-12,2020,1,13,47,-7,10,SNOWY
1-1-1-12,2020,1,14,10,3,4,RAINY
1-1-1-12,2020,1,15,3,-6,11,RAINY
1-1-1-12,2020,1,16,0,-2,7,SUNNY
1-1-1-12,2020,1,17,14,6,9,RAINY
1-1-1-12,2020,1,18,27,-1,5,SNOWY
1-1-1-12,2020,1,19,-9,-10,5,CLOUDY
1-1-1-12,2020,1,20,33,3,11,SUNNY
1-1-1-12,2020,1,21,11,-4,6,CLOUDY
1-1-1-12,2020,1,22,-1,-6,0,SUNNY
1-1-1-12,2020,1,23,1,1,10,RAINY
1-1-1-12,2020,1,24,21,5,2,RAINY
1-1-1-12,2020,1,25,19,5,5,RAINY
1-1-1-12,2020,1,26,19,9,3,SNOWY
1-1-1-12,2020,1,27,-7,-9,10,SNOWY
1-1-1-12,2020,1,28,36,25,2,CLOUDY
1-1-1-12,2020,2,1,-9,-10,3,CLOUDY
1-1-1-12,2020,2,2,10,5,8,RAINY
1-1-1-12,2020,2,3,7,-2,11,SNOWY
1-1-1-12,2020,2,4,-3,-8,1,SNOWY
1-1-1-12,2020,2,5,1,-1,5,RAINY
1-1-1-12,2020,2,6,23,5,11,SNOWY
1-1-1-12,2020,2,7,-3,-4,10,SNOWY
1-1-1-12,2020,2,8,30,-10,7,SNOWY
1-1-1-12,2020,2,9,10,-4,5,RAINY
1-1-1-12,2020,2,10,43,0,7,SNOWY
1-1-1-12,2020,2,11,-5,-8,10,CLOUDY
1-1-1-12,2020,2,12,33,3,5,RAINY
1-1-1-12,2020,2,13,41,16,11,RAINY
1-1-1-12,2020,2,14,26,-4,12,RAINY
1-1-1-12,2020,2,15,12,-5,0,RAINY
1-1-1-12,2020,2,16,-7,-8,9,SUNNY
1-1-1-12,2020,2,17,-4,-9,6,CLOUDY
1-1-1-12,2020,2,18,40,26,3,RAINY
1-1-1-12,2020,2,19,24,5,0,RAINY
1-1-1-12,2020,2,20,39,29,5,RAINY
1-1-1-12,2020,2,21,37,25,7,SUNNY
1-1-1-12,2020,2,22,38,9,2,SUNNY
1-1-1-12,2020,2,23,21,2,8,SNOWY
1-1-1-12,2020,2,24,37,15,2,SUNNY
1-1-1-12,2020,2,25,5,-7,4,SNOWY
1-1-1-12,2020,2,26,-8,-10,12,SNOWY
1-1-1-12,2020,2,27,35,-9,10,RAINY
1-1-1-12,2020,2,28,27,15,2,SUNNY
1-1-1-12,2020,3,1,-5,-8,1,SNOWY
1-1-1-12,2020,3,2,31,16,7,SNOWY
1-1-1-12,2020,3,3,40,20,9,SUNNY
1-1-1-12,2020,3,4,32,13,6,CLOUDY
1-1-1-12,2020,3,5,39,21,12,RAINY
1-1-1-12,2020,3,6,0,0,8,SUNNY
1-1-1-12,2020,3,7,26,11,10,CLOUDY
1-1-1-12,2020,3,8,23,4,7,CLOUDY
1-1-1-12,2020,3,9,47,36,12,SNOWY
1-1-1-12,2020,3,10,-2,-5,4,SNOWY
1-1-1-12,2020,3,11,35,24,3,SNOWY
1-1-1-12,2020,3,12,15,9,9,SUNNY
1-1-1-12,2020,3,13,38,24,8,SUNNY
1-1-1-12,2020,3,14,-5,-6,9,RAINY
1-1-1-12,2020,3,15,17,0,5,CLOUDY
1-1-1-12,2020,3,16,16,13,8,SUNNY
1-1-1-12,2020,3,17,18,15,11,RAINY
1-1-1-12,2020,3,18,20,12,9,CLOUDY
1-1-1-12,2020,3,19,38,17,7,SUNNY
1-1-1-12,2020,3,20,22,-8,12,SUNNY
1-1-1-12,2020,3,21,14,14,10,CLOUDY
1-1-1-12,2020,3,22,8,-8,5,SNOWY
1-1-1-12,2020,3,23,2,-5,3,CLOUDY
1-1-1-12,2020,3,24,48,12,3,SNOWY
1-1-1-12,2020,3,25,31,22,3,RAINY
1-1-1-12,2020,3,26,13,13,10,SUNNY
1-1-1-12,2020,3,27,40,-4,12,CLOUDY
1-1-1-12,2020,3,28,34,19,4,SNOWY
1-1-1-12,2020,4,1,7,-8,1,SUNNY
1-1-1-12,2020,4,2,50,13,9,RAINY
1-1-1-12,2020,4,3,9,3,6,RAINY
1-1-1-12,2020,4,4,-8,-9,8,CLOUDY
1-1-1-12,2020,4,5,22,-1,7,SUNNY
1-1-1-12,2020,4,6,43,14,12,RAINY
1-1-1-12,2020,4,7,42,2,4,RAINY
1-1-1-12,2020,4,8,25,11,11,SUNNY
1-1-1-12,2020,4,9,30,-5,9,SNOWY
1-1-1-12,2020,4,10,28,-5,5,RAINY
1-1-1-12,2020,4,11,15,8,11,CLOUDY
1-1-1-12,2020,4,12,6,-9,5,SNOWY
1-1-1-12,2020,4,13,-1,-6,6,CLOUDY
1-1-1-12,2020,4,14,19,3,12,SUNNY
1-1-1-12,2020,4,15,50,7,6,RAINY
1-1-1-12,2020,4,16,16,-6,7,SNOWY
1-1-1-12,2020,4,17,47,23,7,SNOWY
1-1-1-12,2020,4,18,0,-4,12,RAINY
1-1-1-12,2020,4,19,-8,-9,5,SNOWY
1-1-1-12,2020,4,20,27,12,6,SUNNY
1-1-1-12,2020,4,21,-1,-8,8,CLOUDY
1-1-1-12,2020,4,22,37,7,5,RAINY
1-1-1-12,2020,4,23,8,-2,5,SNOWY
1-1-1-12,2020,4,24,16,8,1,CLOUDY
1-1-1-12,2020,4,25,0,-5,9,CLOUDY
1-1-1-12,2020,4,26,29,20,6,SNOWY
1-1-1-12,2020,4,27,-1,-8,2,SNOWY
1-1-1-12,2020,4,28,-5,-8,6,SNOWY
1-1-1-12,2020,5,1,19,-1,7,RAINY
1-1-1-12,2020,5,2,6,-9,6,RAINY
1-1-1-12,2020,5,3,15,-6,0,SNOWY
1-1-1-12,2020,5,4,1,-1,11,SUNNY
1-1-1-12,2020,5,5,4,-7,10,SNOWY
1-1-1-12,2020,5,6,9,0,8,SUNNY
1-1-1-12,2020,5,7,35,0,5,RAINY
1-1-1-12,2020,5,8,46,1,3,SNOWY
1-1-1-12,2020,5,9,-2,-7,7,CLOUDY
1-1-1-12,2020,5,10,0,-1,4,SUNNY
1-1-1-12,2020,5,11,36,-10,9,RAINY
1-1-1-12,2020,5,12,20,6,12,SUNNY
1-1-1-12,2020,5,13,5,-6,7,CLOUDY
1-1-1-12,2020,5,14,-6,-10,6,RAINY
1-1-1-12,2020,5,15,13,1,6,SUNNY
1-1-1-12,2020,5,16,37,31,10,SNOWY
1-1-1-12,2020,5,17,47,31,1,SNOWY
1-1-1-12,2020,5,18,39,26,5,SUNNY
1-1-1-12,2020,5,19,23,11,0,CLOUDY
1-1-1-12,2020,5,20,37,21,12,SNOWY
1-1-1-12,2020,5,21,4,2,4,CLOUDY
1-1-1-12,2020,5,22,43,29,3,RAINY
1-1-1-12,2020,5,23,21,-10,6,RAINY
1-1-1-12,2020,5,24,28,18,12,CLOUDY
1-1-1-12,2020,5,25,-3,-8,8,SUNNY
1-1-1-12,2020,5,26,26,16,6,SNOWY
1-1-1-12,2020,5,27,26,24,5,CLOUDY
1-1-1-12,2020,5,28,9,-6,6,SNOWY
1-1-1-12,2020,6,1,12,6,5,CLOUDY
1-1-1-12,2020,6,2,-1,-5,2,SUNNY
1-1-1-12,2020,6,3,36,1,11,SUNNY
1-1-1-12,2020,6,4,11,-9,8,RAINY
1-1-1-12,2020,6,5,32,-1,8,CLOUDY
1-1-1-12,2020,6,6,4,-10,8,CLOUDY
1-1-1-12,2020,6,7,3,-6,2,SUNNY
1-1-1-12,2020,6,8,-5,-8,0,CLOUDY
1-1-1-12,2020,6,9,47,31,9,SUNNY
1-1-1-12,2020,6,10,25,13,9,SNOWY
1-1-1-12,2020,6,11,-3,-9,6,CLOUDY
1-1-1-12,2020,6,12,28,1,1,SNOWY
1-1-1-12,2020,6,13,22,9,1,SUNNY
1-1-1-12,2020,6,14,33,-6,7,CLOUDY
1-1-1-12,2020,6,15,29,-5,10,RAINY
1-1-1-12,2020,6,16,40,1,4,SNOWY
1-1-1-12,2020,6,17,6,-2,1,RAINY
1-1-1-12,2020,6,18,35,28,7,CLOUDY
1-1-1-12,2020,6,19,-10,-10,8,SUNNY
1-1-1-12,2020,6,20,38,38,3,SNOWY
1-1-1-12,2020,6,21,32,19,3,CLOUDY
1-1-1-12,2020,6,22,-1,-7,7,SUNNY
1-1-1-12,2020,6,23,28,-5,2,SNOWY
1-1-1-12,2020,6,24,28,9,4,SUNNY
1-1-1-12,2020,6,25,-1,-4,4,CLOUDY
1-1-1-12,2020,6,26,47,5,10,SNOWY
1-1-1-12,2020,6,27,42,27,0,SNOWY
1-1-1-12,2020,6,28,30,8,5,SNOWY
1-1-1-12,2020,7,1,-9,-10,7,CLOUDY
1-1-1-12,2020,7,2,14,-10,0,SUNNY
1-1-1-12,2020,7,3,36,2,4,SUNNY
1-1-1-12,2020,7,4,29,-7,12,SNOWY
1-1-1-12,2020,7,5,38,-6,5,SUNNY
1-1-1-12,2020,7,6,21,3,11,CLOUDY
1-1-1-12,2020,7,7,-6,-8,10,SUNNY
1-1-1-12,2020,7,8,45,16,0,SUNNY
1-1-1-12,2020,7,9,48,-7,6,CLOUDY
1-1-1-12,2020,7,10,14,11,11,CLOUDY
1-1-1-12,2020,7,11,12,10,0,RAINY
1-1-1-12,2020,7,12,17,12,9,RAINY
1-1-1-12,2020,7,13,47,32,11,RAINY
1-1-1-12,2020,7,14,-4,-9,2,SNOWY
1-1-1-12,2020,7,15,32,22,10,SUNNY
1-1-1-12,2020,7,16,11,0,12,RAINY
1-1-1-12,2020,7,17,47,-6,1,RAINY
1-1-1-12,2020,7,18,19,-6,5,RAINY
1-1-1-12,2020,7,19,-3,-7,1,SUNNY
1-1-1-12,2020,7,20,32,18,5,SNOWY
1-1-1-12,2020,7,21,26,1,11,SNOWY
1-1-1-12,2020,7,22,17,6,8,RAINY
1-1-1-12,2020,7,23,-4,-8,11,SUNNY
1-1-1-12,2020,7,24,33,20,2,RAINY
1-1-1-12,2020,7,25,-6,-9,1,CLOUDY
1-1-1-12,2020,7,26,19,6,11,SUNNY
1-1-1-12,2020,7,27,24,6,6,RAINY
1-1-1-12,2020,7,28,41,8,3,RAINY
1-1-1-12,2020,8,1,7,4,7,RAINY
1-1-1-12,2020,8,2,50,-2,12,SNOWY
1-1-1-12,2020,8,3,39,-5,0,RAINY
1-1-1-12,2020,8,4,28,-5,4,SUNNY
1-1-1-12,2020,8,5,38,1,8,SNOWY
1-1-1-12,2020,8,6,26,5,1,SUNNY
1-1-1-12,2020,8,7,29,2,1,SUNNY
1-1-1-12,2020,8,8,31,24,7,CLOUDY
1-1-1-12,2020,8,9,42,-2,12,SNOWY
1-1-1-12,2020,8,10,49,4,3,SNOWY
1-1-1-12,2020,8,11,35,21,9,SUNNY
1-1-1-12,2020,8,12,22,2,10,SUNNY
1-1-1-12,2020,8,13,19,0,2,CLOUDY
1-1-1-12,2020,8,14,-1,-3,7,SUNNY
1-1-1-12,2020,8,15,16,4,6,SUNNY
1-1-1-12,2020,8,16,47,-10,8,RAINY
1-1-1-12,2020,8,17,14,-10,10,SUNNY
1-1-1-12,2020,8,18,-5,-7,6,RAINY
1-1-1-12,2020,8,19,-8,-9,4,SNOWY
1-1-1-12,2020,8,20,28,7,6,SUNNY
1-1-1-12,2020,8,21,38,14,10,CLOUDY
1-1-1-12,2020,8,22,32,15,8,CLOUDY
1-1-1-12,2020,8,23,14,-3,1,SUNNY
1-1-1-12,2020,8,24,9,1,9,CLOUDY
1-1-1-12,2020,8,25,2,0,8,SNOWY
1-1-1-12,2020,8,26,31,1,3,CLOUDY
1-1-1-12,2020,8,27,11,-9,2,RAINY
1-1-1-12,2020,8,28,20,2,10,SUNNY
1-1-1-12,2020,9,1,-2,-5,11,SNOWY
1-1-1-12,2020,9,2,35,23,6,SUNNY
1-1-1-12,2020,9,3,7,-10,4,RAINY
1-1-1-12,2020,9,4,35,32,1,SNOWY
1-1-1-12,2020,9,5,11,7,2,CLOUDY
1-1-1-12,2020,9,6,26,9,7,SNOWY
1-1-1-12,2020,9,7,27,1,4,RAINY
1-1-1-12,2020,9,8,31,10,3,RAINY
1-1-1-12,2020,9,9,46,-9,11,SUNNY
1-1-1-12,2020,9,10,29,13,12,SUNNY
1-1-1-12,2020,9,11,-4,-10,12,RAINY
1-1-1-12,2020,9,12,17,-8,7,CLOUDY
1-1-1-12,2020,9,13,1,-2,8,SUNNY
1-1-1-12,2020,9,14,37,35,5,CLOUDY
1-1-1-12,2020,9,15,8,-8,1,SNOWY
1-1-1-12,2020,9,16,12,-6,4,CLOUDY
1-1-1-12,2020,9,17,31,-8,11,CLOUDY
1-1-1-12,2020,9,18,-10,-10,11,SUNNY
1-1-1-12,2020,9,19,-1,-7,7,RAINY
1-1-1-12,2020,9,20,-9,-10,6,CLOUDY
1-1-1-12,2020,9,21,20,-7,7,RAINY
1-1-1-12,2020,9,22,24,5,10,RAINY
1-1-1-12,2020,9,23,46,45,7,SUNNY
1-1-1-12,2020,9,24,30,4,3,CLOUDY
1-1-1-12,2020,9,25,38,28,6,SNOWY
1-1-1-12,2020,9,26,46,-4,8,RAINY
1-1-1-12,2020,9,27,-4,-7,2,SNOWY
1-1-1-12,2020,9,28,47,37,8,SUNNY
1-1-1-12,2020,10,1,-4,-8,1,RAINY
1-1-1-12,2020,10,2,29,19,4,SNOWY
1-1-1-12,2020,10,3,-8,-9,2,CLOUDY
1-1-1-12,2020,10,4,13,-1,2,SUNNY
1-1-1-12,2020,10,5,-8,-10,4,SNOWY
1-1-1-12,2020,10,6,23,11,8,RAINY
1-1-1-12,2020,10,7,11,3,12,SNOWY
1-1-1-12,2020,10,8,30,15,7,SNOWY
1-1-1-12,2020,10,9,38,13,1,SNOWY
1-1-1-12,2020,10,10,30,4,9,CLOUDY
1-1-1-12,2020,10,11,35,10,4,CLOUDY
1-1-1-12,2020,10,12,3,-10,9,SUNNY
1-1-1-12,2020,10,13,40,38,12,RAINY
1-1-1-12,2020,10,14,16,6,10,CLOUDY
1-1-1-12,2020,10,15,30,-10,1,SNOWY
1-1-1-12,2020,10,16,31,14,12,SNOWY
1-1-1-12,2020,10,17,34,28,1,SUNNY
1-1-1-12,2020,10,18,12,10,11,SNOWY
1-1-1-12,2020,10,19,48,24,1,SUNNY
1-1-1-12,2020,10,20,41,-6,4,RAINY
1-1-1-12,2020,10,21,-5,-9,11,CLOUDY
1-1-1-12,2020,10,22,42,42,6,SNOWY
1-1-1-12,2020,10,23,43,20,6,RAINY
1-1-1-12,2020,10,24,-8,-9,12,SNOWY
1-1-1-12,2020,10,25,-6,-8,6,SNOWY
1-1-1-12,2020,10,26,-1,-9,2,SNOWY
1-1-1-12,2020,10,27,47,3,11,RAINY
1-1-1-12,2020,10,28,3,-5,8,RAINY
1-1-1-12,2020,11,1,-10,-10,7,RAINY
1-1-1-12,2020,11,2,4,4,2,CLOUDY
1-1-1-12,2020,11,3,-4,-9,3,CLOUDY
1-1-1-12,2020,11,4,30,30,7,CLOUDY
1-1-1-12,2020,11,5,10,2,5,SNOWY
1-1-1-12,2020,11,6,18,-8,4,RAINY
1-1-1-12,2020,11,7,46,7,5,CLOUDY
1-1-1-12,2020,11,8,27,-10,9,RAINY
1-1-1-12,2020,11,9,47,34,7,SUNNY
1-1-1-12,2020,11,10,21,1,10,SNOWY
1-1-1-12,2020,11,11,49,19,5,RAINY
1-1-1-12,2020,11,12,-6,-7,12,SNOWY
1-1-1-12,2020,11,13,14,-4,6,SUNNY
1-1-1-12,2020,11,14,28,-8,4,CLOUDY
1-1-1-12,2020,11,15,38,38,5,SUNNY
1-1-1-12,2020,11,16,-5,-10,11,SUNNY
1-1-1-12,2020,11,17,13,7,8,SUNNY
1-1-1-12,2020,11,18,41,-5,3,RAINY
1-1-1-12,2020,11,19,45,24,3,RAINY
1-1-1-12,2020,11,20,50,30,11,CLOUDY
1-1-1-12,2020,11,21,40,-6,1,SNOWY
1-1-1-12,2020,11,22,-8,-10,1,RAINY
1-1-1-12,2020,11,23,-9,-10,6,SNOWY
1-1-1-12,2020,11,24,38,-8,1,CLOUDY
1-1-1-12,2020,11,25,48,39,0,CLOUDY
1-1-1-12,2020,11,26,20,13,12,SUNNY
1-1-1-12,2020,11,27,41,5,1,CLOUDY
1-1-1-12,2020,11,28,45,-4,5,SUNNY
1-1-1-12,2020,12,1,33,18,12,SUNNY
1-1-1-12,2020,12,2,7,1,5,SUNNY
1-1-1-12,2020,12,3,13,-4,0,SUNNY
1-1-1-12,2020,12,4,22,0,4,SNOWY
1-1-1-12,2020,12,5,4,-1,5,SNOWY
1-1-1-12,2020,12,6,4,0,2,CLOUDY
1-1-1-12,2020,12,7,2,-5,8,CLOUDY
1-1-1-12,2020,12,8,32,-6,7,RAINY
1-1-1-12,2020,12,9,-2,-6,4,CLOUDY
1-1-1-12,2020,12,10,13,0,3,SUNNY
1-1-1-12,2020,12,11,5,-2,5,RAINY
1-1-1-12,2020,12,12,0,-5,3,RAINY
1-1-1-12,2020,12,13,23,-1,4,CLOUDY
1-1-1-12,2020,12,14,30,29,6,CLOUDY
1-1-1-12,2020,12,15,19,19,3,RAINY
1-1-1-12,2020,12,16,30,24,11,CLOUDY
1-1-1-12,2020,12,17,44,34,0,SNOWY
1-1-1-12,2020,12,18,33,31,8,RAINY
1-1-1-12,2020,12,19,1,0,7,SUNNY
1-1-1-12,2020,12,20,-2,-6,2,SNOWY
1-1-1-12,2020,12,21,14,-5,7,SNOWY
1-1-1-12,2020,12,22,7,1,12,RAINY
1-1-1-12,2020,12,23,-1,-2,2,SUNNY
1-1-1-12,2020,12,24,10,5,7,RAINY
1-1-1-12,2020,12,25,23,-7,10,SUNNY
1-1-1-12,2020,12,26,35,23,1,RAINY
1-1-1-12,2020,12,27,36,-8,11,SUNNY
1-1-1-12,2020,12,28,14,1,8,RAINY
1-1-1-13,2020,1,1,10,6,0,SUNNY
1-1-1-13,2020,1,2,-4,-5,6,RAINY
1-1-1-13,2020,1,3,35,5,9,SUNNY
1-1-1-13,2020,1,4,26,21,9,SNOWY
1-1-1-13,2020,1,5,0,-3,3,RAINY
1-1-1-13,2020,1,6,24,13,1,RAINY
1-1-1-13,2020,1,7,31,7,2,CLOUDY
1-1-1-13,2020,1,8,42,37,2,RAINY
1-1-1-13,2020,1,9,22,22,10,CLOUDY
1-1-1-13,2020,1,10,2,1,5,CLOUDY
1-1-1-13,2020,1,11,11,-6,5,SNOWY
1-1-1-13,2020,1,12,35,3,4,RAINY
1-1-1-13,2020,1,13,41,0,6,SUNNY
1-1-1-13,2020,1,14,38,3,9,SNOWY
1-1-1-13,2020,1,15,28,-9,6,SUNNY
1-1-1-13,2020,1,16,5,-8,8,RAINY
1-1-1-13,2020,1,17,25,9,2,SUNNY
1-1-1-13,2020,1,18,46,33,4,RAINY
1-1-1-13,2020,1,19,26,18,6,CLOUDY
1-1-1-13,2020,1,20,26,10,11,RAINY
1-1-1-13,2020,1,21,-4,-9,1,SUNNY
1-1-1-13,2020,1,22,37,36,3,RAINY
1-1-1-13,2020,1,23,37,34,6,SUNNY
1-1-1-13,2020,1,24,39,7,6,SNOWY
1-1-1-13,2020,1,25,41,22,12,CLOUDY
1-1-1-13,2020,1,26,31,-9,4,RAINY
1-1-1-13,2020,1,27,19,0,5,CLOUDY
1-1-1-13,2020,1,28,4,-7,9,SUNNY
1-1-1-13,2020,2,1,35,10,2,RAINY
1-1-1-13,2020,2,2,37,14,10,SUNNY
1-1-1-13,2020,2,3,28,22,4,SUNNY
1-1-1-13,2020,2,4,8,7,5,RAINY
1-1-1-13,2020,2,5,15,8,6,RAINY
1-1-1-13,2020,2,6,41,34,2,SUNNY
1-1-1-13,2020,2,7,44,36,5,CLOUDY
1-1-1-13,2020,2,8,3,-8,11,RAINY
1-1-1-13,2020,2,9,4,-9,0,SUNNY
1-1-1-13,2020,2,10,14,10,1,RAINY
1-1-1-13,2020,2,11,13,9,9,SUNNY
1-1-1-13,2020,2,12,16,0,8,SUNNY
1-1-1-13,2020,2,13,4,-6,3,CLOUDY
1-1-1-13,2020,2,14,44,15,8,SUNNY
1-1-1-13,2020,2,15,39,20,12,CLOUDY
1-1-1-13,2020,2,16,14,10,11,CLOUDY
1-1-1-13,2020,2,17,6,-5,5,SNOWY
1-1-1-13,2020,2,18,10,1,0,CLOUDY
1-1-1-13,2020,2,19,-5,-7,4,CLOUDY
1-1-1-13,2020,2,20,40,2,11,SNOWY
1-1-1-13,2020,2,21,6,-3,7,RAINY
1-1-1-13,2020,2,22,22,16,10,CLOUDY
1-1-1-13,2020,2,23,34,22,0,SNOWY
1-1-1-13,2020,2,24,49,44,9,SNOWY
1-1-1-13,2020,2,25,-9,-10,11,SUNNY
1-1-1-13,2020,2,26,44,26,9,CLOUDY
1-1-1-13,2020,2,27,-1,-8,2,RAINY
1-1-1-13,2020,2,28,50,30,7,SUNNY
1-1-1-13,2020,3,1,18,15,5,SNOWY
1-1-1-13,2020,3,2,9,1,8,SUNNY
1-1-1-13,2020,3,3,38,10,7,RAINY
1-1-1-13,2020,3,4,-5,-6,7,CLOUDY
1-1-1-13,2020,3,5,39,31,8,RAINY
1-1-1-13,2020,3,6,33,-5,1,RAINY
1-1-1-13,2020,3,7,10,-3,11,RAINY
1-1-1-13,2020,3,8,42,-4,9,SNOWY
1-1-1-13,2020,3,9,46,36,10,RAINY
1-1-1-13,2020,3,10,7,-3,3,RAINY
1-1-1-13,2020,3,11,-10,-10,0,RAINY
1-1-1-13,2020,3,12,34,22,8,CLOUDY
1-1-1-13,2020,3,13,15,14,2,RAINY
1-1-1-13,2020,3,14,28,-7,6,CLOUDY
1-1-1-13,2020,3,15,-9,-10,4,RAINY
1-1-1-13,2020,3,16,2,-1,12,SUNNY
1-1-1-13,2020,3,17,46,-2,3,SUNNY
1-1-1-13,2020,3,18,7,0,4,CLOUDY
1-1-1-13,2020,3,19,45,13,10,RAINY
1-1-1-13,2020,3,20,-3,-8,4,SNOWY
1-1-1-13,2020,3,21,31,-2,6,SNOWY
1-1-1-13,2020,3,22,-7,-9,1,RAINY
1-1-1-13,2020,3,23,42,42,9,CLOUDY
1-1-1-13,2020,3,24,5,-1,3,CLOUDY
1-1-1-13,2020,3,25,-9,-10,8,SUNNY
1-1-1-13,2020,3,26,14,3,8,RAINY
1-1-1-13,2020,3,27,1,-7,2,RAINY
1-1-1-13,2020,3,28,17,-4,5,SNOWY
1-1-1-13,2020,4,1,27,-10,2,SNOWY
1-1-1-13,2020,4,2,21,-7,11,SNOWY
1-1-1-13,2020,4,3,11,1,10,RAINY
1-1-1-13,2020,4,4,34,8,0,SNOWY
1-1-1-13,2020,4,5,33,21,1,SUNNY
1-1-1-13,2020,4,6,38,5,10,RAINY
1-1-1-13,2020,4,7,16,16,6,SNOWY
1-1-1-13,2020,4,8,41,38,6,RAINY
1-1-1-13,2020,4,9,-2,-7,0,SUNNY
1-1-1-13,2020,4,10,8,-10,7,SUNNY
1-1-1-13,2020,4,11,5,1,0,SNOWY
1-1-1-13,2020,4,12,24,5,3,RAINY
1-1-1-13,2020,4,13,35,23,7,SUNNY
1-1-1-13,2020,4,14,44,1,2,CLOUDY
1-1-1-13,2020,4,15,49,47,8,SUNNY
1-1-1-13,2020,4,16,34,22,2,CLOUDY
1-1-1-13,2020,4,17,-6,-7,0,SNOWY
1-1-1-13,2020,4,18,-9,-10,9,CLOUDY
1-1-1-13,2020,4,19,2,-3,2,SUNNY
1-1-1-13,2020,4,20,21,21,3,RAINY
1-1-1-13,2020,4,21,22,11,5,CLOUDY
1-1-1-13,2020,4,22,-5,-8,6,CLOUDY
1-1-1-13,2020,4,23,13,6,3,RAINY
1-1-1-13,2020,4,24,-1,-9,10,RAINY
1-1-1-13,2020,4,25,-3,-5,7,SUNNY
1-1-1-13,2020,4,26,46,29,5,RAINY
1-1-1-13,2020,4,27,-10,-10,3,CLOUDY
1-1-1-13,2020,4,28,10,-8,6,RAINY
1-1-1-13,2020,5,1,-4,-7,10,RAINY
1-1-1-13,2020,5,2,45,40,3,CLOUDY
1-1-1-13,2020,5,3,20,-1,7,RAINY
1-1-1-13,2020,5,4,35,18,10,SNOWY
1-1-1-13,2020,5,5,32,-6,3,CLOUDY
1-1-1-13,2020,5,6,13,6,9,CLOUDY
1-1-1-13,2020,5,7,-7,-10,1,SNOWY
1-1-1-13,2020,5,8,18,18,10,RAINY
1-1-1-13,2020,5,9,13,-1,2,CLOUDY
1-1-1-13,2020,5,10,27,-7,8,SNOWY
1-1-1-13,2020,5,11,44,16,5,RAINY
1-1-1-13,2020,5,12,11,-5,1,RAINY
1-1-1-13,2020,5,13,10,8,6,SUNNY
1-1-1-13,2020,5,14,18,17,6,SNOWY
1-1-1-13,2020,5,15,25,24,3,CLOUDY
1-1-1-13,2020,5,16,44,35,6,SNOWY
1-1-1-13,2020,5,17,31,-3,6,SUNNY
1-1-1-13,2020,5,18,40,18,8,RAINY
1-1-1-13,2020,5,19,7,-5,5,CLOUDY
1-1-1-13,2020,5,20,40,18,12,RAINY
1-1-1-13,2020,5,21,44,7,3,CLOUDY
1-1-1-13,2020,5,22,8,2,11,CLOUDY
1-1-1-13,2020,5,23,45,-3,5,SNOWY
1-1-1-13,2020,5,24,17,2,5,CLOUDY
1-1-1-13,2020,5,25,17,13,9,SUNNY
1-1-1-13,2020,5,26,-2,-6,7,RAINY
1-1-1-13,2020,5,27,11,7,7,CLOUDY
1-1-1-13,2020,5,28,23,-9,7,SNOWY
1-1-1-13,2020,6,1,12,0,9,SNOWY
1-1-1-13,2020,6,2,20,14,3,RAINY
1-1-1-13,2020,6,3,33,30,4,RAINY
1-1-1-13,2020,6,4,44,10,5,RAINY
1-1-1-13,2020,6,5,47,27,10,RAINY
1-1-1-13,2020,6,6,36,-8,10,SUNNY
1-1-1-13,2020,6,7,25,-6,10,RAINY
1-1-1-13,2020,6,8,39,35,10,RAINY
1-1-1-13,2020,6,9,19,15,11,RAINY
1-1-1-13,2020,6,10,-1,-3,0,SUNNY
1-1-1-13,2020,6,11,12,6,4,CLOUDY
1-1-1-13,2020,6,12,21,21,9,CLOUDY
1-1-1-13,2020,6,13,30,4,7,RAINY
1-1-1-13,2020,6,14,41,23,7,SNOWY
1-1-1-13,2020,6,15,29,0,4,CLOUDY
1-1-1-13,2020,6,16,30,30,5,RAINY
1-1-1-13,2020,6,17,38,13,3,SNOWY
1-1-1-13,2020,6,18,30,0,11,SUNNY
1-1-1-13,2020,6,19,-2,-3,6,SNOWY
1-1-1-13,2020,6,20,20,8,5,CLOUDY
1-1-1-13,2020,6,21,4,0,6,SNOWY
1-1-1-13,2020,6,22,6,4,6,RAINY
1-1-1-13,2020,6,23,18,0,2,RAINY
1-1-1-13,2020,6,24,20,-10,12,CLOUDY
1-1-1-13,2020,6,25,20,11,2,SNOWY
1-1-1-13,2020,6,26,46,0,11,SNOWY
1-1-1-13,2020,6,27,33,31,10,RAINY
1-1-1-13,2020,6,28,0,0,3,RAINY
1-1-1-13,2020,7,1,-6,-9,7,CLOUDY
1-1-1-13,2020,7,2,2,-6,3,CLOUDY
1-1-1-13,2020,7,3,11,11,6,CLOUDY
1-1-1-13,2020,7,4,44,0,12,CLOUDY
1-1-1-13,2020,7,5,26,3,5,RAINY
1-1-1-13,2020,7,6,17,-2,2,CLOUDY
1-1-1-13,2020,7,7,48,31,5,SNOWY
1-1-1-13,2020,7,8,11,6,10,CLOUDY
1-1-1-13,2020,7,9,30,-10,7,SUNNY
1-1-1-13,2020,7,10,18,3,10,RAINY
1-1-1-13,2020,7,11,8,-9,1,SUNNY
1-1-1-13,2020,7,12,5,-4,9,CLOUDY
1-1-1-13,2020,7,13,44,28,6,RAINY
1-1-1-13,2020,7,14,3,-5,5,CLOUDY
1-1-1-13,2020,7,15,-6,-9,5,SUNNY
1-1-1-13,2020,7,16,10,10,5,SUNNY
1-1-1-13,2020,7,17,27,4,0,CLOUDY
1-1-1-13,2020,7,18,12,8,5,RAINY
1-1-1-13,2020,7,19,33,30,11,SNOWY
1-1-1-13,2020,7,20,4,-8,10,SUNNY
1-1-1-13,2020,7,21,-5,-6,5,CLOUDY
1-1-1-13,2020,7,22,-8,-10,3,CLOUDY
1-1-1-13,2020,7,23,45,20,12,CLOUDY
1-1-1-13,2020,7,24,16,0,0,SNOWY
1-1-1-13,2020,7,25,43,29,10,CLOUDY
1-1-1-13,2020,7,26,47,12,12,SNOWY
1-1-1-13,2020,7,27,22,5,0,SNOWY
1-1-1-13,2020,7,28,35,34,1,CLOUDY
1-1-1-13,2020,8,1,26,13,1,SUNNY
1-1-1-13,2020,8,2,38,28,2,SUNNY
1-1-1-13,2020,8,3,17,6,1,SNOWY
1-1-1-13,2020,8,4,-1,-9,11,CLOUDY
1-1-1-13,2020,8,5,1,-5,6,SUNNY
1-1-1-13,2020,8,6,16,2,9,SNOWY
1-1-1-13,2020,8,7,50,49,12,SNOWY
1-1-1-13,2020,8,8,35,9,12,CLOUDY
1-1-1-13,2020,8,9,22,7,0,SNOWY
1-1-1-13,2020,8,10,4,-5,3,SUNNY
1-1-1-13,2020,8,11,35,1,10,RAINY
1-1-1-13,2020,8,12,7,0,2,CLOUDY
1-1-1-13,2020,8,13,35,2,0,SNOWY
1-1-1-13,2020,8,14,19,-10,5,SUNNY
1-1-1-13,2020,8,15,40,9,11,SNOWY
1-1-1-13,2020,8,16,8,1,12,SNOWY
1-1-1-13,2020,8,17,50,32,11,SUNNY
1-1-1-13,2020,8,18,47,-4,6,CLOUDY
1-1-1-13,2020,8,19,11,-8,9,SUNNY
1-1-1-13,2020,8,20,32,0,0,SNOWY
1-1-1-13,2020,8,21,46,-9,3,RAINY
1-1-1-13,2020,8,22,16,5,6,CLOUDY
1-1-1-13,2020,8,23,25,15,11,RAINY
1-1-1-13,2020,8,24,45,-2,6,RAINY
1-1-1-13,2020,8,25,8,0,3,CLOUDY
1-1-1-13,2020,8,26,6,-8,2,RAINY
1-1-1-13,2020,8,27,20,-8,7,CLOUDY
1-1-1-13,2020,8,28,-5,-9,7,CLOUDY
1-1-1-13,2020,9,1,45,16,6,SUNNY
1-1-1-13,2020,9,2,8,4,2,CLOUDY
1-1-1-13,2020,9,3,42,4,2,RAINY
1-1-1-13,2020,9,4,17,-9,3,SNOWY
1-1-1-13,2020,9,5,43,19,6,SUNNY
1-1-1-13,2020,9,6,46,-9,11,RAINY
1-1-1-13,2020,9,7,-2,-5,1,CLOUDY
1-1-1-13,2020,9,8,18,-3,11,CLOUDY
1-1-1-13,2020,9,9,0,-2,5,CLOUDY
1-1-1-13,2020,9,10,26,-10,1,SNOWY
1-1-1-13,2020,9,11,9,1,7,RAINY
1-1-1-13,2020,9,12,39,13,11,SNOWY
1-1-1-13,2020,9,13,5,3,5,CLOUDY
1-1-1-13,2020,9,14,13,10,6,SUNNY
1-1-1-13,2020,9,15,18,4,12,RAINY
1-1-1-13,2020,9,16,2,-4,7,SNOWY
1-1-1-13,2020,9,17,39,28,4,SUNNY
1-1-1-13,2020,9,18,21,-5,5,SUNNY
1-1-1-13,2020,9,19,24,3,6,SNOWY
1-1-1-13,2020,9,20,4,-3,12,RAINY
1-1-1-13,2020,9,21,45,1,1,CLOUDY
1-1-1-13,2020,9,22,33,7,8,SNOWY
1-1-1-13,2020,9,23,5,-1,8,SUNNY
1-1-1-13,2020,9,24,21,21,9,SUNNY
1-1-1-13,2020,9,25,-4,-7,6,SUNNY
1-1-1-13,2020,9,26,43,2,8,RAINY
1-1-1-13,2020,9,27,18,13,12,CLOUDY
1-1-1-13,2020,9,28,-1,-7,1,CLOUDY
1-1-1-13,2020,10,1,26,15,2,CLOUDY
1-1-1-13,2020,10,2,50,36,5,SNOWY
1-1-1-13,2020,10,3,15,-5,2,RAINY
1-1-1-13,2020,10,4,-9,-10,8,RAINY
1-1-1-13,2020,10,5,4,1,4,CLOUDY
1-1-1-13,2020,10,6,-10,-10,10,SUNNY
1-1-1-13,2020,10,7,18,10,3,CLOUDY
1-1-1-13,2020,10,8,11,6,6,RAINY
1-1-1-13,2020,10,9,17,6,6,SNOWY
1-1-1-13,2020,10,10,9,2,2,RAINY
1-1-1-13,2020,10,11,32,18,1,CLOUDY
1-1-1-13,2020,10,12,8,-10,11,SUNNY
1-1-1-13,2020,10,13,-7,-10,8,SUNNY
1-1-1-13,2020,10,14,-4,-7,12,SUNNY
1-1-1-13,2020,10,15,-7,-9,6,SNOWY
1-1-1-13,2020,10,16,32,2,1,SNOWY
1-1-1-13,2020,10,17,45,45,4,RAINY
1-1-1-13,2020,10,18,9,-8,2,SUNNY
1-1-1-13,2020,10,19,-1,-4,11,RAINY
1-1-1-13,2020,10,20,-5,-9,1,RAINY
1-1-1-13,2020,10,21,-8,-9,7,SNOWY
1-1-1-13,2020,10,22,31,2,8,SNOWY
1-1-1-13,2020,10,23,10,7,0,SNOWY
1-1-1-13,2020,10,24,-9,-10,3,CLOUDY
1-1-1-13,2020,10,25,48,9,8,SNOWY
1-1-1-13,2020,10,26,-1,-9,1,CLOUDY
1-1-1-13,2020,10,27,-7,-9,7,RAINY
1-1-1-13,2020,10,28,35,15,3,SUNNY
1-1-1-13,2020,11,1,26,-6,2,SUNNY
1-1-1-13,2020,11,2,45,41,9,RAINY
1-1-1-13,2020,11,3,27,8,4,SNOWY
1-1-1-13,2020,11,4,45,6,8,RAINY
1-1-1-13,2020,11,5,21,16,8,SNOWY
1-1-1-13,2020,11,6,-8,-10,4,CLOUDY
1-1-1-13,2020,11,7,18,-2,8,SUNNY
1-1-1-13,2020,11,8,-1,-9,5,RAINY
1-1-1-13,2020,11,9,13,-6,11,SNOWY
1-1-1-13,2020,11,10,25,19,2,SNOWY
1-1-1-13,2020,11,11,13,4,1,SUNNY
1-1-1-13,2020,11,12,38,20,8,CLOUDY
1-1-1-13,2020,11,13,12,-9,0,RAINY
1-1-1-13,2020,11,14,50,5,11,SUNNY
1-1-1-13,2020,11,15,32,29,0,SUNNY
1-1-1-13,2020,11,16,32,-2,6,CLOUDY
1-1-1-13,2020,11,17,5,-3,6,RAINY
1-1-1-13,2020,11,18,-4,-8,8,SNOWY
1-1-1-13,2020,11,19,31,23,4,SNOWY
1-1-1-13,2020,11,20,24,20,11,SNOWY
1-1-1-13,2020,11,21,30,11,7,CLOUDY
1-1-1-13,2020,11,22,30,6,0,RAINY
1-1-1-13,2020,11,23,-5,-9,2,CLOUDY
1-1-1-13,2020,11,24,32,22,8,SNOWY
1-1-1-13,2020,11,25,45,40,9,SNOWY
1-1-1-13,2020,11,26,28,-3,0,RAINY
1-1-1-13,2020,11,27,9,-2,12,CLOUDY
1-1-1-13,2020,11,28,43,42,11,RAINY
1-1-1-13,2020,12,1,33,24,5,CLOUDY
1-1-1-13,2020,12,2,8,-2,1,SUNNY
1-1-1-13,2020,12,3,34,26,2,CLOUDY
1-1-1-13,2020,12,4,5,-10,5,SUNNY
1-1-1-13,2020,12,5,-4,-5,9,CLOUDY
1-1-1-13,2020,12,6,15,4,6,CLOUDY
1-1-1-13,2020,12,7,46,9,9,SUNNY
1-1-1-13,2020,12,8,12,12,7,SNOWY
1-1-1-13,2020,12,9,38,-9,9,SNOWY
1-1-1-13,2020,12,10,33,25,0,CLOUDY
1-1-1-13,2020,12,11,4,1,7,CLOUDY
1-1-1-13,2020,12,12,19,13,12,SNOWY
1-1-1-13,2020,12,13,36,-5,11,SUNNY
1-1-1-13,2020,12,14,-9,-10,0,SNOWY
1-1-1-13,2020,12,15,49,-1,5,SNOWY
1-1-1-13,2020,12,16,39,11,3,SUNNY
1-1-1-13,2020,12,17,32,21,4,CLOUDY
1-1-1-13,2020,12,18,39,20,11,CLOUDY
1-1-1-13,2020,12,19,31,-6,2,SUNNY
1-1-1-13,2020,12,20,40,31,10,SNOWY
1-1-1-13,2020,12,21,43,-7,12,RAINY
1-1-1-13,2020,12,22,11,6,4,RAINY
1-1-1-13,2020,12,23,46,-7,12,CLOUDY
1-1-1-13,2020,12,24,-5,-7,9,CLOUDY
1-1-1-13,2020,12,25,14,13,9,CLOUDY
1-1-1-13,2020,12,26,-6,-10,2,SUNNY
1-1-1-13,2020,12,27,18,16,4,SUNNY
1-1-1-13,2020,12,28,31,26,9,SNOWY
1-1-1-14,2020,1,1,-7,-8,1,SUNNY
1-1-1-14,2020,1,2,-2,-4,0,RAINY
1-1-1-14,2020,1,3,5,-4,8,RAINY
1-1-1-14,2020,1,4,31,-7,8,CLOUDY
1-1-1-14,2020,1,5,5,0,8,SUNNY
1-1-1-14,2020,1,6,13,-8,12,SUNNY
1-1-1-14,2020,1,7,19,14,1,CLOUDY
1-1-1-14,2020,1,8,39,19,12,RAINY
1-1-1-14,2020,1,9,-5,-6,3,CLOUDY
1-1-1-14,2020,1,10,29,11,5,SUNNY
1-1-1-14,2020,1,11,16,-4,0,SUNNY
1-1-1-14,2020,1,12,1,-10,4,RAINY
1-1-1-14,2020,1,13,6,-6,11,SUNNY
1-1-1-14,2020,1,14,36,4,2,SNOWY
1-1-1-14,2020,1,15,9,8,4,RAINY
1-1-1-14,2020,1,16,3,3,10,RAINY
1-1-1-14,2020,1,17,-6,-8,8,SNOWY
1-1-1-14,2020,1,18,-10,-10,3,CLOUDY
1-1-1-14,2020,1,19,4,0,4,RAINY
1-1-1-14,2020,1,20,8,-9,1,SNOWY
1-1-1-14,2020,1,21,35,25,2,CLOUDY
1-1-1-14,2020,1,22,10,-8,5,RAINY
1-1-1-14,2020,1,23,-9,-10,8,SUNNY
1-1-1-14,2020,1,24,-5,-6,6,CLOUDY
1-1-1-14,2020,1,25,20,12,6,SUNNY
1-1-1-14,2020,1,26,35,33,3,SNOWY
1-1-1-14,2020,1,27,-4,-5,7,RAINY
1-1-1-14,2020,1,28,31,28,11,RAINY
1-1-1-14,2020,2,1,-6,-10,1,SUNNY
1-1-1-14,2020,2,2,8,-7,0,SUNNY
1-1-1-14,2020,2,3,35,-9,11,RAINY
1-1-1-14,2020,2,4,32,-10,0,SUNNY
1-1-1-14,2020,2,5,24,21,11,SNOWY
1-1-1-14,2020,2,6,3,-3,11,RAINY
1-1-1-14,2020,2,7,31,5,10,SNOWY
1-1-1-14,2020,2,8,34,34,8,CLOUDY
1-1-1-14,2020,2,9,1,0,0,SUNNY
1-1-1-14,2020,2,10,-1,-3,4,SUNNY
1-1-1-14,2020,2,11,15,-7,1,RAINY
1-1-1-14,2020,2,12,29,17,1,SNOWY
1-1-1-14,2020,2,13,20,13,1,SNOWY
1-1-1-14,2020,2,14,44,33,11,SUNNY
1-1-1-14,2020,2,15,0,-5,11,SNOWY
1-1-1-14,2020,2,16,16,13,4,SUNNY
1-1-1-14,2020,2,17,47,-2,5,SNOWY
1-1-1-14,2020,2,18,15,11,1,SUNNY
1-1-1-14,2020,2,19,24,6,12,CLOUDY
1-1-1-14,2020,2,20,50,19,7,SNOWY
1-1-1-14,2020,2,21,16,2,2,SNOWY
1-1-1-14,2020,2,22,42,-4,7,RAINY
1-1-1-14,2020,2,23,7,3,11,RAINY
1-1-1-14,2020,2,24,38,25,6,SNOWY
1-1-1-14,2020,2,25,29,29,8,RAINY
1-1-1-14,2020,2,26,-8,-10,7,CLOUDY
1-1-1-14,2020,2,27,23,11,1,CLOUDY
1-1-1-14,2020,2,28,11,8,8,RAINY
1-1-1-14,2020,3,1,40,32,1,SNOWY
1-1-1-14,2020,3,2,33,29,1,CLOUDY
1-1-1-14,2020,3,3,10,-4,4,RAINY
1-1-1-14,2020,3,4,-4,-6,3,SNOWY
1-1-1-14,2020,3,5,1,-10,7,RAINY
1-1-1-14,2020,3,6,-6,-7,9,SUNNY
1-1-1-14,2020,3,7,38,4,1,CLOUDY
1-1-1-14,2020,3,8,21,8,0,SUNNY
1-1-1-14,2020,3,9,5,-4,0,SNOWY
1-1-1-14,2020,3,10,-7,-9,0,RAINY
1-1-1-14,2020,3,11,34,27,10,CLOUDY
1-1-1-14,2020,3,12,29,9,2,SNOWY
1-1-1-14,2020,3,13,3,-3,10,SNOWY
1-1-1-14,2020,3,14,41,22,10,SNOWY
1-1-1-14,2020,3,15,7,-5,0,CLOUDY
1-1-1-14,2020,3,16,-10,-10,0,RAINY
1-1-1-14,2020,3,17,5,1,2,SNOWY
1-1-1-14,2020,3,18,49,21,4,SUNNY
1-1-1-14,2020,3,19,49,4,8,CLOUDY
1-1-1-14,2020,3,20,43,37,1,CLOUDY
1-1-1-14,2020,3,21,38,25,9,SNOWY
1-1-1-14,2020,3,22,7,3,6,SNOWY
1-1-1-14,2020,3,23,20,18,7,RAINY
1-1-1-14,2020,3,24,18,8,6,SNOWY
1-1-1-14,2020,3,25,2,-9,5,SNOWY
1-1-1-14,2020,3,26,13,7,2,CLOUDY
1-1-1-14,2020,3,27,35,28,0,SNOWY
1-1-1-14,2020,3,28,14,-7,6,SUNNY
1-1-1-14,2020,4,1,7,-7,2,CLOUDY
1-1-1-14,2020,4,2,6,-8,0,RAINY
1-1-1-14,2020,4,3,26,21,0,SNOWY
1-1-1-14,2020,4,4,24,12,3,SNOWY
1-1-1-14,2020,4,5,32,-9,11,CLOUDY
1-1-1-14,2020,4,6,-2,-5,5,CLOUDY
1-1-1-14,2020,4,7,25,-3,6,CLOUDY
1-1-1-14,2020,4,8,44,11,2,CLOUDY
1-1-1-14,2020,4,9,-2,-4,8,SUNNY
1-1-1-14,2020,4,10,-10,-10,11,SUNNY
1-1-1-14,2020,4,11,19,9,10,SUNNY
1-1-1-14,2020,4,12,18,-1,3,CLOUDY
1-1-1-14,2020,4,13,23,-6,8,SNOWY
1-1-1-14,2020,4,14,38,33,0,RAINY
1-1-1-14,2020,4,15,18,4,1,SNOWY
1-1-1-14,2020,4,16,24,20,3,SUNNY
1-1-1-14,2020,4,17,10,-9,8,RAINY
1-1-1-14,2020,4,18,-4,-7,11,CLOUDY
1-1-1-14,2020,4,19,14,3,3,SUNNY
1-1-1-14,2020,4,20,34,20,9,RAINY
1-1-1-14,2020,4,21,25,-8,6,RAINY
1-1-1-14,2020,4,22,-2,-8,1,SNOWY
1-1-1-14,2020,4,23,21,-7,1,RAINY
1-1-1-14,2020,4,24,31,23,4,RAINY
1-1-1-14,2020,4,25,26,17,10,SUNNY
1-1-1-14,2020,4,26,50,40,1,CLOUDY
1-1-1-14,2020,4,27,16,-3,11,RAINY
1-1-1-14,2020,4,28,4,-7,11,RAINY
1-1-1-14,2020,5,1,22,-8,9,CLOUDY
1-1-1-14,2020,5,2,3,-9,1,SUNNY
1-1-1-14,2020,5,3,-2,-6,7,CLOUDY
1-1-1-14,2020,5,4,22,22,9,CLOUDY
1-1-1-14,2020,5,5,-9,-10,4,CLOUDY
1-1-1-14,2020,5,6,23,-9,3,SUNNY
1-1-1-14,2020,5,7,9,-10,0,SNOWY
1-1-1-14,2020,5,8,44,41,2,RAINY
1-1-1-14,2020,5,9,36,14,7,SUNNY
1-1-1-14,2020,5,10,20,8,2,RAINY
1-1-1-14,2020,5,11,46,41,5,CLOUDY
1-1-1-14,2020,5,12,17,9,8,SNOWY
1-1-1-14,2020,5,13,8,-9,11,RAINY
1-1-1-14,2020,5,14,-7,-10,7,CLOUDY
1-1-1-14,2020,5,15,11,10,7,RAINY
1-1-1-14,2020,5,16,-5,-6,9,CLOUDY
1-1-1-14,2020,5,17,-10,-10,2,SNOWY
1-1-1-14,2020,5,18,35,-5,1,RAINY
1-1-1-14,2020,5,19,11,-6,10,RAINY
1-1-1-14,2020,5,20,4,3,8,CLOUDY
1-1-1-14,2020,5,21,22,7,12,RAINY
1-1-1-14,2020,5,22,40,10,10,SNOWY
1-1-1-14,2020,5,23,42,-1,4,SNOWY
1-1-1-14,2020,5,24,-2,-7,2,RAINY
1-1-1-14,2020,5,25,15,-2,12,SNOWY
1-1-1-14,2020,5,26,-6,-10,5,SNOWY
1-1-1-14,2020,5,27,-5,-7,1,SNOWY
1-1-1-14,2020,5,28,27,23,2,CLOUDY
1-1-1-14,2020,6,1,16,10,5,RAINY
1-1-1-14,2020,6,2,41,9,9,SUNNY
1-1-1-14,2020,6,3,40,32,3,CLOUDY
1-1-1-14,2020,6,4,44,38,11,SNOWY
1-1-1-14,2020,6,5,5,3,10,RAINY
1-1-1-14,2020,6,6,1,-9,7,SNOWY
1-1-1-14,2020,6,7,7,0,7,SUNNY
1-1-1-14,2020,6,8,34,25,0,SNOWY
1-1-1-14,2020,6,9,37,12,9,CLOUDY
1-1-1-14,2020,6,10,-8,-9,12,SUNNY
1-1-1-14,2020,6,11,17,8,12,SUNNY
1-1-1-14,2020,6,12,13,3,0,CLOUDY
1-1-1-14,2020,6,13,27,-2,3,CLOUDY
1-1-1-14,2020,6,14,49,28,4,SNOWY
1-1-1-14,2020,6,15,10,3,11,RAINY
1-1-1-14,2020,6,16,24,-10,1,SUNNY
1-1-1-14,2020,6,17,16,1,7,RAINY
1-1-1-14,2020,6,18,48,13,7,RAINY
1-1-1-14,2020,6,19,13,0,2,SUNNY
1-1-1-14,2020,6,20,-7,-10,3,RAINY
1-1-1-14,2020,6,21,-4,-9,6,RAINY
1-1-1-14,2020,6,22,2,-10,0,RAINY
1-1-1-14,2020,6,23,-10,-10,7,CLOUDY
1-1-1-14,2020,6,24,-9,-10,6,SNOWY
1-1-1-14,2020,6,25,17,15,11,RAINY
1-1-1-14,2020,6,26,43,19,6,SNOWY
1-1-1-14,2020,6,27,17,-5,11,CLOUDY
1-1-1-14,2020,6,28,41,24,3,CLOUDY
1-1-1-14,2020,7,1,24,1,4,SUNNY
1-1-1-14,2020,7,2,26,7,0,SNOWY
1-1-1-14,2020,7,3,49,6,2,RAINY
1-1-1-14,2020,7,4,47,13,6,SUNNY
1-1-1-14,2020,7,5,23,17,4,SUNNY
1-1-1-14,2020,7,6,50,29,10,CLOUDY
1-1-1-14,2020,7,7,1,-6,2,RAINY
1-1-1-14,2020,7,8,-2,-3,12,SUNNY
1-1-1-14,2020,7,9,38,11,0,SNOWY
1-1-1-14,2020,7,10,33,33,11,SNOWY
1-1-1-14,2020,7,11,-4,-9,9,SUNNY
1-1-1-14,2020,7,12,6,-6,3,CLOUDY
1-1-1-14,2020,7,13,1,-3,5,SUNNY
1-1-1-14,2020,7,14,19,-10,6,SUNNY
1-1-1-14,2020,7,15,30,-1,12,RAINY
1-1-1-14,2020,7,16,49,-2,0,RAINY
1-1-1-14,2020,7,17,49,-6,11,RAINY
1-1-1-14,2020,7,18,24,20,4,CLOUDY
1-1-1-14,2020,7,19,-10,-10,1,CLOUDY
1-1-1-14,2020,7,20,42,10,0,CLOUDY
1-1-1-14,2020,7,21,42,30,7,SUNNY
1-1-1-14,2020,7,22,34,-6,0,SUNNY
1-1-1-14,2020,7,23,41,21,0,SUNNY
1-1-1-14,2020,7,24,23,23,5,SUNNY
1-1-1-14,2020,7,25,-9,-10,0,RAINY
1-1-1-14,2020,7,26,17,5,5,RAINY
1-1-1-14,2020,7,27,8,6,7,SNOWY
1-1-1-14,2020,7,28,6,-10,6,SNOWY
1-1-1-14,2020,8,1,28,-8,3,RAINY
1-1-1-14,2020,8,2,43,35,5,SUNNY
1-1-1-14,2020,8,3,8,3,1,CLOUDY
1-1-1-14,2020,8,4,26,-3,1,CLOUDY
1-1-1-14,2020,8,5,46,15,2,RAINY
1-1-1-14,2020,8,6,27,17,7,SNOWY
1-1-1-14,2020,8,7,46,-1,11,SUNNY
1-1-1-14,2020,8,8,41,41,7,SUNNY
1-1-1-14,2020,8,9,-8,-10,5,SUNNY
1-1-1-14,2020,8,10,47,14,11,SNOWY
1-1-1-14,2020,8,11,31,12,10,CLOUDY
1-1-1-14,2020,8,12,-4,-10,0,RAINY
1-1-1-14,2020,8,13,31,22,6,RAINY
1-1-1-14,2020,8,14,24,5,11,SNOWY
1-1-1-14,2020,8,15,-7,-9,4,CLOUDY
1-1-1-14,2020,8,16,1,-3,7,SUNNY
1-1-1-14,2020,8,17,36,18,7,CLOUDY
1-1-1-14,2020,8,18,13,-5,6,CLOUDY
1-1-1-14,2020,8,19,-1,-8,10,SUNNY
1-1-1-14,2020,8,20,21,-6,5,SNOWY
1-1-1-14,2020,8,21,28,-4,3,CLOUDY
1-1-1-14,2020,8,22,43,22,3,SUNNY
1-1-1-14,2020,8,23,20,2,1,SUNNY
1-1-1-14,2020,8,24,9,-8,1,CLOUDY
1-1-1-14,2020,8,25,35,6,11,SUNNY
1-1-1-14,2020,8,26,9,7,3,SUNNY
1-1-1-14,2020,8,27,47,43,7,RAINY
1-1-1-14,2020,8,28,14,-3,8,CLOUDY
1-1-1-14,2020,9,1,-9,-10,7,SNOWY
1-1-1-14,2020,9,2,19,-4,6,SNOWY
1-1-1-14,2020,9,3,-3,-4,4,RAINY
1-1-1-14,2020,9,4,32,3,3,CLOUDY
1-1-1-14,2020,9,5,-10,-10,2,SUNNY
1-1-1-14,2020,9,6,22,15,11,SNOWY
1-1-1-14,2020,9,7,22,4,12,RAINY
1-1-1-14,2020,9,8,-5,-6,1,SNOWY
1-1-1-14,2020,9,9,36,-4,3,CLOUDY
1-1-1-14,2020,9,10,50,8,2,SUNNY
1-1-1-14,2020,9,11,17,17,0,SNOWY
1-1-1-14,2020,9,12,26,-9,8,SUNNY
1-1-1-14,2020,9,13,14,-6,10,SUNNY
1-1-1-14,2020,9,14,10,-1,11,SUNNY
1-1-1-14,2020,9,15,49,36,1,SNOWY
1-1-1-14,2020,9,16,29,16,1,SNOWY
1-1-1-14,2020,9,17,6,-4,6,SNOWY
1-1-1-14,2020,9,18,40,32,7,SUNNY
1-1-1-14,2020,9,19,18,12,11,CLOUDY
1-1-1-14,2020,9,20,18,2,8,RAINY
1-1-1-14,2020,9,21,29,4,5,CLOUDY
1-1-1-14,2020,9,22,15,14,4,RAINY
1-1-1-14,2020,9,23,20,15,6,SNOWY
1-1-1-14,2020,9,24,5,-5,9,CLOUDY
1-1-1-14,2020,9,25,22,-9,2,CLOUDY
1-1-1-14,2020,9,26,26,-6,0,SUNNY
1-1-1-14,2020,9,27,21,15,9,SUNNY
1-1-1-14,2020,9,28,25,-7,6,SUNNY
1-1-1-14,2020,10,1,17,-4,11,SNOWY
1-1-1-14,2020,10,2,-6,-8,9,CLOUDY
1-1-1-14,2020,10,3,29,-2,1,SNOWY
1-1-1-14,2020,10,4,29,9,1,SNOWY
1-1-1-14,2020,10,5,9,1,1,SNOWY
1-1-1-14,2020,10,6,40,14,2,RAINY
1-1-1-14,2020,10,7,18,5,8,CLOUDY
1-1-1-14,2020,10,8,2,-1,4,SNOWY
1-1-1-14,2020,10,9,-7,-8,5,SNOWY
1-1-1-14,2020,10,10,36,22,2,SUNNY
1-1-1-14,2020,10,11,42,20,5,SNOWY
1-1-1-14,2020,10,12,25,4,12,RAINY
1-1-1-14,2020,10,13,34,4,5,CLOUDY
1-1-1-14,2020,10,14,-10,-10,12,CLOUDY
1-1-1-14,2020,10,15,13,-7,12,RAINY
1-1-1-14,2020,10,16,43,3,11,CLOUDY
1-1-1-14,2020,10,17,18,12,12,SUNNY
1-1-1-14,2020,10,18,-1,-3,5,RAINY
1-1-1-14,2020,10,19,4,-5,11,SNOWY
1-1-1-14,2020,10,20,44,-2,2,RAINY
1-1-1-14,2020,10,21,41,6,4,CLOUDY
1-1-1-14,2020,10,22,9,0,6,RAINY
1-1-1-14,2020,10,23,-10,-10,0,RAINY
1-1-1-14,2020,10,24,-5,-8,5,SNOWY
1-1-1-14,2020,10,25,-1,-7,5,RAINY
1-1-1-14,2020,10,26,15,5,6,RAINY
1-1-1-14,2020,10,27,37,35,1,SUNNY
1-1-1-14,2020,10,28,3,-1,0,CLOUDY
1-1-1-14,2020,11,1,15,13,1,CLOUDY
1-1-1-14,2020,11,2,35,-1,10,CLOUDY
1-1-1-14,2020,11,3,-6,-9,2,RAINY
1-1-1-14,2020,11,4,38,17,1,RAINY
1-1-1-14,2020,11,5,2,0,3,SNOWY
1-1-1-14,2020,11,6,26,2,2,RAINY
1-1-1-14,2020,11,7,11,4,9,CLOUDY
1-1-1-14,2020,11,8,33,10,12,SUNNY
1-1-1-14,2020,11,9,-10,-10,9,CLOUDY
1-1-1-14,2020,11,10,45,31,0,SNOWY
1-1-1-14,2020,11,11,-9,-10,5,RAINY
1-1-1-14,2020,11,12,38,2,1,CLOUDY
1-1-1-14,2020,11,13,-5,-9,11,SUNNY
1-1-1-14,2020,11,14,32,2,7,SNOWY
1-1-1-14,2020,11,15,40,2,1,SNOWY
1-1-1-14,2020,11,16,11,-9,0,RAINY
1-1-1-14,2020,11,17,12,4,8,CLOUDY
1-1-1-14,2020,11,18,38,-5,6,CLOUDY
1-1-1-14,2020,11,19,-6,-8,2,RAINY
1-1-1-14,2020,11,20,12,1,12,SNOWY
1-1-1-14,2020,11,21,28,17,3,SNOWY
1-1-1-14,2020,11,22,13,-4,9,SUNNY
1-1-1-14,2020,11,23,31,5,3,SUNNY
1-1-1-14,2020,11,24,1,1,2,SUNNY
1-1-1-14,2020,11,25,26,-1,4,RAINY
1-1-1-14,2020,11,26,26,5,7,RAINY
1-1-1-14,2020,11,27,-2,-4,0,SNOWY
1-1-1-14,2020,11,28,10,-3,6,SUNNY
1-1-1-14,2020,12,1,-9,-10,11,SNOWY
1-1-1-14,2020,12,2,48,26,6,SNOWY
1-1-1-14,2020,12,3,39,-10,3,CLOUDY
1-1-1-14,2020,12,4,23,-1,6,CLOUDY
1-1-1-14,2020,12,5,22,18,8,CLOUDY
1-1-1-14,2020,12,6,45,-3,3,SUNNY
1-1-1-14,2020,12,7,19,17,10,RAINY
1-1-1-14,2020,12,8,41,7,8,SNOWY
1-1-1-14,2020,12,9,47,5,5,SUNNY
1-1-1-14,2020,12,10,21,0,8,SNOWY
1-1-1-14,2020,12,11,46,-7,8,CLOUDY
1-1-1-14,2020,12,12,27,21,0,SUNNY
1-1-1-14,2020,12,13,25,-1,12,SUNNY
1-1-1-14,2020,12,14,20,11,7,SNOWY
1-1-1-14,2020,12,15,15,-4,4,SNOWY
1-1-1-14,2020,12,16,27,9,4,CLOUDY
1-1-1-14,2020,12,17,38,-2,9,CLOUDY
1-1-1-14,2020,12,18,23,12,8,RAINY
1-1-1-14,2020,12,19,27,10,1,SUNNY
1-1-1-14,2020,12,20,23,-7,5,SNOWY
1-1-1-14,2020,12,21,38,15,9,SNOWY
1-1-1-14,2020,12,22,26,11,12,RAINY
1-1-1-14,2020,12,23,14,5,4,RAINY
1-1-1-14,2020,12,24,26,-5,9,RAINY
1-1-1-14,2020,12,25,-8,-9,3,SNOWY
1-1-1-14,2020,12,26,30,-7,3,SUNNY
1-1-1-14,2020,12,27,-4,-10,1,SNOWY
1-1-1-14,2020,12,28,34,20,10,SNOWY
1-1-1-15,2020,1,1,-10,-10,8,SNOWY
1-1-1-15,2020,1,2,16,15,2,SNOWY
1-1-1-15,2020,1,3,50,49,6,SNOWY
1-1-1-15,2020,1,4,35,-9,7,RAINY
1-1-1-15,2020,1,5,5,-9,8,RAINY
1-1-1-15,2020,1,6,-2,-9,9,SUNNY
1-1-1-15,2020,1,7,48,40,10,SNOWY
1-1-1-15,2020,1,8,-1,-10,9,SNOWY
1-1-1-15,2020,1,9,-5,-10,6,SNOWY
1-1-1-15,2020,1,10,-4,-5,6,CLOUDY
1-1-1-15,2020,1,11,22,20,8,CLOUDY
1-1-1-15,2020,1,12,1,-1,0,CLOUDY
1-1-1-15,2020,1,13,21,16,0,CLOUDY
1-1-1-15,2020,1,14,-3,-8,9,SNOWY
1-1-1-15,2020,1,15,-2,-3,11,RAINY
1-1-1-15,2020,1,16,13,0,2,CLOUDY
1-1-1-15,2020,1,17,6,4,2,SNOWY
1-1-1-15,2020,1,18,7,-7,2,CLOUDY
1-1-1-15,2020,1,19,40,38,5,SNOWY
1-1-1-15,2020,1,20,19,-10,9,CLOUDY
1-1-1-15,2020,1,21,47,46,0,CLOUDY
1-1-1-15,2020,1,22,12,-4,7,RAINY
1-1-1-15,2020,1,23,28,25,7,SNOWY
1-1-1-15,2020,1,24,8,-6,12,RAINY
1-1-1-15,2020,1,25,31,20,4,RAINY
1-1-1-15,2020,1,26,45,-7,2,CLOUDY
1-1-1-15,2020,1,27,-1,-6,5,RAINY
1-1-1-15,2020,1,28,12,-9,10,SUNNY
1-1-1-15,2020,2,1,2,2,1,RAINY
1-1-1-15,2020,2,2,-8,-10,12,SUNNY
1-1-1-15,2020,2,3,24,-9,9,SUNNY
1-1-1-15,2020,2,4,-9,-10,3,SNOWY
1-1-1-15,2020,2,5,-10,-10,12,CLOUDY
1-1-1-15,2020,2,6,7,1,8,CLOUDY
1-1-1-15,2020,2,7,31,-7,5,RAINY
1-1-1-15,2020,2,8,45,26,8,SUNNY
1-1-1-15,2020,2,9,7,-6,12,CLOUDY
1-1-1-15,2020,2,10,20,9,5,CLOUDY
1-1-1-15,2020,2,11,9,5,12,CLOUDY
1-1-1-15,2020,2,12,34,13,4,CLOUDY
1-1-1-15,2020,2,13,35,-5,4,SUNNY
1-1-1-15,2020,2,14,19,6,0,RAINY
1-1-1-15,2020,2,15,25,5,10,SUNNY
1-1-1-15,2020,2,16,-9,-10,3,SUNNY
1-1-1-15,2020,2,17,24,20,8,RAINY
1-1-1-15,2020,2,18,16,-8,11,RAINY
1-1-1-15,2020,2,19,2,-9,8,CLOUDY
1-1-1-15,2020,2,20,-10,-10,8,SNOWY
1-1-1-15,2020,2,21,36,29,0,SUNNY
1-1-1-15,2020,2,22,26,17,5,SNOWY
1-1-1-15,2020,2,23,47,10,1,RAINY
1-1-1-15,2020,2,24,1,-1,3,SNOWY
1-1-1-15,2020,2,25,29,6,8,SNOWY
1-1-1-15,2020,2,26,34,-2,10,CLOUDY
1-1-1-15,2020,2,27,27,5,11,RAINY
1-1-1-15,2020,2,28,7,4,5,SNOWY
1-1-1-15,2020,3,1,7,-2,8,SUNNY
1-1-1-15,2020,3,2,-2,-9,1,SUNNY
1-1-1-15,2020,3,3,17,3,11,SNOWY
1-1-1-15,2020,3,4,18,4,1,SNOWY
1-1-1-15,2020,3,5,43,13,5,SNOWY
1-1-1-15,2020,3,6,48,26,4,SUNNY
1-1-1-15,2020,3,7,49,27,7,RAINY
1-1-1-15,2020,3,8,17,-3,12,SUNNY
1-1-1-15,2020,3,9,22,21,7,RAINY
1-1-1-15,2020,3,10,11,-5,3,SNOWY
1-1-1-15,2020,3,11,17,4,4,SUNNY
1-1-1-15,2020,3,12,14,-6,6,CLOUDY
1-1-1-15,2020,3,13,1,-3,9,CLOUDY
1-1-1-15,2020,3,14,20,6,0,SUNNY
1-1-1-15,2020,3,15,-6,-9,3,SUNNY
1-1-1-15,2020,3,16,1,1,1,SNOWY
1-1-1-15,2020,3,17,-8,-10,7,CLOUDY
1-1-1-15,2020,3,18,33,20,8,SUNNY
1-1-1-15,2020,3,19,22,1,0,SUNNY
1-1-1-15,2020,3,20,20,-2,6,SNOWY
1-1-1-15,2020,3,21,-8,-10,6,RAINY
1-1-1-15,2020,3,22,31,17,9,RAINY
1-1-1-15,2020,3,23,9,-8,5,SUNNY
1-1-1-15,2020,3,24,27,27,12,SNOWY
1-1-1-15,2020,3,25,11,3,1,RAINY
1-1-1-15,2020,3,26,33,19,1,SNOWY
1-1-1-15,2020,3,27,33,14,8,SNOWY
1-1-1-15,2020,3,28,-3,-7,1,SNOWY
1-1-1-15,2020,4,1,-7,-8,12,RAINY
1-1-1-15,2020,4,2,32,21,10,SNOWY
1-1-1-15,2020,4,3,-6,-9,1,SNOWY
1-1-1-15,2020,4,4,-7,-8,12,SNOWY
1-1-1-15,2020,4,5,34,31,0,RAINY
1-1-1-15,2020,4,6,14,9,3,CLOUDY
1-1-1-15,2020,4,7,27,5,10,RAINY
1-1-1-15,2020,4,8,6,-10,12,CLOUDY
1-1-1-15,2020,4,9,-2,-8,7,CLOUDY
1-1-1-15,2020,4,10,38,12,8,SUNNY
1-1-1-15,2020,4,11,45,-10,6,CLOUDY
1-1-1-15,2020,4,12,7,5,7,CLOUDY
1-1-1-15,2020,4,13,-3,-4,11,SUNNY
1-1-1-15,2020,4,14,47,4,12,RAINY
1-1-1-15,2020,4,15,-5,-6,1,CLOUDY
1-1-1-15,2020,4,16,-4,-9,12,CLOUDY
1-1-1-15,2020,4,17,0,-10,6,RAINY
1-1-1-15,2020,4,18,35,-4,9,CLOUDY
1-1-1-15,2020,4,19,3,-4,3,SUNNY
1-1-1-15,2020,4,20,27,1,10,CLOUDY
1-1-1-15,2020,4,21,40,-5,1,SNOWY
1-1-1-15,2020,4,22,41,7,2,SNOWY
1-1-1-15,2020,4,23,48,1,12,RAINY
1-1-1-15,2020,4,24,22,-8,5,CLOUDY
1-1-1-15,2020,4,25,2,-1,6,CLOUDY
1-1-1-15,2020,4,26,27,1,2,CLOUDY
1-1-1-15,2020,4,27,-3,-9,9,RAINY
1-1-1-15,2020,4,28,0,-1,2,RAINY
1-1-1-15,2020,5,1,18,0,7,CLOUDY
1-1-1-15,2020,5,2,37,30,6,SUNNY
1-1-1-15,2020,5,3,35,3,5,SUNNY
1-1-1-15,2020,5,4,16,15,6,SNOWY
1-1-1-15,2020,5,5,8,-10,0,CLOUDY
1-1-1-15,2020,5,6,3,-10,7,SNOWY
1-1-1-15,2020,5,7,11,-1,2,SNOWY
1-1-1-15,2020,5,8,-9,-10,5,SUNNY
1-1-1-15,2020,5,9,50,39,12,CLOUDY
1-1-1-15,2020,5,10,8,7,4,SNOWY
1-1-1-15,2020,5,11,39,-9,1,RAINY
1-1-1-15,2020,5,12,42,37,5,RAINY
1-1-1-15,2020,5,13,49,47,9,SNOWY
1-1-1-15,2020,5,14,43,9,3,RAINY
1-1-1-15,2020,5,15,36,3,2,RAINY
1-1-1-15,2020,5,16,-6,-9,2,CLOUDY
1-1-1-15,2020,5,17,-1,-5,10,RAINY
1-1-1-15,2020,5,18,30,-2,0,RAINY
1-1-1-15,2020,5,19,27,17,1,RAINY
1-1-1-15,2020,5,20,1,-7,6,RAINY
1-1-1-15,2020,5,21,7,-10,5,SUNNY
1-1-1-15,2020,5,22,50,48,11,SUNNY
1-1-1-15,2020,5,23,12,2,8,CLOUDY
1-1-1-15,2020,5,24,29,21,11,CLOUDY
1-1-1-15,2020,5,25,17,3,0,CLOUDY
1-1-1-15,2020,5,26,10,-9,4,RAINY
1-1-1-15,2020,5,27,2,0,6,CLOUDY
1-1-1-15,2020,5,28,13,-7,2,SUNNY
1-1-1-15,2020,6,1,-4,-5,2,RAINY
1-1-1-15,2020,6,2,-7,-10,5,RAINY
1-1-1-15,2020,6,3,-8,-9,0,RAINY
1-1-1-15,2020,6,4,-1,-6,4,SNOWY
1-1-1-15,2020,6,5,22,-9,10,SNOWY
1-1-1-15,2020,6,6,17,-6,4,SNOWY
1-1-1-15,2020,6,7,1,-1,5,SNOWY
1-1-1-15,2020,6,8,50,13,11,RAINY
1-1-1-15,2020,6,9,49,11,1,CLOUDY
1-1-1-15,2020,6,10,27,7,3,RAINY
1-1-1-15,2020,6,11,23,5,3,SNOWY
1-1-1-15,2020,6,12,24,16,8,CLOUDY
1-1-1-15,2020,6,13,29,-4,2,SUNNY
1-1-1-15,2020,6,14,8,2,9,RAINY
1-1-1-15,2020,6,15,50,39,9,RAINY
1-1-1-15,2020,6,16,18,4,3,SNOWY
1-1-1-15,2020,6,17,20,19,2,SNOWY
1-1-1-15,2020,6,18,3,2,0,RAINY
1-1-1-15,2020,6,19,36,31,8,SUNNY
1-1-1-15,2020,6,20,21,11,5,RAINY
1-1-1-15,2020,6,21,26,16,7,RAINY
1-1-1-15,2020,6,22,26,18,2,SUNNY
1-1-1-15,2020,6,23,2,0,8,SUNNY
1-1-1-15,2020,6,24,41,3,1,RAINY
1-1-1-15,2020,6,25,11,-10,0,RAINY
1-1-1-15,2020,6,26,-7,-10,5,SUNNY
1-1-1-15,2020,6,27,10,9,2,RAINY
1-1-1-15,2020,6,28,-5,-6,2,SUNNY
1-1-1-15,2020,7,1,33,11,8,CLOUDY
1-1-1-15,2020,7,2,48,26,8,SUNNY
1-1-1-15,2020,7,3,25,-7,7,SUNNY
1-1-1-15,2020,7,4,11,11,0,SNOWY
1-1-1-15,2020,7,5,-9,-10,8,SUNNY
1-1-1-15,2020,7,6,10,10,3,SUNNY
1-1-1-15,2020,7,7,42,3,9,SNOWY
1-1-1-15,2020,7,8,10,0,6,RAINY
1-1-1-15,2020,7,9,23,-1,10,RAINY
1-1-1-15,2020,7,10,19,0,6,RAINY
1-1-1-15,2020,7,11,9,-1,11,SUNNY
1-1-1-15,2020,7,12,36,20,3,SUNNY
1-1-1-15,2020,7,13,3,3,2,RAINY
1-1-1-15,2020,7,14,25,-6,0,RAINY
1-1-1-15,2020,7,15,1,-3,9,SNOWY
1-1-1-15,2020,7,16,13,9,2,RAINY
1-1-1-15,2020,7,17,44,41,4,SUNNY
1-1-1-15,2020,7,18,18,14,9,RAINY
1-1-1-15,2020,7,19,-1,-6,3,SNOWY
1-1-1-15,2020,7,20,-6,-7,8,SUNNY
1-1-1-15,2020,7,21,0,-4,0,RAINY
1-1-1-15,2020,7,22,25,23,6,SUNNY
1-1-1-15,2020,7,23,47,1,1,RAINY
1-1-1-15,2020,7,24,46,30,11,CLOUDY
1-1-1-15,2020,7,25,-4,-7,1,CLOUDY
1-1-1-15,2020,7,26,47,0,2,RAINY
1-1-1-15,2020,7,27,44,11,6,CLOUDY
1-1-1-15,2020,7,28,23,19,7,RAINY
1-1-1-15,2020,8,1,14,12,4,SNOWY
1-1-1-15,2020,8,2,25,19,12,CLOUDY
1-1-1-15,2020,8,3,-9,-10,10,SUNNY
1-1-1-15,2020,8,4,4,-7,8,RAINY
1-1-1-15,2020,8,5,-8,-9,6,SNOWY
1-1-1-15,2020,8,6,27,-5,9,CLOUDY
1-1-1-15,2020,8,7,17,3,4,SUNNY
1-1-1-15,2020,8,8,3,0,2,RAINY
1-1-1-15,2020,8,9,32,-6,12,SUNNY
1-1-1-15,2020,8,10,-8,-10,2,SNOWY
1-1-1-15,2020,8,11,28,18,6,CLOUDY
1-1-1-15,2020,8,12,48,46,3,RAINY
1-1-1-15,2020,8,13,7,7,11,SUNNY
1-1-1-15,2020,8,14,50,49,3,SUNNY
1-1-1-15,2020,8,15,8,0,4,SUNNY
1-1-1-15,2020,8,16,7,5,6,RAINY
1-1-1-15,2020,8,17,3,1,11,RAINY
1-1-1-15,2020,8,18,32,13,8,RAINY
1-1-1-15,2020,8,19,-2,-3,11,SNOWY
1-1-1-15,2020,8,20,48,37,3,SNOWY
1-1-1-15,2020,8,21,21,-3,10,RAINY
1-1-1-15,2020,8,22,13,-6,9,CLOUDY
1-1-1-15,2020,8,23,20,5,5,SNOWY
1-1-1-15,2020,8,24,7,3,4,SNOWY
1-1-1-15,2020,8,25,14,-4,5,SUNNY
1-1-1-15,2020,8,26,-9,-10,12,RAINY
1-1-1-15,2020,8,27,9,-8,10,RAINY
1-1-1-15,2020,8,28,8,-6,2,CLOUDY
1-1-1-15,2020,9,1,-1,-7,1,RAINY
1-1-1-15,2020,9,2,6,6,10,CLOUDY
1-1-1-15,2020,9,3,-9,-10,0,CLOUDY
1-1-1-15,2020,9,4,-7,-8,6,SNOWY
1-1-1-15,2020,9,5,27,27,1,SNOWY
1-1-1-15,2020,9,6,48,-8,5,SNOWY
1-1-1-15,2020,9,7,40,-5,11,SNOWY
1-1-1-15,2020,9,8,42,34,7,SNOWY
1-1-1-15,2020,9,9,-7,-9,9,RAINY
1-1-1-15,2020,9,10,25,4,9,CLOUDY
1-1-1-15,2020,9,11,41,14,8,CLOUDY
1-1-1-15,2020,9,12,-10,-10,9,RAINY
1-1-1-15,2020,9,13,18,15,9,SNOWY
1-1-1-15,2020,9,14,28,6,9,CLOUDY
1-1-1-15,2020,9,15,44,22,12,SNOWY
1-1-1-15,2020,9,16,38,25,4,SNOWY
1-1-1-15,2020,9,17,21,19,8,CLOUDY
1-1-1-15,2020,9,18,23,7,3,SNOWY
1-1-1-15,2020,9,19,-5,-10,4,SUNNY
1-1-1-15,2020,9,20,7,-5,9,SUNNY
1-1-1-15,2020,9,21,32,23,7,CLOUDY
1-1-1-15,2020,9,22,37,-7,0,CLOUDY
1-1-1-15,2020,9,23,25,-4,2,RAINY
1-1-1-15,2020,9,24,-10,-10,11,RAINY
1-1-1-15,2020,9,25,3,-5,7,CLOUDY
1-1-1-15,2020,9,26,-9,-10,0,RAINY
1-1-1-15,2020,9,27,40,-1,4,CLOUDY
1-1-1-15,2020,9,28,41,7,6,RAINY
1-1-1-15,2020,10,1,8,2,3,SNOWY
1-1-1-15,2020,10,2,18,14,5,SNOWY
1-1-1-15,2020,10,3,12,-5,10,SUNNY
1-1-1-15,2020,10,4,18,-9,0,RAINY
1-1-1-15,2020,10,5,-6,-7,0,SNOWY
1-1-1-15,2020,10,6,49,4,9,SUNNY
1-1-1-15,2020,10,7,33,9,3,RAINY
1-1-1-15,2020,10,8,48,32,9,CLOUDY
1-1-1-15,2020,10,9,25,13,12,CLOUDY
1-1-1-15,2020,10,10,22,4,0,RAINY
1-1-1-15,2020,10,11,22,18,0,RAINY
1-1-1-15,2020,10,12,38,17,8,CLOUDY
1-1-1-15,2020,10,13,20,-8,3,RAINY
1-1-1-15,2020,10,14,18,8,8,SNOWY
1-1-1-15,2020,10,15,46,40,1,SNOWY
1-1-1-15,2020,10,16,10,5,2,RAINY
1-1-1-15,2020,10,17,27,12,10,RAINY
1-1-1-15,2020,10,18,13,1,12,RAINY
1-1-1-15,2020,10,19,47,-1,1,SUNNY
1-1-1-15,2020,10,20,22,16,10,CLOUDY
1-1-1-15,2020,10,21,18,2,1,SNOWY
1-1-1-15,2020,10,22,-5,-10,5,SNOWY
1-1-1-15,2020,10,23,7,4,1,CLOUDY
1-1-1-15,2020,10,24,39,16,1,SUNNY
1-1-1-15,2020,10,25,28,28,5,RAINY
1-1-1-15,2020,10,26,32,19,11,RAINY
1-1-1-15,2020,10,27,-3,-9,9,CLOUDY
1-1-1-15,2020,10,28,35,10,2,CLOUDY
1-1-1-15,2020,11,1,18,-9,1,RAINY
1-1-1-15,2020,11,2,41,9,5,CLOUDY
1-1-1-15,2020,11,3,48,13,9,CLOUDY
1-1-1-15,2020,11,4,17,6,3,RAINY
1-1-1-15,2020,11,5,-4,-8,8,CLOUDY
1-1-1-15,2020,11,6,5,-2,0,SUNNY
1-1-1-15,2020,11,7,29,-3,2,CLOUDY
1-1-1-15,2020,11,8,15,-5,4,RAINY
1-1-1-15,2020,11,9,26,9,11,CLOUDY
1-1-1-15,2020,11,10,21,3,7,RAINY
1-1-1-15,2020,11,11,35,21,2,RAINY
1-1-1-15,2020,11,12,11,-10,1,CLOUDY
1-1-1-15,2020,11,13,32,30,11,SNOWY
1-1-1-15,2020,11,14,-10,-10,9,CLOUDY
1-1-1-15,2020,11,15,34,-9,1,RAINY
1-1-1-15,2020,11,16,38,-2,5,RAINY
1-1-1-15,2020,11,17,49,14,4,CLOUDY
1-1-1-15,2020,11,18,33,-3,2,SNOWY
1-1-1-15,2020,11,19,26,26,1,SNOWY
1-1-1-15,2020,11,20,44,8,10,SUNNY
1-1-1-15,2020,11,21,-2,-8,1,RAINY
1-1-1-15,2020,11,22,3,-9,1,SUNNY
1-1-1-15,2020,11,23,24,-3,2,RAINY
1-1-1-15,2020,11,24,49,-10,6,SNOWY
1-1-1-15,2020,11,25,-7,-10,3,RAINY
1-1-1-15,2020,11,26,22,20,0,CLOUDY
1-1-1-15,2020,11,27,-7,-9,11,CLOUDY
1-1-1-15,2020,11,28,49,-10,11,SUNNY
1-1-1-15,2020,12,1,34,-9,9,CLOUDY
1-1-1-15,2020,12,2,-9,-10,8,SUNNY
1-1-1-15,2020,12,3,50,1,8,RAINY
1-1-1-15,2020,12,4,5,-10,5,RAINY
1-1-1-15,2020,12,5,35,-9,8,SUNNY
1-1-1-15,2020,12,6,-9,-10,11,CLOUDY
1-1-1-15,2020,12,7,10,1,7,RAINY
1-1-1-15,2020,12,8,26,12,9,SUNNY
1-1-1-15,2020,12,9,5,-6,3,SUNNY
1-1-1-15,2020,12,10,-9,-10,5,RAINY
1-1-1-15,2020,12,11,26,26,4,CLOUDY
1-1-1-15,2020,12,12,-7,-8,8,SNOWY
1-1-1-15,2020,12,13,27,-2,0,SUNNY
1-1-1-15,2020,12,14,23,-9,7,SNOWY
1-1-1-15,2020,12,15,40,40,11,RAINY
1-1-1-15,2020,12,16,46,25,6,RAINY
1-1-1-15,2020,12,17,48,33,0,SNOWY
1-1-1-15,2020,12,18,43,-6,0,SUNNY
1-1-1-15,2020,12,19,47,34,10,RAINY
1-1-1-15,2020,12,20,23,6,5,CLOUDY
1-1-1-15,2020,12,21,6,-3,10,RAINY
1-1-1-15,2020,12,22,22,18,6,SUNNY
1-1-1-15,2020,12,23,27,-10,11,SNOWY
1-1-1-15,2020,12,24,28,22,8,SUNNY
1-1-1-15,2020,12,25,6,6,4,SUNNY
1-1-1-15,2020,12,26,8,3,8,RAINY
1-1-1-15,2020,12,27,30,24,7,SNOWY
1-1-1-15,2020,12,28,-1,-2,12,SNOWY
1-1-1-16,2020,1,1,34,33,1,SUNNY
1-1-1-16,2020,1,2,35,13,6,RAINY
1-1-1-16,2020,1,3,15,-5,5,RAINY
1-1-1-16,2020,1,4,7,2,11,RAINY
1-1-1-16,2020,1,5,11,2,11,RAINY
1-1-1-16,2020,1,6,-9,-10,3,SNOWY
1-1-1-16,2020,1,7,28,28,9,SUNNY
1-1-1-16,2020,1,8,24,-9,6,RAINY
1-1-1-16,2020,1,9,28,22,0,SNOWY
1-1-1-16,2020,1,10,-8,-9,8,SNOWY
1-1-1-16,2020,1,11,8,0,10,RAINY
1-1-1-16,2020,1,12,37,27,3,RAINY
1-1-1-16,2020,1,13,4,-3,5,SUNNY
1-1-1-16,2020,1,14,42,0,9,RAINY
1-1-1-16,2020,1,15,1,-2,1,SUNNY
1-1-1-16,2020,1,16,49,40,12,RAINY
1-1-1-16,2020,1,17,40,29,12,SUNNY
1-1-1-16,2020,1,18,17,12,2,CLOUDY
1-1-1-16,2020,1,19,-6,-9,7,CLOUDY
1-1-1-16,2020,1,20,8,-2,7,CLOUDY
1-1-1-16,2020,1,21,-5,-9,7,SUNNY
1-1-1-16,2020,1,22,47,-2,9,SNOWY
1-1-1-16,2020,1,23,38,0,11,CLOUDY
1-1-1-16,2020,1,24,10,-4,7,RAINY
1-1-1-16,2020,1,25,23,7,11,SNOWY
1-1-1-16,2020,1,26,28,21,2,SNOWY
1-1-1-16,2020,1,27,43,39,12,RAINY
1-1-1-16,2020,1,28,-6,-9,10,CLOUDY
1-1-1-16,2020,2,1,-5,-9,11,SNOWY
1-1-1-16,2020,2,2,2,2,7,SUNNY
1-1-1-16,2020,2,3,5,-6,3,RAINY
1-1-1-16,2020,2,4,0,-4,4,CLOUDY
1-1-1-16,2020,2,5,11,5,7,RAINY
1-1-1-16,2020,2,6,9,0,11,CLOUDY
1-1-1-16,2020,2,7,47,23,0,RAINY
1-1-1-16,2020,2,8,12,7,5,SNOWY
1-1-1-16,2020,2,9,24,21,3,CLOUDY
1-1-1-16,2020,2,10,21,5,11,RAINY
1-1-1-16,2020,2,11,31,10,2,CLOUDY
1-1-1-16,2020,2,12,14,14,11,SNOWY
1-1-1-16,2020,2,13,6,-2,8,CLOUDY
1-1-1-16,2020,2,14,5,-2,5,RAINY
1-1-1-16,2020,2,15,11,5,6,RAINY
1-1-1-16,2020,2,16,0,-7,6,RAINY
1-1-1-16,2020,2,17,-1,-6,10,SUNNY
1-1-1-16,2020,2,18,47,21,10,SUNNY
1-1-1-16,2020,2,19,43,9,10,CLOUDY
1-1-1-16,2020,2,20,7,2,0,SUNNY
1-1-1-16,2020,2,21,32,-7,9,CLOUDY
1-1-1-16,2020,2,22,21,15,11,RAINY
1-1-1-16,2020,2,23,44,7,6,CLOUDY
1-1-1-16,2020,2,24,40,1,11,SNOWY
1-1-1-16,2020,2,25,38,-6,4,CLOUDY
1-1-1-16,2020,2,26,39,11,4,SNOWY
1-1-1-16,2020,2,27,18,-10,1,SNOWY
1-1-1-16,2020,2,28,42,18,1,SNOWY
1-1-1-16,2020,3,1,-5,-9,4,RAINY
1-1-1-16,2020,3,2,-7,-9,1,SUNNY
1-1-1-16,2020,3,3,24,-4,4,CLOUDY
1-1-1-16,2020,3,4,47,45,0,SNOWY
1-1-1-16,2020,3,5,25,18,11,SNOWY
1-1-1-16,2020,3,6,33,18,2,RAINY
1-1-1-16,2020,3,7,38,37,3,SUNNY
1-1-1-16,2020,3,8,-6,-10,11,SUNNY
1-1-1-16,2020,3,9,17,-3,4,CLOUDY
1-1-1-16,2020,3,10,4,-9,11,SNOWY
1-1-1-16,2020,3,11,7,-4,12,RAINY
1-1-1-16,2020,3,12,7,1,12,SNOWY
1-1-1-16,2020,3,13,-5,-9,8,RAINY
1-1-1-16,2020,3,14,16,-7,4,SUNNY
1-1-1-16,2020,3,15,50,6,3,RAINY
1-1-1-16,2020,3,16,-2,-9,1,RAINY
1-1-1-16,2020,3,17,35,33,4,RAINY
1-1-1-16,2020,3,18,8,-9,10,CLOUDY
1-1-1-16,2020,3,19,8,6,5,CLOUDY
1-1-1-16,2020,3,20,47,28,6,SUNNY
1-1-1-16,2020,3,21,48,-7,1,SNOWY
1-1-1-16,2020,3,22,6,5,8,SUNNY
1-1-1-16,2020,3,23,-3,-10,0,SUNNY
1-1-1-16,2020,3,24,0,-8,12,SNOWY
1-1-1-16,2020,3,25,2,-1,7,CLOUDY
1-1-1-16,2020,3,26,11,1,1,SNOWY
1-1-1-16,2020,3,27,15,7,3,SUNNY
1-1-1-16,2020,3,28,38,6,2,SUNNY
1-1-1-16,2020,4,1,33,10,10,RAINY
1-1-1-16,2020,4,2,41,0,6,RAINY
1-1-1-16,2020,4,3,45,45,3,SUNNY
1-1-1-16,2020,4,4,2,-5,11,RAINY
1-1-1-16,2020,4,5,19,-5,7,SNOWY
1-1-1-16,2020,4,6,-10,-10,5,SNOWY
1-1-1-16,2020,4,7,1,1,2,RAINY
1-1-1-16,2020,4,8,-3,-4,12,SUNNY
1-1-1-16,2020,4,9,12,-2,5,CLOUDY
1-1-1-16,2020,4,10,-1,-4,0,RAINY
1-1-1-16,2020,4,11,35,6,12,SUNNY
1-1-1-16,2020,4,12,4,4,12,SNOWY
1-1-1-16,2020,4,13,3,-6,0,CLOUDY
1-1-1-16,2020,4,14,1,-3,6,SUNNY
1-1-1-16,2020,4,15,24,20,5,SUNNY
1-1-1-16,2020,4,16,23,-2,10,CLOUDY
1-1-1-16,2020,4,17,12,-8,6,SNOWY
1-1-1-16,2020,4,18,37,-2,2,RAINY
1-1-1-16,2020,4,19,25,20,11,SUNNY
1-1-1-16,2020,4,20,2,1,9,SUNNY
1-1-1-16,2020,4,21,26,25,6,CLOUDY
1-1-1-16,2020,4,22,31,1,12,SUNNY
1-1-1-16,2020,4,23,7,-5,0,RAINY
1-1-1-16,2020,4,24,21,4,10,RAINY
1-1-1-16,2020,4,25,37,8,10,SNOWY
1-1-1-16,2020,4,26,4,0,6,RAINY
1-1-1-16,2020,4,27,48,39,3,RAINY
1-1-1-16,2020,4,28,27,0,10,RAINY
1-1-1-16,2020,5,1,20,14,12,CLOUDY
1-1-1-16,2020,5,2,18,1,11,SUNNY
1-1-1-16,2020,5,3,-1,-8,8,CLOUDY
1-1-1-16,2020,5,4,11,-6,4,SNOWY
1-1-1-16,2020,5,5,2,-10,4,RAINY
1-1-1-16,2020,5,6,8,4,0,SUNNY
1-1-1-16,2020,5,7,17,11,0,RAINY
1-1-1-16,2020,5,8,10,-7,6,SUNNY
1-1-1-16,2020,5,9,11,4,11,SUNNY
1-1-1-16,2020,5,10,14,-10,3,RAINY
1-1-1-16,2020,5,11,48,19,8,SUNNY
1-1-1-16,2020,5,12,47,16,2,CLOUDY
1-1-1-16,2020,5,13,28,6,9,SNOWY
1-1-1-16,2020,5,14,49,2,3,SUNNY
1-1-1-16,2020,5,15,44,-9,11,SUNNY
1-1-1-16,2020,5,16,10,2,12,SNOWY
1-1-1-16,2020,5,17,12,-8,6,SUNNY
1-1-1-16,2020,5,18,31,7,1,RAINY
1-1-1-16,2020,5,19,23,-6,12,RAINY
1-1-1-16,2020,5,20,1,-3,11,SUNNY
1-1-1-16,2020,5,21,17,-9,10,SUNNY
1-1-1-16,2020,5,22,28,16,4,RAINY
1-1-1-16,2020,5,23,14,-2,10,CLOUDY
1-1-1-16,2020,5,24,37,35,12,SUNNY
1-1-1-16,2020,5,25,25,11,1,SNOWY
1-1-1-16,2020,5,26,16,10,1,SUNNY
1-1-1-16,2020,5,27,8,-9,5,SUNNY
1-1-1-16,2020,5,28,-9,-10,11,SUNNY
1-1-1-16,2020,6,1,6,-5,5,SUNNY
1-1-1-16,2020,6,2,30,-5,5,CLOUDY
1-1-1-16,2020,6,3,4,-6,10,CLOUDY
1-1-1-16,2020,6,4,32,24,2,SUNNY
1-1-1-16,2020,6,5,15,-9,12,RAINY
1-1-1-16,2020,6,6,20,9,5,SUNNY
1-1-1-16,2020,6,7,8,-6,11,RAINY
1-1-1-16,2020,6,8,5,-8,3,CLOUDY
1-1-1-16,2020,6,9,50,43,4,SUNNY
1-1-1-16,2020,6,10,29,15,10,RAINY
1-1-1-16,2020,6,11,41,26,7,SUNNY
1-1-1-16,2020,6,12,-5,-7,12,SUNNY
1-1-1-16,2020,6,13,24,-10,1,SNOWY
1-1-1-16,2020,6,14,35,4,2,SNOWY
1-1-1-16,2020,6,15,40,-10,2,CLOUDY
1-1-1-16,2020,6,16,-4,-7,0,SNOWY
1-1-1-16,2020,6,17,16,16,3,RAINY
1-1-1-16,2020,6,18,16,3,6,SNOWY
1-1-1-16,2020,6,19,7,4,0,RAINY
1-1-1-16,2020,6,20,9,7,1,SUNNY
1-1-1-16,2020,6,21,37,11,8,SNOWY
1-1-1-16,2020,6,22,46,22,12,SNOWY
1-1-1-16,2020,6,23,3,3,4,RAINY
1-1-1-16,2020,6,24,19,3,11,SUNNY
1-1-1-16,2020,6,25,50,43,12,SNOWY
1-1-1-16,2020,6,26,14,-2,9,CLOUDY
1-1-1-16,2020,6,27,48,41,2,SNOWY
1-1-1-16,2020,6,28,38,4,2,SUNNY
1-1-1-16,2020,7,1,29,20,3,CLOUDY
1-1-1-16,2020,7,2,17,-2,2,SNOWY
1-1-1-16,2020,7,3,50,32,6,SUNNY
1-1-1-16,2020,7,4,46,-1,2,SUNNY
1-1-1-16,2020,7,5,7,-7,1,RAINY
1-1-1-16,2020,7,6,13,-2,7,CLOUDY
1-1-1-16,2020,7,7,35,19,0,CLOUDY
1-1-1-16,2020,7,8,46,-3,6,CLOUDY
1-1-1-16,2020,7,9,12,4,4,RAINY
1-1-1-16,2020,7,10,38,9,12,SNOWY
1-1-1-16,2020,7,11,39,-9,0,SUNNY
1-1-1-16,2020,7,12,33,2,11,SNOWY
1-1-1-16,2020,7,13,49,4,4,RAINY
1-1-1-16,2020,7,14,27,10,12,SUNNY
1-1-1-16,2020,7,15,-6,-8,5,CLOUDY
1-1-1-16,2020,7,16,11,-10,8,SUNNY
1-1-1-16,2020,7,17,18,-9,5,RAINY
1-1-1-16,2020,7,18,50,33,9,CLOUDY
1-1-1-16,2020,7,19,43,16,6,RAINY
1-1-1-16,2020,7,20,-3,-7,8,CLOUDY
1-1-1-16,2020,7,21,8,7,10,CLOUDY
1-1-1-16,2020,7,22,12,12,7,CLOUDY
1-1-1-16,2020,7,23,38,8,3,SUNNY
1-1-1-16,2020,7,24,-1,-5,12,SNOWY
1-1-1-16,2020,7,25,24,23,1,RAINY
1-1-1-16,2020,7,26,2,0,8,SUNNY
1-1-1-16,2020,7,27,28,17,8,RAINY
1-1-1-16,2020,7,28,-4,-7,5,RAINY
1-1-1-16,2020,8,1,13,-4,12,CLOUDY
1-1-1-16,2020,8,2,31,-7,8,SNOWY
1-1-1-16,2020,8,3,1,-8,5,SUNNY
1-1-1-16,2020,8,4,-3,-8,8,RAINY
1-1-1-16,2020,8,5,21,8,10,SNOWY
1-1-1-16,2020,8,6,32,19,8,CLOUDY
1-1-1-16,2020,8,7,18,-9,12,SNOWY
1-1-1-16,2020,8,8,37,22,4,RAINY
1-1-1-16,2020,8,9,32,1,4,CLOUDY
1-1-1-16,2020,8,10,37,6,2,SUNNY
1-1-1-16,2020,8,11,14,12,0,CLOUDY
1-1-1-16,2020,8,12,10,-10,5,SNOWY
1-1-1-16,2020,8,13,36,21,0,RAINY
1-1-1-16,2020,8,14,-2,-7,4,SNOWY
1-1-1-16,2020,8,15,2,0,11,CLOUDY
1-1-1-16,2020,8,16,49,6,0,SUNNY
1-1-1-16,2020,8,17,15,-10,10,RAINY
1-1-1-16,2020,8,18,40,8,0,RAINY
1-1-1-16,2020,8,19,-1,-3,10,RAINY
1-1-1-16,2020,8,20,5,-3,12,SNOWY
1-1-1-16,2020,8,21,32,28,3,RAINY
1-1-1-16,2020,8,22,17,11,0,RAINY
1-1-1-16,2020,8,23,35,30,3,RAINY
1-1-1-16,2020,8,24,20,13,1,RAINY
1-1-1-16,2020,8,25,2,-4,10,RAINY
1-1-1-16,2020,8,26,45,39,10,RAINY
1-1-1-16,2020,8,27,35,34,11,CLOUDY
1-1-1-16,2020,8,28,-1,-8,6,SNOWY
1-1-1-16,2020,9,1,32,3,5,RAINY
1-1-1-16,2020,9,2,21,9,10,SNOWY
1-1-1-16,2020,9,3,38,-4,2,CLOUDY
1-1-1-16,2020,9,4,2,-6,6,SNOWY
1-1-1-16,2020,9,5,36,28,8,SNOWY
1-1-1-16,2020,9,6,3,3,4,CLOUDY
1-1-1-16,2020,9,7,35,30,1,RAINY
1-1-1-16,2020,9,8,40,4,9,SUNNY
1-1-1-16,2020,9,9,39,38,12,CLOUDY
1-1-1-16,2020,9,10,46,31,7,SUNNY
1-1-1-16,2020,9,11,41,4,11,SNOWY
1-1-1-16,2020,9,12,24,16,11,SNOWY
1-1-1-16,2020,9,13,40,13,4,SNOWY
1-1-1-16,2020,9,14,47,16,1,CLOUDY
1-1-1-16,2020,9,15,-9,-10,2,RAINY
1-1-1-16,2020,9,16,15,11,8,CLOUDY
1-1-1-16,2020,9,17,12,-10,6,SUNNY
1-1-1-16,2020,9,18,38,1,12,SUNNY
1-1-1-16,2020,9,19,34,22,10,CLOUDY
1-1-1-16,2020,9,20,36,16,9,SUNNY
1-1-1-16,2020,9,21,34,16,6,SNOWY
1-1-1-16,2020,9,22,13,-2,9,RAINY
1-1-1-16,2020,9,23,37,35,4,RAINY
1-1-1-16,2020,9,24,3,-3,7,SNOWY
1-1-1-16,2020,9,25,8,6,7,SNOWY
1-1-1-16,2020,9,26,20,0,4,CLOUDY
1-1-1-16,2020,9,27,27,6,7,SNOWY
1-1-1-16,2020,9,28,14,14,2,SNOWY
1-1-1-16,2020,10,1,2,-7,7,CLOUDY
1-1-1-16,2020,10,2,12,-2,3,SNOWY
1-1-1-16,2020,10,3,10,2,8,SNOWY
1-1-1-16,2020,10,4,0,-1,6,SUNNY
1-1-1-16,2020,10,5,-6,-9,4,SUNNY
1-1-1-16,2020,10,6,-4,-5,12,RAINY
1-1-1-16,2020,10,7,9,-4,1,SUNNY
1-1-1-16,2020,10,8,39,31,8,RAINY
1-1-1-16,2020,10,9,17,-5,8,RAINY
1-1-1-16,2020,10,10,39,28,6,SUNNY
1-1-1-16,2020,10,11,-4,-10,0,SNOWY
1-1-1-16,2020,10,12,15,8,12,SNOWY
1-1-1-16,2020,10,13,8,3,8,RAINY
1-1-1-16,2020,10,14,20,-8,12,SNOWY
1-1-1-16,2020,10,15,14,-10,7,SUNNY
1-1-1-16,2020,10,16,6,4,3,RAINY
1-1-1-16,2020,10,17,14,-5,7,RAINY
1-1-1-16,2020,10,18,5,-4,1,RAINY
1-1-1-16,2020,10,19,-6,-7,11,SUNNY
1-1-1-16,2020,10,20,1,-6,3,SUNNY
1-1-1-16,2020,10,21,36,-7,4,SNOWY
1-1-1-16,2020,10,22,46,7,4,SNOWY
1-1-1-16,2020,10,23,7,-7,11,SNOWY
1-1-1-16,2020,10,24,9,-3,12,SNOWY
1-1-1-16,2020,10,25,35,-3,0,CLOUDY
1-1-1-16,2020,10,26,-6,-8,9,CLOUDY
1-1-1-16,2020,10,27,4,2,1,SUNNY
1-1-1-16,2020,10,28,48,6,6,SNOWY
1-1-1-16,2020,11,1,46,25,6,RAINY
1-1-1-16,2020,11,2,8,0,0,SNOWY
1-1-1-16,2020,11,3,-5,-10,3,SUNNY
1-1-1-16,2020,11,4,27,-5,7,SUNNY
1-1-1-16,2020,11,5,32,26,9,SUNNY
1-1-1-16,2020,11,6,40,16,12,CLOUDY
1-1-1-16,2020,11,7,15,3,6,SUNNY
1-1-1-16,2020,11,8,26,9,3,CLOUDY
1-1-1-16,2020,11,9,17,7,2,SUNNY
1-1-1-16,2020,11,10,14,-3,5,RAINY
1-1-1-16,2020,11,11,15,-1,12,CLOUDY
1-1-1-16,2020,11,12,14,1,7,CLOUDY
1-1-1-16,2020,11,13,28,15,6,CLOUDY
1-1-1-16,2020,11,14,20,13,2,SNOWY
1-1-1-16,2020,11,15,-8,-9,1,RAINY
1-1-1-16,2020,11,16,-8,-10,10,SNOWY
1-1-1-16,2020,11,17,4,3,12,RAINY
1-1-1-16,2020,11,18,10,-3,4,RAINY
1-1-1-16,2020,11,19,43,23,12,CLOUDY
1-1-1-16,2020,11,20,23,-1,12,CLOUDY
1-1-1-16,2020,11,21,27,-6,2,CLOUDY
1-1-1-16,2020,11,22,25,13,2,RAINY
1-1-1-16,2020,11,23,28,-4,11,SNOWY
1-1-1-16,2020,11,24,13,1,2,SNOWY
1-1-1-16,2020,11,25,34,29,1,CLOUDY
1-1-1-16,2020,11,26,0,-2,7,RAINY
1-1-1-16,2020,11,27,25,0,5,CLOUDY
1-1-1-16,2020,11,28,33,31,9,SUNNY
1-1-1-16,2020,12,1,13,8,6,SUNNY
1-1-1-16,2020,12,2,4,1,1,CLOUDY
1-1-1-16,2020,12,3,-2,-3,7,SNOWY
1-1-1-16,2020,12,4,34,30,12,CLOUDY
1-1-1-16,2020,12,5,10,-3,3,RAINY
1-1-1-16,2020,12,6,2,-2,0,SUNNY
1-1-1-16,2020,12,7,-6,-10,4,SUNNY
1-1-1-16,2020,12,8,-9,-10,5,SNOWY
1-1-1-16,2020,12,9,11,-2,10,SNOWY
1-1-1-16,2020,12,10,22,11,2,SUNNY
1-1-1-16,2020,12,11,17,16,8,RAINY
1-1-1-16,2020,12,12,18,13,8,CLOUDY
1-1-1-16,2020,12,13,-10,-10,12,SUNNY
1-1-1-16,2020,12,14,17,-9,7,RAINY
1-1-1-16,2020,12,15,-2,-5,10,CLOUDY
1-1-1-16,2020,12,16,-9,-10,3,RAINY
1-1-1-16,2020,12,17,-7,-8,2,SUNNY
1-1-1-16,2020,12,18,26,11,11,CLOUDY
1-1-1-16,2020,12,19,23,2,3,RAINY
1-1-1-16,2020,12,20,17,13,8,RAINY
1-1-1-16,2020,12,21,50,-1,4,SUNNY
1-1-1-16,2020,12,22,21,12,7,SUNNY
1-1-1-16,2020,12,23,17,3,3,SNOWY
1-1-1-16,2020,12,24,29,-9,12,SNOWY
1-1-1-16,2020,12,25,30,17,8,CLOUDY
1-1-1-16,2020,12,26,8,-8,4,RAINY
1-1-1-16,2020,12,27,41,11,12,CLOUDY
1-1-1-16,2020,12,28,39,37,7,SUNNY
1-1-1-17,2020,1,1,33,-6,2,CLOUDY
1-1-1-17,2020,1,2,16,15,2,RAINY
1-1-1-17,2020,1,3,20,18,4,CLOUDY
1-1-1-17,2020,1,4,10,-3,1,SUNNY
1-1-1-17,2020,1,5,29,3,0,SUNNY
1-1-1-17,2020,1,6,24,7,8,SNOWY
1-1-1-17,2020,1,7,21,18,6,SNOWY
1-1-1-17,2020,1,8,28,2,1,RAINY
1-1-1-17,2020,1,9,39,29,12,RAINY
1-1-1-17,2020,1,10,-8,-10,9,RAINY
1-1-1-17,2020,1,11,2,-9,11,CLOUDY
1-1-1-17,2020,1,12,31,21,9,SNOWY
1-1-1-17,2020,1,13,9,-9,11,SUNNY
1-1-1-17,2020,1,14,2,-3,6,RAINY
1-1-1-17,2020,1,15,40,3,3,CLOUDY
1-1-1-17,2020,1,16,-1,-6,3,SUNNY
1-1-1-17,2020,1,17,23,-6,9,RAINY
1-1-1-17,2020,1,18,29,24,5,SUNNY
1-1-1-17,2020,1,19,11,1,12,SUNNY
1-1-1-17,2020,1,20,36,-9,2,SUNNY
1-1-1-17,2020,1,21,41,26,1,RAINY
1-1-1-17,2020,1,22,35,16,1,SNOWY
1-1-1-17,2020,1,23,42,8,2,RAINY
1-1-1-17,2020,1,24,21,-9,0,SUNNY
1-1-1-17,2020,1,25,48,-4,0,SUNNY
1-1-1-17,2020,1,26,-3,-10,12,SUNNY
1-1-1-17,2020,1,27,31,4,12,SNOWY
1-1-1-17,2020,1,28,14,4,5,SUNNY
1-1-1-17,2020,2,1,45,-7,1,RAINY
1-1-1-17,2020,2,2,41,2,10,CLOUDY
1-1-1-17,2020,2,3,20,2,11,SUNNY
1-1-1-17,2020,2,4,4,4,9,CLOUDY
1-1-1-17,2020,2,5,4,3,8,SUNNY
1-1-1-17,2020,2,6,47,-8,8,RAINY
1-1-1-17,2020,2,7,15,-3,1,SNOWY
1-1-1-17,2020,2,8,26,0,3,RAINY
1-1-1-17,2020,2,9,-3,-5,9,CLOUDY
1-1-1-17,2020,2,10,41,27,2,SUNNY
1-1-1-17,2020,2,11,27,5,12,SNOWY
1-1-1-17,2020,2,12,33,33,12,RAINY
1-1-1-17,2020,2,13,3,1,2,RAINY
1-1-1-17,2020,2,14,12,9,10,SNOWY
1-1-1-17,2020,2,15,48,-2,1,SNOWY
1-1-1-17,2020,2,16,50,18,12,SUNNY
1-1-1-17,2020,2,17,14,6,4,SUNNY
1-1-1-17,2020,2,18,22,11,6,CLOUDY
1-1-1-17,2020,2,19,38,38,2,SNOWY
1-1-1-17,2020,2,20,18,16,10,CLOUDY
1-1-1-17,2020,2,21,18,18,9,RAINY
1-1-1-17,2020,2,22,-4,-9,8,SNOWY
1-1-1-17,2020,2,23,16,13,9,SNOWY
1-1-1-17,2020,2,24,48,2,11,SUNNY
1-1-1-17,2020,2,25,47,-9,7,RAINY
1-1-1-17,2020,2,26,9,0,8,SNOWY
1-1-1-17,2020,2,27,-5,-6,3,SNOWY
1-1-1-17,2020,2,28,34,2,12,CLOUDY
1-1-1-17,2020,3,1,49,25,11,CLOUDY
1-1-1-17,2020,3,2,17,-10,11,RAINY
1-1-1-17,2020,3,3,11,0,4,RAINY
1-1-1-17,2020,3,4,25,4,2,SNOWY
1-1-1-17,2020,3,5,8,1,3,CLOUDY
1-1-1-17,2020,3,6,34,22,9,CLOUDY
1-1-1-17,2020,3,7,0,-6,6,SNOWY
1-1-1-17,2020,3,8,-5,-9,2,SNOWY
1-1-1-17,2020,3,9,-5,-6,6,RAINY
1-1-1-17,2020,3,10,45,37,9,CLOUDY
1-1-1-17,2020,3,11,50,50,2,CLOUDY
1-1-1-17,2020,3,12,7,4,4,SUNNY
1-1-1-17,2020,3,13,31,10,3,CLOUDY
1-1-1-17,2020,3,14,36,-5,4,CLOUDY
1-1-1-17,2020,3,15,23,19,6,RAINY
1-1-1-17,2020,3,16,17,12,3,RAINY
1-1-1-17,2020,3,17,13,-2,6,SUNNY
1-1-1-17,2020,3,18,42,20,7,SUNNY
1-1-1-17,2020,3,19,25,15,3,CLOUDY
1-1-1-17,2020,3,20,15,-5,9,SUNNY
1-1-1-17,2020,3,21,45,36,7,SNOWY
1-1-1-17,2020,3,22,20,12,3,SNOWY
1-1-1-17,2020,3,23,28,24,1,SNOWY
1-1-1-17,2020,3,24,29,25,3,CLOUDY
1-1-1-17,2020,3,25,9,2,3,RAINY
1-1-1-17,2020,3,26,33,-4,9,SUNNY
1-1-1-17,2020,3,27,6,-10,10,SNOWY
1-1-1-17,2020,3,28,5,-6,9,RAINY
1-1-1-17,2020,4,1,-8,-9,7,SUNNY
1-1-1-17,2020,4,2,49,6,6,RAINY
1-1-1-17,2020,4,3,24,23,9,SUNNY
1-1-1-17,2020,4,4,10,7,8,SNOWY
1-1-1-17,2020,4,5,24,13,12,CLOUDY
1-1-1-17,2020,4,6,6,3,3,SUNNY
1-1-1-17,2020,4,7,32,27,12,SNOWY
1-1-1-17,2020,4,8,-9,-10,4,SUNNY
1-1-1-17,2020,4,9,26,5,9,CLOUDY
1-1-1-17,2020,4,10,42,16,0,SNOWY
1-1-1-17,2020,4,11,43,30,8,SUNNY
1-1-1-17,2020,4,12,42,15,0,SNOWY
1-1-1-17,2020,4,13,-6,-9,1,CLOUDY
1-1-1-17,2020,4,14,11,3,3,SUNNY
1-1-1-17,2020,4,15,13,9,8,SNOWY
1-1-1-17,2020,4,16,49,4,12,RAINY
1-1-1-17,2020,4,17,44,-1,4,RAINY
1-1-1-17,2020,4,18,49,10,3,CLOUDY
1-1-1-17,2020,4,19,36,30,7,SNOWY
1-1-1-17,2020,4,20,37,35,5,SNOWY
1-1-1-17,2020,4,21,46,-5,2,RAINY
1-1-1-17,2020,4,22,2,-5,4,CLOUDY
1-1-1-17,2020,4,23,2,-5,8,RAINY
1-1-1-17,2020,4,24,10,2,0,SNOWY
1-1-1-17,2020,4,25,27,3,8,SUNNY
1-1-1-17,2020,4,26,23,-1,5,CLOUDY
1-1-1-17,2020,4,27,20,5,1,SNOWY
1-1-1-17,2020,4,28,-7,-8,10,SNOWY
1-1-1-17,2020,5,1,32,-1,0,SUNNY
1-1-1-17,2020,5,2,36,12,5,SUNNY
1-1-1-17,2020,5,3,39,30,10,RAINY
1-1-1-17,2020,5,4,30,-1,2,CLOUDY
1-1-1-17,2020,5,5,47,-5,6,SNOWY
1-1-1-17,2020,5,6,31,15,3,CLOUDY
1-1-1-17,2020,5,7,29,0,5,CLOUDY
1-1-1-17,2020,5,8,48,-5,3,SNOWY
1-1-1-17,2020,5,9,19,0,6,SUNNY
1-1-1-17,2020,5,10,16,2,9,SUNNY
1-1-1-17,2020,5,11,45,4,7,SUNNY
1-1-1-17,2020,5,12,22,-4,2,SNOWY
1-1-1-17,2020,5,13,39,34,9,RAINY
1-1-1-17,2020,5,14,3,2,12,SUNNY
1-1-1-17,2020,5,15,22,5,5,RAINY
1-1-1-17,2020,5,16,22,20,6,CLOUDY
1-1-1-17,2020,5,17,16,9,4,RAINY
1-1-1-17,2020,5,18,25,15,2,RAINY
1-1-1-17,2020,5,19,0,-7,2,RAINY
1-1-1-17,2020,5,20,16,10,10,SUNNY
1-1-1-17,2020,5,21,22,12,11,RAINY
1-1-1-17,2020,5,22,26,10,5,CLOUDY
1-1-1-17,2020,5,23,-3,-7,4,CLOUDY
1-1-1-17,2020,5,24,29,13,11,CLOUDY
1-1-1-17,2020,5,25,10,0,6,CLOUDY
1-1-1-17,2020,5,26,9,-3,7,SUNNY
1-1-1-17,2020,5,27,34,11,8,SNOWY
1-1-1-17,2020,5,28,6,-6,6,SUNNY
1-1-1-17,2020,6,1,-3,-5,7,RAINY
1-1-1-17,2020,6,2,25,3,7,RAINY
1-1-1-17,2020,6,3,23,-7,9,CLOUDY
1-1-1-17,2020,6,4,49,17,11,CLOUDY
1-1-1-17,2020,6,5,5,-10,6,SNOWY
1-1-1-17,2020,6,6,30,19,1,SUNNY
1-1-1-17,2020,6,7,27,11,12,CLOUDY
1-1-1-17,2020,6,8,42,8,7,SNOWY
1-1-1-17,2020,6,9,-8,-9,6,RAINY
1-1-1-17,2020,6,10,46,-6,3,CLOUDY
1-1-1-17,2020,6,11,39,32,12,CLOUDY
1-1-1-17,2020,6,12,27,4,2,SUNNY
1-1-1-17,2020,6,13,32,-6,11,CLOUDY
1-1-1-17,2020,6,14,22,5,11,RAINY
1-1-1-17,2020,6,15,4,-8,3,SNOWY
1-1-1-17,2020,6,16,40,36,4,RAINY
1-1-1-17,2020,6,17,46,16,7,SUNNY
1-1-1-17,2020,6,18,6,-8,12,CLOUDY
1-1-1-17,2020,6,19,19,4,11,SUNNY
1-1-1-17,2020,6,20,-8,-10,9,SNOWY
1-1-1-17,2020,6,21,-1,-3,0,SNOWY
1-1-1-17,2020,6,22,35,7,10,CLOUDY
1-1-1-17,2020,6,23,12,9,3,SNOWY
1-1-1-17,2020,6,24,18,-10,12,CLOUDY
1-1-1-17,2020,6,25,11,10,1,CLOUDY
1-1-1-17,2020,6,26,5,0,1,SNOWY
1-1-1-17,2020,6,27,33,3,4,SUNNY
1-1-1-17,2020,6,28,27,24,10,SNOWY
1-1-1-17,2020,7,1,50,17,9,CLOUDY
1-1-1-17,2020,7,2,4,-8,6,CLOUDY
1-1-1-17,2020,7,3,45,17,6,SNOWY
1-1-1-17,2020,7,4,26,12,7,SUNNY
1-1-1-17,2020,7,5,-3,-4,6,RAINY
1-1-1-17,2020,7,6,42,-2,9,SNOWY
1-1-1-17,2020,7,7,1,-7,3,SNOWY
1-1-1-17,2020,7,8,5,5,10,SNOWY
1-1-1-17,2020,7,9,23,5,6,SUNNY
1-1-1-17,2020,7,10,17,7,7,CLOUDY
1-1-1-17,2020,7,11,50,8,0,CLOUDY
1-1-1-17,2020,7,12,14,-1,7,SUNNY
1-1-1-17,2020,7,13,11,4,6,SUNNY
1-1-1-17,2020,7,14,-10,-10,4,RAINY
1-1-1-17,2020,7,15,15,5,9,RAINY
1-1-1-17,2020,7,16,48,46,7,CLOUDY
1-1-1-17,2020,7,17,3,-10,9,RAINY
1-1-1-17,2020,7,18,10,-8,2,SNOWY
1-1-1-17,2020,7,19,27,16,4,SUNNY
1-1-1-17,2020,7,20,26,-6,0,SUNNY
1-1-1-17,2020,7,21,28,2,4,CLOUDY
1-1-1-17,2020,7,22,-10,-10,11,SNOWY
1-1-1-17,2020,7,23,49,-2,0,SNOWY
1-1-1-17,2020,7,24,22,-4,5,SUNNY
1-1-1-17,2020,7,25,-8,-9,5,CLOUDY
1-1-1-17,2020,7,26,26,8,8,SNOWY
1-1-1-17,2020,7,27,18,14,6,SNOWY
1-1-1-17,2020,7,28,15,8,10,SUNNY
1-1-1-17,2020,8,1,7,0,1,CLOUDY
1-1-1-17,2020,8,2,39,-2,5,RAINY
1-1-1-17,2020,8,3,40,17,7,CLOUDY
1-1-1-17,2020,8,4,42,11,4,SNOWY
1-1-1-17,2020,8,5,2,-4,0,SNOWY
1-1-1-17,2020,8,6,-3,-7,12,SNOWY
1-1-1-17,2020,8,7,12,-9,9,SUNNY
1-1-1-17,2020,8,8,23,-9,11,CLOUDY
1-1-1-17,2020,8,9,39,0,1,SUNNY
1-1-1-17,2020,8,10,0,-4,2,SNOWY
1-1-1-17,2020,8,11,41,11,1,CLOUDY
1-1-1-17,2020,8,12,12,6,12,RAINY
1-1-1-17,2020,8,13,20,11,5,SUNNY
1-1-1-17,2020,8,14,48,29,0,SUNNY
1-1-1-17,2020,8,15,35,13,8,CLOUDY
1-1-1-17,2020,8,16,29,15,2,RAINY
1-1-1-17,2020,8,17,6,-7,9,RAINY
1-1-1-17,2020,8,18,27,9,8,SNOWY
1-1-1-17,2020,8,19,7,-2,1,SUNNY
1-1-1-17,2020,8,20,1,-10,0,RAINY
1-1-1-17,2020,8,21,-7,-10,4,CLOUDY
1-1-1-17,2020,8,22,4,1,5,RAINY
1-1-1-17,2020,8,23,41,-10,7,SUNNY
1-1-1-17,2020,8,24,37,-1,3,CLOUDY
1-1-1-17,2020,8,25,23,18,5,RAINY
1-1-1-17,2020,8,26,0,-5,8,CLOUDY
1-1-1-17,2020,8,27,33,30,6,SUNNY
1-1-1-17,2020,8,28,19,-7,4,SNOWY
1-1-1-17,2020,9,1,44,24,12,CLOUDY
1-1-1-17,2020,9,2,8,2,7,RAINY
1-1-1-17,2020,9,3,1,-5,4,SUNNY
1-1-1-17,2020,9,4,22,-2,6,RAINY
1-1-1-17,2020,9,5,-4,-9,10,SNOWY
1-1-1-17,2020,9,6,-4,-9,1,SNOWY
1-1-1-17,2020,9,7,50,4,9,SUNNY
1-1-1-17,2020,9,8,-2,-8,2,CLOUDY
1-1-1-17,2020,9,9,46,36,4,SNOWY
1-1-1-17,2020,9,10,-10,-10,9,SUNNY
1-1-1-17,2020,9,11,24,-6,6,RAINY
1-1-1-17,2020,9,12,37,27,10,SUNNY
1-1-1-17,2020,9,13,16,11,4,RAINY
1-1-1-17,2020,9,14,-5,-10,11,SNOWY
1-1-1-17,2020,9,15,33,-4,1,RAINY
1-1-1-17,2020,9,16,19,1,11,SUNNY
1-1-1-17,2020,9,17,27,9,10,RAINY
1-1-1-17,2020,9,18,21,13,0,RAINY
1-1-1-17,2020,9,19,36,26,7,CLOUDY
1-1-1-17,2020,9,20,38,14,2,RAINY
1-1-1-17,2020,9,21,10,-7,12,SUNNY
1-1-1-17,2020,9,22,-9,-10,10,SUNNY
1-1-1-17,2020,9,23,48,-8,9,CLOUDY
1-1-1-17,2020,9,24,-5,-8,8,SNOWY
1-1-1-17,2020,9,25,46,15,3,SUNNY
1-1-1-17,2020,9,26,4,-8,12,CLOUDY
1-1-1-17,2020,9,27,-1,-2,5,CLOUDY
1-1-1-17,2020,9,28,-3,-8,4,RAINY
1-1-1-17,2020,10,1,5,1,4,SNOWY
1-1-1-17,2020,10,2,20,-2,2,SUNNY
1-1-1-17,2020,10,3,3,0,12,SUNNY
1-1-1-17,2020,10,4,12,8,1,CLOUDY
1-1-1-17,2020,10,5,36,28,6,CLOUDY
1-1-1-17,2020,10,6,18,2,11,CLOUDY
1-1-1-17,2020,10,7,-1,-10,5,RAINY
1-1-1-17,2020,10,8,36,-10,2,SUNNY
1-1-1-17,2020,10,9,24,14,8,SUNNY
1-1-1-17,2020,10,10,10,-3,8,CLOUDY
1-1-1-17,2020,10,11,-3,-6,3,SNOWY
1-1-1-17,2020,10,12,29,18,9,RAINY
1-1-1-17,2020,10,13,39,3,12,CLOUDY
1-1-1-17,2020,10,14,-10,-10,8,RAINY
1-1-1-17,2020,10,15,-7,-10,0,RAINY
1-1-1-17,2020,10,16,6,5,10,RAINY
1-1-1-17,2020,10,17,20,4,10,SUNNY
1-1-1-17,2020,10,18,40,2,12,RAINY
1-1-1-17,2020,10,19,12,-2,6,RAINY
1-1-1-17,2020,10,20,21,-5,11,CLOUDY
1-1-1-17,2020,10,21,16,13,5,SNOWY
1-1-1-17,2020,10,22,0,-6,1,RAINY
1-1-1-17,2020,10,23,12,0,4,SUNNY
1-1-1-17,2020,10,24,8,-1,4,RAINY
1-1-1-17,2020,10,25,11,5,10,SUNNY
1-1-1-17,2020,10,26,-2,-7,10,RAINY
1-1-1-17,2020,10,27,44,31,4,CLOUDY
1-1-1-17,2020,10,28,9,-8,0,RAINY
1-1-1-17,2020,11,1,5,-4,9,SUNNY
1-1-1-17,2020,11,2,15,0,2,CLOUDY
1-1-1-17,2020,11,3,1,-2,4,RAINY
1-1-1-17,2020,11,4,27,-2,7,CLOUDY
1-1-1-17,2020,11,5,49,45,1,SUNNY
1-1-1-17,2020,11,6,34,-5,0,CLOUDY
1-1-1-17,2020,11,7,-8,-10,11,SUNNY
1-1-1-17,2020,11,8,3,-5,10,SUNNY
1-1-1-17,2020,11,9,9,3,7,CLOUDY
1-1-1-17,2020,11,10,45,8,5,RAINY
1-1-1-17,2020,11,11,2,-6,5,CLOUDY
1-1-1-17,2020,11,12,-6,-8,5,RAINY
1-1-1-17,2020,11,13,17,17,5,RAINY
1-1-1-17,2020,11,14,43,35,11,CLOUDY
1-1-1-17,2020,11,15,43,-1,3,CLOUDY
1-1-1-17,2020,11,16,0,0,11,SNOWY
1-1-1-17,2020,11,17,26,24,1,CLOUDY
1-1-1-17,2020,11,18,-1,-3,5,RAINY
1-1-1-17,2020,11,19,-4,-7,5,SNOWY
1-1-1-17,2020,11,20,-3,-4,0,SNOWY
1-1-1-17,2020,11,21,13,-4,12,SNOWY
1-1-1-17,2020,11,22,12,2,0,SUNNY
1-1-1-17,2020,11,23,20,10,5,RAINY
1-1-1-17,2020,11,24,-3,-10,0,SNOWY
1-1-1-17,2020,11,25,7,-2,9,CLOUDY
1-1-1-17,2020,11,26,41,11,10,RAINY
1-1-1-17,2020,11,27,6,3,6,CLOUDY
1-1-1-17,2020,11,28,43,10,4,SUNNY
1-1-1-17,2020,12,1,34,24,5,CLOUDY
1-1-1-17,2020,12,2,17,7,0,SUNNY
1-1-1-17,2020,12,3,0,-4,3,CLOUDY
1-1-1-17,2020,12,4,36,8,11,RAINY
1-1-1-17,2020,12,5,46,22,5,SNOWY
1-1-1-17,2020,12,6,7,0,0,CLOUDY
1-1-1-17,2020,12,7,32,18,0,CLOUDY
1-1-1-17,2020,12,8,42,-3,1,CLOUDY
1-1-1-17,2020,12,9,-9,-10,3,SNOWY
1-1-1-17,2020,12,10,6,-2,0,SNOWY
1-1-1-17,2020,12,11,15,4,3,SNOWY
1-1-1-17,2020,12,12,-3,-9,10,SUNNY
1-1-1-17,2020,12,13,46,15,12,SNOWY
1-1-1-17,2020,12,14,19,-5,2,CLOUDY
1-1-1-17,2020,12,15,44,38,6,RAINY
1-1-1-17,2020,12,16,-10,-10,4,SUNNY
1-1-1-17,2020,12,17,38,17,0,SNOWY
1-1-1-17,2020,12,18,30,26,5,RAINY
1-1-1-17,2020,12,19,34,32,10,CLOUDY
1-1-1-17,2020,12,20,13,-3,0,CLOUDY
1-1-1-17,2020,12,21,10,4,6,CLOUDY
1-1-1-17,2020,12,22,-9,-10,6,CLOUDY
1-1-1-17,2020,12,23,34,33,3,CLOUDY
1-1-1-17,2020,12,24,43,39,1,RAINY
1-1-1-17,2020,12,25,43,36,1,SUNNY
1-1-1-17,2020,12,26,32,-5,10,SNOWY
1-1-1-17,2020,12,27,-1,-10,5,CLOUDY
1-1-1-17,2020,12,28,43,28,1,RAINY
1-1-1-18,2020,1,1,49,9,10,CLOUDY
1-1-1-18,2020,1,2,15,-6,3,SNOWY
1-1-1-18,2020,1,3,29,25,9,CLOUDY
1-1-1-18,2020,1,4,11,-7,9,SUNNY
1-1-1-18,2020,1,5,43,29,7,SNOWY
1-1-1-18,2020,1,6,36,19,12,SNOWY
1-1-1-18,2020,1,7,-10,-10,1,RAINY
1-1-1-18,2020,1,8,35,0,5,CLOUDY
1-1-1-18,2020,1,9,40,29,9,RAINY
1-1-1-18,2020,1,10,7,7,12,CLOUDY
1-1-1-18,2020,1,11,29,7,2,SUNNY
1-1-1-18,2020,1,12,4,-9,6,RAINY
1-1-1-18,2020,1,13,10,-1,2,SNOWY
1-1-1-18,2020,1,14,-2,-8,6,SUNNY
1-1-1-18,2020,1,15,15,-8,10,RAINY
1-1-1-18,2020,1,16,20,16,10,SUNNY
1-1-1-18,2020,1,17,0,-6,0,RAINY
1-1-1-18,2020,1,18,10,-7,12,RAINY
1-1-1-18,2020,1,19,13,-5,7,RAINY
1-1-1-18,2020,1,20,-2,-3,10,CLOUDY
1-1-1-18,2020,1,21,8,-2,8,RAINY
1-1-1-18,2020,1,22,34,22,4,SUNNY
1-1-1-18,2020,1,23,23,-7,10,CLOUDY
1-1-1-18,2020,1,24,22,-1,0,SUNNY
1-1-1-18,2020,1,25,-3,-8,6,CLOUDY
1-1-1-18,2020,1,26,17,15,10,SNOWY
1-1-1-18,2020,1,27,36,18,3,SNOWY
1-1-1-18,2020,1,28,16,-7,3,RAINY
1-1-1-18,2020,2,1,39,1,10,CLOUDY
1-1-1-18,2020,2,2,45,29,0,RAINY
1-1-1-18,2020,2,3,21,13,11,RAINY
1-1-1-18,2020,2,4,22,15,4,RAINY
1-1-1-18,2020,2,5,44,43,7,SUNNY
1-1-1-18,2020,2,6,12,-6,6,SNOWY
1-1-1-18,2020,2,7,14,-3,8,SNOWY
1-1-1-18,2020,2,8,44,5,9,CLOUDY
1-1-1-18,2020,2,9,26,20,7,SNOWY
1-1-1-18,2020,2,10,6,-10,10,SUNNY
1-1-1-18,2020,2,11,5,5,8,CLOUDY
1-1-1-18,2020,2,12,-4,-9,1,SUNNY
1-1-1-18,2020,2,13,50,-2,3,CLOUDY
1-1-1-18,2020,2,14,23,15,2,SNOWY
1-1-1-18,2020,2,15,4,-4,0,SNOWY
1-1-1-18,2020,2,16,8,7,11,CLOUDY
1-1-1-18,2020,2,17,29,-4,7,SUNNY
1-1-1-18,2020,2,18,12,12,12,RAINY
1-1-1-18,2020,2,19,8,5,10,CLOUDY
1-1-1-18,2020,2,20,45,31,3,SUNNY
1-1-1-18,2020,2,21,22,10,4,RAINY
1-1-1-18,2020,2,22,6,0,11,RAINY
1-1-1-18,2020,2,23,-9,-10,7,SNOWY
1-1-1-18,2020,2,24,26,2,2,SNOWY
1-1-1-18,2020,2,25,47,7,4,RAINY
1-1-1-18,2020,2,26,6,-4,12,RAINY
1-1-1-18,2020,2,27,47,15,9,CLOUDY
1-1-1-18,2020,2,28,5,2,8,CLOUDY
1-1-1-18,2020,3,1,25,13,12,SNOWY
1-1-1-18,2020,3,2,18,8,9,SNOWY
1-1-1-18,2020,3,3,24,-9,4,SNOWY
1-1-1-18,2020,3,4,15,14,6,CLOUDY
1-1-1-18,2020,3,5,35,1,4,CLOUDY
1-1-1-18,2020,3,6,-3,-5,2,SNOWY
1-1-1-18,2020,3,7,32,18,4,SNOWY
1-1-1-18,2020,3,8,1,1,10,CLOUDY
1-1-1-18,2020,3,9,35,10,8,RAINY
1-1-1-18,2020,3,10,6,-5,10,CLOUDY
1-1-1-18,2020,3,11,5,-6,1,SNOWY
1-1-1-18,2020,3,12,-7,-10,10,CLOUDY
1-1-1-18,2020,3,13,37,18,3,SUNNY
1-1-1-18,2020,3,14,1,-4,9,SUNNY
1-1-1-18,2020,3,15,42,14,10,CLOUDY
1-1-1-18,2020,3,16,-6,-7,11,CLOUDY
1-1-1-18,2020,3,17,14,-1,6,SUNNY
1-1-1-18,2020,3,18,45,39,5,RAINY
1-1-1-18,2020,3,19,0,-1,12,CLOUDY
1-1-1-18,2020,3,20,46,37,2,SNOWY
1-1-1-18,2020,3,21,44,11,7,SUNNY
1-1-1-18,2020,3,22,48,-8,1,SUNNY
1-1-1-18,2020,3,23,4,-1,10,RAINY
1-1-1-18,2020,3,24,34,20,0,RAINY
1-1-1-18,2020,3,25,10,8,3,RAINY
1-1-1-18,2020,3,26,41,29,6,SUNNY
1-1-1-18,2020,3,27,43,34,2,CLOUDY
1-1-1-18,2020,3,28,18,4,1,SNOWY
1-1-1-18,2020,4,1,45,12,0,RAINY
1-1-1-18,2020,4,2,45,-1,0,SUNNY
1-1-1-18,2020,4,3,9,7,1,RAINY
1-1-1-18,2020,4,4,9,9,5,SNOWY
1-1-1-18,2020,4,5,-4,-8,6,RAINY
1-1-1-18,2020,4,6,43,41,3,SUNNY
1-1-1-18,2020,4,7,16,6,9,SUNNY
1-1-1-18,2020,4,8,27,26,5,SNOWY
1-1-1-18,2020,4,9,13,7,8,SNOWY
1-1-1-18,2020,4,10,46,37,1,RAINY
1-1-1-18,2020,4,11,39,6,6,SUNNY
1-1-1-18,2020,4,12,35,-9,11,SUNNY
1-1-1-18,2020,4,13,19,-6,9,SNOWY
1-1-1-18,2020,4,14,-9,-10,12,SUNNY
1-1-1-18,2020,4,15,41,1,1,CLOUDY
1-1-1-18,2020,4,16,-7,-9,0,RAINY
1-1-1-18,2020,4,17,21,13,3,CLOUDY
1-1-1-18,2020,4,18,2,-4,1,RAINY
1-1-1-18,2020,4,19,-9,-10,9,CLOUDY
1-1-1-18,2020,4,20,44,31,0,SNOWY
1-1-1-18,2020,4,21,3,-3,3,SNOWY
1-1-1-18,2020,4,22,15,11,1,CLOUDY
1-1-1-18,2020,4,23,43,-7,1,CLOUDY
1-1-1-18,2020,4,24,21,8,3,RAINY
1-1-1-18,2020,4,25,-2,-5,3,RAINY
1-1-1-18,2020,4,26,26,7,12,CLOUDY
1-1-1-18,2020,4,27,23,12,4,SUNNY
1-1-1-18,2020,4,28,33,-5,4,CLOUDY
1-1-1-18,2020,5,1,4,-7,11,SNOWY
1-1-1-18,2020,5,2,0,-4,11,SNOWY
1-1-1-18,2020,5,3,40,31,4,CLOUDY
1-1-1-18,2020,5,4,50,49,9,RAINY
1-1-1-18,2020,5,5,-5,-9,9,RAINY
1-1-1-18,2020,5,6,6,3,12,SNOWY
1-1-1-18,2020,5,7,-3,-5,1,SNOWY
1-1-1-18,2020,5,8,45,36,12,SNOWY
1-1-1-18,2020,5,9,29,19,10,RAINY
1-1-1-18,2020,5,10,24,4,3,RAINY
1-1-1-18,2020,5,11,-2,-9,12,SUNNY
1-1-1-18,2020,5,12,47,31,2,CLOUDY
1-1-1-18,2020,5,13,27,26,0,SUNNY
1-1-1-18,2020,5,14,17,16,8,RAINY
1-1-1-18,2020,5,15,28,14,6,CLOUDY
1-1-1-18,2020,5,16,8,-6,10,CLOUDY
1-1-1-18,2020,5,17,-8,-10,4,RAINY
1-1-1-18,2020,5,18,2,-4,8,SUNNY
1-1-1-18,2020,5,19,35,5,5,SNOWY
1-1-1-18,2020,5,20,10,-8,2,CLOUDY
1-1-1-18,2020,5,21,16,-7,0,CLOUDY
1-1-1-18,2020,5,22,-8,-10,12,SNOWY
1-1-1-18,2020,5,23,9,-3,8,SUNNY
1-1-1-18,2020,5,24,48,-7,0,CLOUDY
1-1-1-18,2020,5,25,3,0,12,RAINY
1-1-1-18,2020,5,26,26,12,11,SNOWY
1-1-1-18,2020,5,27,29,-5,6,RAINY
1-1-1-18,2020,5,28,-10,-10,12,CLOUDY
1-1-1-18,2020,6,1,-2,-10,10,CLOUDY
1-1-1-18,2020,6,2,36,28,0,CLOUDY
1-1-1-18,2020,6,3,25,12,7,CLOUDY
1-1-1-18,2020,6,4,23,-4,11,CLOUDY
1-1-1-18,2020,6,5,-6,-10,7,SUNNY
1-1-1-18,2020,6,6,11,-6,2,SUNNY
1-1-1-18,2020,6,7,14,-4,11,SUNNY
1-1-1-18,2020,6,8,17,-4,1,SUNNY
1-1-1-18,2020,6,9,46,17,5,CLOUDY
1-1-1-18,2020,6,10,36,23,4,SUNNY
1-1-1-18,2020,6,11,32,14,6,SNOWY
1-1-1-18,2020,6,12,22,9,11,CLOUDY
1-1-1-18,2020,6,13,16,-7,6,SUNNY
1-1-1-18,2020,6,14,34,0,0,CLOUDY
1-1-1-18,2020,6,15,16,5,6,SNOWY
1-1-1-18,2020,6,16,42,11,6,SUNNY
1-1-1-18,2020,6,17,39,4,6,RAINY
1-1-1-18,2020,6,18,10,5,3,SUNNY
1-1-1-18,2020,6,19,10,-2,0,CLOUDY
1-1-1-18,2020,6,20,15,9,3,RAINY
1-1-1-18,2020,6,21,-1,-8,5,SUNNY
1-1-1-18,2020,6,22,39,7,9,SUNNY
1-1-1-18,2020,6,23,12,-7,0,CLOUDY
1-1-1-18,2020,6,24,38,-6,9,SNOWY
1-1-1-18,2020,6,25,11,2,10,SUNNY
1-1-1-18,2020,6,26,6,3,9,RAINY
1-1-1-18,2020,6,27,38,31,8,CLOUDY
1-1-1-18,2020,6,28,48,6,12,SNOWY
1-1-1-18,2020,7,1,-4,-5,5,SNOWY
1-1-1-18,2020,7,2,22,-9,11,SUNNY
1-1-1-18,2020,7,3,22,19,4,SUNNY
1-1-1-18,2020,7,4,5,-2,0,CLOUDY
1-1-1-18,2020,7,5,-2,-9,12,CLOUDY
1-1-1-18,2020,7,6,34,2,5,RAINY
1-1-1-18,2020,7,7,34,33,2,CLOUDY
1-1-1-18,2020,7,8,40,2,10,CLOUDY
1-1-1-18,2020,7,9,22,16,12,CLOUDY
1-1-1-18,2020,7,10,-6,-9,6,SUNNY
1-1-1-18,2020,7,11,22,-7,6,SNOWY
1-1-1-18,2020,7,12,35,2,7,CLOUDY
1-1-1-18,2020,7,13,38,35,1,SNOWY
1-1-1-18,2020,7,14,-2,-7,12,RAINY
1-1-1-18,2020,7,15,15,-8,8,CLOUDY
1-1-1-18,2020,7,16,-4,-5,12,RAINY
1-1-1-18,2020,7,17,14,14,6,SUNNY
1-1-1-18,2020,7,18,11,-7,10,SUNNY
1-1-1-18,2020,7,19,49,44,8,SNOWY
1-1-1-18,2020,7,20,-7,-8,5,CLOUDY
1-1-1-18,2020,7,21,32,3,2,SNOWY
1-1-1-18,2020,7,22,15,-7,11,SUNNY
1-1-1-18,2020,7,23,25,19,6,RAINY
1-1-1-18,2020,7,24,-1,-2,4,SNOWY
1-1-1-18,2020,7,25,48,-1,10,RAINY
1-1-1-18,2020,7,26,16,14,6,CLOUDY
1-1-1-18,2020,7,27,-3,-8,5,SNOWY
1-1-1-18,2020,7,28,23,6,12,SNOWY
1-1-1-18,2020,8,1,40,23,8,CLOUDY
1-1-1-18,2020,8,2,21,20,1,CLOUDY
1-1-1-18,2020,8,3,17,-5,5,SNOWY
1-1-1-18,2020,8,4,7,-10,2,SUNNY
1-1-1-18,2020,8,5,47,32,11,SNOWY
1-1-1-18,2020,8,6,15,7,6,RAINY
1-1-1-18,2020,8,7,34,9,0,CLOUDY
1-1-1-18,2020,8,8,-2,-3,11,RAINY
1-1-1-18,2020,8,9,27,0,10,RAINY
1-1-1-18,2020,8,10,22,22,8,SNOWY
1-1-1-18,2020,8,11,25,-6,1,CLOUDY
1-1-1-18,2020,8,12,26,4,2,SUNNY
1-1-1-18,2020,8,13,33,0,9,RAINY
1-1-1-18,2020,8,14,9,5,6,CLOUDY
1-1-1-18,2020,8,15,40,-8,5,CLOUDY
1-1-1-18,2020,8,16,28,6,2,RAINY
1-1-1-18,2020,8,17,31,15,12,CLOUDY
1-1-1-18,2020,8,18,9,-2,0,CLOUDY
1-1-1-18,2020,8,19,-9,-10,10,RAINY
1-1-1-18,2020,8,20,3,-3,8,RAINY
1-1-1-18,2020,8,21,-6,-8,10,SNOWY
1-1-1-18,2020,8,22,8,-9,10,RAINY
1-1-1-18,2020,8,23,22,5,0,SUNNY
1-1-1-18,2020,8,24,4,-6,11,SNOWY
1-1-1-18,2020,8,25,-6,-10,4,SNOWY
1-1-1-18,2020,8,26,15,12,3,SUNNY
1-1-1-18,2020,8,27,15,12,2,SUNNY
1-1-1-18,2020,8,28,13,3,10,CLOUDY
1-1-1-18,2020,9,1,-2,-5,7,RAINY
1-1-1-18,2020,9,2,2,-10,9,CLOUDY
1-1-1-18,2020,9,3,45,15,0,CLOUDY
1-1-1-18,2020,9,4,47,17,12,SUNNY
1-1-1-18,2020,9,5,18,11,1,SUNNY
1-1-1-18,2020,9,6,48,-7,7,SNOWY
1-1-1-18,2020,9,7,12,-2,3,SUNNY
1-1-1-18,2020,9,8,23,4,11,RAINY
1-1-1-18,2020,9,9,41,28,9,SUNNY
1-1-1-18,2020,9,10,39,-2,10,SNOWY
1-1-1-18,2020,9,11,25,13,4,RAINY
1-1-1-18,2020,9,12,48,8,10,SUNNY
1-1-1-18,2020,9,13,38,27,11,RAINY
1-1-1-18,2020,9,14,11,4,6,RAINY
1-1-1-18,2020,9,15,3,3,8,RAINY
1-1-1-18,2020,9,16,14,-7,12,SUNNY
1-1-1-18,2020,9,17,1,-8,6,CLOUDY
1-1-1-18,2020,9,18,45,18,3,CLOUDY
1-1-1-18,2020,9,19,49,34,8,SUNNY
1-1-1-18,2020,9,20,7,1,6,CLOUDY
1-1-1-18,2020,9,21,20,0,12,SNOWY
1-1-1-18,2020,9,22,50,2,7,SUNNY
1-1-1-18,2020,9,23,35,-2,0,SNOWY
1-1-1-18,2020,9,24,-2,-10,8,SUNNY
1-1-1-18,2020,9,25,-5,-10,5,RAINY
1-1-1-18,2020,9,26,8,-10,3,SUNNY
1-1-1-18,2020,9,27,26,23,11,CLOUDY
1-1-1-18,2020,9,28,-4,-8,8,SUNNY
1-1-1-18,2020,10,1,35,12,2,SNOWY
1-1-1-18,2020,10,2,48,24,8,SUNNY
1-1-1-18,2020,10,3,-1,-4,2,SNOWY
1-1-1-18,2020,10,4,45,39,4,RAINY
1-1-1-18,2020,10,5,0,-1,5,CLOUDY
1-1-1-18,2020,10,6,46,21,10,SNOWY
1-1-1-18,2020,10,7,16,-1,6,RAINY
1-1-1-18,2020,10,8,9,-4,5,SNOWY
1-1-1-18,2020,10,9,2,1,12,RAINY
1-1-1-18,2020,10,10,2,-4,0,SUNNY
1-1-1-18,2020,10,11,48,22,5,CLOUDY
1-1-1-18,2020,10,12,37,28,1,RAINY
1-1-1-18,2020,10,13,37,5,11,SUNNY
1-1-1-18,2020,10,14,10,4,2,SNOWY
1-1-1-18,2020,10,15,11,-5,10,CLOUDY
1-1-1-18,2020,10,16,-6,-8,7,SUNNY
1-1-1-18,2020,10,17,20,-8,1,RAINY
1-1-1-18,2020,10,18,20,7,3,CLOUDY
1-1-1-18,2020,10,19,24,15,3,SUNNY
1-1-1-18,2020,10,20,46,26,1,SUNNY
1-1-1-18,2020,10,21,47,3,1,RAINY
1-1-1-18,2020,10,22,6,3,4,CLOUDY
1-1-1-18,2020,10,23,-7,-10,12,CLOUDY
1-1-1-18,2020,10,24,-9,-10,11,SNOWY
1-1-1-18,2020,10,25,-7,-10,5,RAINY
1-1-1-18,2020,10,26,36,24,7,SNOWY
1-1-1-18,2020,10,27,16,4,1,SNOWY
1-1-1-18,2020,10,28,19,11,7,SNOWY
1-1-1-18,2020,11,1,12,-2,4,SUNNY
1-1-1-18,2020,11,2,3,-4,2,SNOWY
1-1-1-18,2020,11,3,-3,-10,0,CLOUDY
1-1-1-18,2020,11,4,25,-2,12,SUNNY
1-1-1-18,2020,11,5,21,0,9,CLOUDY
1-1-1-18,2020,11,6,25,22,6,RAINY
1-1-1-18,2020,11,7,29,10,9,SNOWY
1-1-1-18,2020,11,8,18,-3,4,CLOUDY
1-1-1-18,2020,11,9,32,13,12,SUNNY
1-1-1-18,2020,11,10,16,13,11,SNOWY
1-1-1-18,2020,11,11,-10,-10,5,RAINY
1-1-1-18,2020,11,12,19,9,7,SNOWY
1-1-1-18,2020,11,13,9,-2,6,SNOWY
1-1-1-18,2020,11,14,38,3,5,SUNNY
1-1-1-18,2020,11,15,22,-10,3,RAINY
1-1-1-18,2020,11,16,37,18,5,SUNNY
1-1-1-18,2020,11,17,33,22,1,SUNNY
1-1-1-18,2020,11,18,42,11,10,RAINY
1-1-1-18,2020,11,19,46,3,6,CLOUDY
1-1-1-18,2020,11,20,13,10,4,SNOWY
1-1-1-18,2020,11,21,3,3,6,SNOWY
1-1-1-18,2020,11,22,1,-8,9,SUNNY
1-1-1-18,2020,11,23,29,1,11,CLOUDY
1-1-1-18,2020,11,24,-7,-8,3,CLOUDY
1-1-1-18,2020,11,25,18,-8,11,CLOUDY
1-1-1-18,2020,11,26,46,-3,2,SUNNY
1-1-1-18,2020,11,27,37,9,2,CLOUDY
1-1-1-18,2020,11,28,44,-8,12,SUNNY
1-1-1-18,2020,12,1,3,-10,8,RAINY
1-1-1-18,2020,12,2,39,21,1,CLOUDY
1-1-1-18,2020,12,3,46,10,11,SNOWY
1-1-1-18,2020,12,4,5,-6,8,SUNNY
1-1-1-18,2020,12,5,43,25,11,CLOUDY
1-1-1-18,2020,12,6,-9,-10,10,SNOWY
1-1-1-18,2020,12,7,-8,-10,11,CLOUDY
1-1-1-18,2020,12,8,5,0,12,CLOUDY
1-1-1-18,2020,12,9,33,-2,10,SUNNY
1-1-1-18,2020,12,10,20,15,1,SNOWY
1-1-1-18,2020,12,11,39,-7,12,RAINY
1-1-1-18,2020,12,12,37,8,10,CLOUDY
1-1-1-18,2020,12,13,37,17,4,CLOUDY
1-1-1-18,2020,12,14,44,0,5,CLOUDY
1-1-1-18,2020,12,15,30,2,12,CLOUDY
1-1-1-18,2020,12,16,49,47,11,SUNNY
1-1-1-18,2020,12,17,43,39,12,SUNNY
1-1-1-18,2020,12,18,21,21,5,SUNNY
1-1-1-18,2020,12,19,27,22,7,SUNNY
1-1-1-18,2020,12,20,15,9,12,CLOUDY
1-1-1-18,2020,12,21,-4,-10,8,CLOUDY
1-1-1-18,2020,12,22,1,-8,9,CLOUDY
1-1-1-18,2020,12,23,30,-7,12,CLOUDY
1-1-1-18,2020,12,24,47,20,1,RAINY
1-1-1-18,2020,12,25,42,36,1,RAINY
1-1-1-18,2020,12,26,18,4,10,RAINY
1-1-1-18,2020,12,27,7,-2,12,SNOWY
1-1-1-18,2020,12,28,27,13,2,RAINY
1-1-1-19,2020,1,1,15,-1,6,CLOUDY
1-1-1-19,2020,1,2,20,19,7,CLOUDY
1-1-1-19,2020,1,3,2,-6,10,RAINY
1-1-1-19,2020,1,4,-5,-10,8,CLOUDY
1-1-1-19,2020,1,5,-6,-8,11,CLOUDY
1-1-1-19,2020,1,6,35,16,6,RAINY
1-1-1-19,2020,1,7,33,12,9,CLOUDY
1-1-1-19,2020,1,8,37,29,12,CLOUDY
1-1-1-19,2020,1,9,18,-10,5,SUNNY
1-1-1-19,2020,1,10,7,0,12,SNOWY
1-1-1-19,2020,1,11,19,11,4,SUNNY
1-1-1-19,2020,1,12,3,-4,2,RAINY
1-1-1-19,2020,1,13,35,-3,1,SUNNY
1-1-1-19,2020,1,14,2,-8,0,SNOWY
1-1-1-19,2020,1,15,13,11,3,SNOWY
1-1-1-19,2020,1,16,46,41,8,SUNNY
1-1-1-19,2020,1,17,24,-4,7,SUNNY
1-1-1-19,2020,1,18,39,10,12,CLOUDY
1-1-1-19,2020,1,19,10,8,5,RAINY
1-1-1-19,2020,1,20,-8,-9,11,SUNNY
1-1-1-19,2020,1,21,48,7,11,RAINY
1-1-1-19,2020,1,22,4,-10,5,SNOWY
1-1-1-19,2020,1,23,39,2,1,SUNNY
1-1-1-19,2020,1,24,13,6,2,SNOWY
1-1-1-19,2020,1,25,-10,-10,8,RAINY
1-1-1-19,2020,1,26,28,27,9,CLOUDY
1-1-1-19,2020,1,27,3,-2,0,CLOUDY
1-1-1-19,2020,1,28,21,18,6,SUNNY
1-1-1-19,2020,2,1,31,14,5,SUNNY
1-1-1-19,2020,2,2,2,-10,5,RAINY
1-1-1-19,2020,2,3,-3,-4,0,CLOUDY
1-1-1-19,2020,2,4,9,6,6,SNOWY
1-1-1-19,2020,2,5,17,8,7,SUNNY
1-1-1-19,2020,2,6,2,-7,7,CLOUDY
1-1-1-19,2020,2,7,32,13,12,RAINY
1-1-1-19,2020,2,8,-7,-10,5,SNOWY
1-1-1-19,2020,2,9,7,-3,1,CLOUDY
1-1-1-19,2020,2,10,23,4,7,RAINY
1-1-1-19,2020,2,11,46,27,2,SUNNY
1-1-1-19,2020,2,12,30,11,10,RAINY
1-1-1-19,2020,2,13,13,-9,0,CLOUDY
1-1-1-19,2020,2,14,27,6,1,CLOUDY
1-1-1-19,2020,2,15,-1,-2,2,SUNNY
1-1-1-19,2020,2,16,36,-8,2,SNOWY
1-1-1-19,2020,2,17,12,5,5,SNOWY
1-1-1-19,2020,2,18,50,40,9,SNOWY
1-1-1-19,2020,2,19,-7,-9,6,SUNNY
1-1-1-19,2020,2,20,43,33,1,SNOWY
1-1-1-19,2020,2,21,48,39,8,SUNNY
1-1-1-19,2020,2,22,3,-2,9,RAINY
1-1-1-19,2020,2,23,-3,-10,5,RAINY
1-1-1-19,2020,2,24,22,8,12,SNOWY
1-1-1-19,2020,2,25,45,33,2,RAINY
1-1-1-19,2020,2,26,8,-6,1,SUNNY
1-1-1-19,2020,2,27,17,-2,7,SNOWY
1-1-1-19,2020,2,28,43,27,4,SUNNY
1-1-1-19,2020,3,1,-5,-7,3,SNOWY
1-1-1-19,2020,3,2,48,23,11,SNOWY
1-1-1-19,2020,3,3,27,21,11,SNOWY
1-1-1-19,2020,3,4,-8,-9,10,SUNNY
1-1-1-19,2020,3,5,48,26,4,CLOUDY
1-1-1-19,2020,3,6,11,-4,4,CLOUDY
1-1-1-19,2020,3,7,-5,-8,12,SUNNY
1-1-1-19,2020,3,8,0,-3,2,SUNNY
1-1-1-19,2020,3,9,37,32,7,SNOWY
1-1-1-19,2020,3,10,1,-6,9,RAINY
1-1-1-19,2020,3,11,14,14,2,SNOWY
1-1-1-19,2020,3,12,27,-6,3,RAINY
1-1-1-19,2020,3,13,17,13,5,CLOUDY
1-1-1-19,2020,3,14,25,0,6,SNOWY
1-1-1-19,2020,3,15,7,6,12,SUNNY
1-1-1-19,2020,3,16,22,-5,0,SNOWY
1-1-1-19,2020,3,17,44,22,3,RAINY
1-1-1-19,2020,3,18,50,1,9,RAINY
1-1-1-19,2020,3,19,8,-7,4,SNOWY
1-1-1-19,2020,3,20,-1,-8,8,SUNNY
1-1-1-19,2020,3,21,-5,-6,7,SNOWY
1-1-1-19,2020,3,22,36,20,7,SNOWY
1-1-1-19,2020,3,23,18,12,0,CLOUDY
1-1-1-19,2020,3,24,46,2,3,SUNNY
1-1-1-19,2020,3,25,14,5,2,CLOUDY
1-1-1-19,2020,3,26,25,-8,5,SUNNY
1-1-1-19,2020,3,27,-4,-10,3,CLOUDY
1-1-1-19,2020,3,28,22,17,9,SUNNY
1-1-1-19,2020,4,1,37,-8,7,SNOWY
1-1-1-19,2020,4,2,22,-10,1,RAINY
1-1-1-19,2020,4,3,38,21,11,CLOUDY
1-1-1-19,2020,4,4,41,39,10,CLOUDY
1-1-1-19,2020,4,5,15,-4,1,SNOWY
1-1-1-19,2020,4,6,-7,-10,11,SNOWY
1-1-1-19,2020,4,7,9,-9,9,RAINY
1-1-1-19,2020,4,8,6,3,7,RAINY
1-1-1-19,2020,4,9,43,-6,10,SUNNY
1-1-1-19,2020,4,10,13,-3,6,RAINY
1-1-1-19,2020,4,11,-10,-10,9,CLOUDY
1-1-1-19,2020,4,12,43,40,3,CLOUDY
1-1-1-19,2020,4,13,48,29,0,CLOUDY
1-1-1-19,2020,4,14,39,32,12,SUNNY
1-1-1-19,2020,4,15,31,2,3,CLOUDY
1-1-1-19,2020,4,16,17,6,2,CLOUDY
1-1-1-19,2020,4,17,20,-10,10,SUNNY
1-1-1-19,2020,4,18,11,-8,12,SUNNY
1-1-1-19,2020,4,19,9,7,0,CLOUDY
1-1-1-19,2020,4,20,23,3,2,RAINY
1-1-1-19,2020,4,21,28,6,0,SUNNY
1-1-1-19,2020,4,22,7,-7,1,RAINY
1-1-1-19,2020,4,23,42,-10,8,SNOWY
1-1-1-19,2020,4,24,2,0,6,SNOWY
1-1-1-19,2020,4,25,18,4,4,SNOWY
1-1-1-19,2020,4,26,50,-3,11,RAINY
1-1-1-19,2020,4,27,6,-3,3,SNOWY
1-1-1-19,2020,4,28,34,16,11,CLOUDY
1-1-1-19,2020,5,1,21,17,9,CLOUDY
1-1-1-19,2020,5,2,18,17,9,SNOWY
1-1-1-19,2020,5,3,28,7,6,CLOUDY
1-1-1-19,2020,5,4,-8,-10,7,CLOUDY
1-1-1-19,2020,5,5,44,-1,7,SUNNY
1-1-1-19,2020,5,6,40,5,3,CLOUDY
1-1-1-19,2020,5,7,1,-3,1,SNOWY
1-1-1-19,2020,5,8,45,25,6,SUNNY
1-1-1-19,2020,5,9,4,-2,2,SUNNY
1-1-1-19,2020,5,10,1,-6,1,RAINY
1-1-1-19,2020,5,11,5,-3,12,SNOWY
1-1-1-19,2020,5,12,4,0,12,RAINY
1-1-1-19,2020,5,13,42,38,12,RAINY
1-1-1-19,2020,5,14,30,20,6,RAINY
1-1-1-19,2020,5,15,8,-8,2,CLOUDY
1-1-1-19,2020,5,16,-4,-10,2,SNOWY
1-1-1-19,2020,5,17,43,22,6,RAINY
1-1-1-19,2020,5,18,41,8,12,RAINY
1-1-1-19,2020,5,19,18,18,4,CLOUDY
1-1-1-19,2020,5,20,39,16,1,SUNNY
1-1-1-19,2020,5,21,43,42,9,CLOUDY
1-1-1-19,2020,5,22,22,21,5,CLOUDY
1-1-1-19,2020,5,23,33,20,2,RAINY
1-1-1-19,2020,5,24,16,6,7,SUNNY
1-1-1-19,2020,5,25,0,-6,5,SUNNY
1-1-1-19,2020,5,26,32,32,2,SNOWY
1-1-1-19,2020,5,27,33,22,9,SUNNY
1-1-1-19,2020,5,28,-4,-10,1,SNOWY
1-1-1-19,2020,6,1,38,16,1,CLOUDY
1-1-1-19,2020,6,2,-10,-10,8,CLOUDY
1-1-1-19,2020,6,3,43,-9,5,SUNNY
1-1-1-19,2020,6,4,-1,-4,6,RAINY
1-1-1-19,2020,6,5,24,20,11,SNOWY
1-1-1-19,2020,6,6,1,-10,7,CLOUDY
1-1-1-19,2020,6,7,-10,-10,5,SUNNY
1-1-1-19,2020,6,8,33,16,6,SUNNY
1-1-1-19,2020,6,9,33,22,12,CLOUDY
1-1-1-19,2020,6,10,27,7,9,CLOUDY
1-1-1-19,2020,6,11,36,28,12,SUNNY
1-1-1-19,2020,6,12,15,-1,10,SUNNY
1-1-1-19,2020,6,13,0,-8,12,CLOUDY
1-1-1-19,2020,6,14,33,-7,12,SNOWY
1-1-1-19,2020,6,15,-7,-10,7,SUNNY
1-1-1-19,2020,6,16,13,-7,7,CLOUDY
1-1-1-19,2020,6,17,43,12,2,SUNNY
1-1-1-19,2020,6,18,34,0,5,RAINY
1-1-1-19,2020,6,19,11,-2,1,CLOUDY
1-1-1-19,2020,6,20,-1,-7,2,SNOWY
1-1-1-19,2020,6,21,28,-7,7,SNOWY
1-1-1-19,2020,6,22,43,15,0,SNOWY
1-1-1-19,2020,6,23,17,9,2,RAINY
1-1-1-19,2020,6,24,41,-1,10,RAINY
1-1-1-19,2020,6,25,35,21,8,RAINY
1-1-1-19,2020,6,26,9,-9,11,SNOWY
1-1-1-19,2020,6,27,20,-8,1,RAINY
1-1-1-19,2020,6,28,-5,-7,4,RAINY
1-1-1-19,2020,7,1,-8,-9,12,RAINY
1-1-1-19,2020,7,2,-7,-10,0,CLOUDY
1-1-1-19,2020,7,3,10,7,9,RAINY
1-1-1-19,2020,7,4,26,26,3,SNOWY
1-1-1-19,2020,7,5,40,-8,3,SNOWY
1-1-1-19,2020,7,6,10,3,8,CLOUDY
1-1-1-19,2020,7,7,50,23,3,SUNNY
1-1-1-19,2020,7,8,25,-1,7,RAINY
1-1-1-19,2020,7,9,38,18,7,SNOWY
1-1-1-19,2020,7,10,-7,-9,3,SUNNY
1-1-1-19,2020,7,11,10,5,3,SNOWY
1-1-1-19,2020,7,12,20,-1,10,RAINY
1-1-1-19,2020,7,13,45,31,8,SNOWY
1-1-1-19,2020,7,14,2,2,3,RAINY
1-1-1-19,2020,7,15,50,21,9,SUNNY
1-1-1-19,2020,7,16,47,16,5,SNOWY
1-1-1-19,2020,7,17,22,-9,7,SUNNY
1-1-1-19,2020,7,18,20,-7,2,RAINY
1-1-1-19,2020,7,19,6,0,3,RAINY
1-1-1-19,2020,7,20,15,9,8,SUNNY
1-1-1-19,2020,7,21,-9,-10,3,RAINY
1-1-1-19,2020,7,22,8,-4,7,SUNNY
1-1-1-19,2020,7,23,18,3,8,SUNNY
1-1-1-19,2020,7,24,14,14,5,CLOUDY
1-1-1-19,2020,7,25,3,-2,6,SUNNY
1-1-1-19,2020,7,26,2,-3,3,SNOWY
1-1-1-19,2020,7,27,8,8,6,SUNNY
1-1-1-19,2020,7,28,45,10,6,CLOUDY
1-1-1-19,2020,8,1,33,-7,11,SUNNY
1-1-1-19,2020,8,2,6,-7,0,SNOWY
1-1-1-19,2020,8,3,-1,-2,0,SNOWY
1-1-1-19,2020,8,4,23,13,0,SUNNY
1-1-1-19,2020,8,5,0,0,3,CLOUDY
1-1-1-19,2020,8,6,3,-10,11,SUNNY
1-1-1-19,2020,8,7,16,6,10,SNOWY
1-1-1-19,2020,8,8,42,31,5,SUNNY
1-1-1-19,2020,8,9,7,-9,11,CLOUDY
1-1-1-19,2020,8,10,20,12,7,RAINY
1-1-1-19,2020,8,11,4,2,12,RAINY
1-1-1-19,2020,8,12,44,-2,5,SUNNY
1-1-1-19,2020,8,13,22,8,6,SUNNY
1-1-1-19,2020,8,14,-6,-10,9,SNOWY
1-1-1-19,2020,8,15,49,30,8,SNOWY
1-1-1-19,2020,8,16,21,-7,8,RAINY
1-1-1-19,2020,8,17,23,-9,8,SUNNY
1-1-1-19,2020,8,18,37,26,2,RAINY
1-1-1-19,2020,8,19,19,-9,1,CLOUDY
1-1-1-19,2020,8,20,25,24,11,SNOWY
1-1-1-19,2020,8,21,27,27,3,CLOUDY
1-1-1-19,2020,8,22,21,1,3,RAINY
1-1-1-19,2020,8,23,13,7,0,RAINY
1-1-1-19,2020,8,24,21,13,10,SNOWY
1-1-1-19,2020,8,25,50,-7,0,RAINY
1-1-1-19,2020,8,26,47,30,4,CLOUDY
1-1-1-19,2020,8,27,43,2,1,CLOUDY
1-1-1-19,2020,8,28,43,-6,3,SNOWY
1-1-1-19,2020,9,1,20,17,5,RAINY
1-1-1-19,2020,9,2,47,13,1,CLOUDY
1-1-1-19,2020,9,3,-9,-10,4,CLOUDY
1-1-1-19,2020,9,4,17,7,0,RAINY
1-1-1-19,2020,9,5,21,18,6,CLOUDY
1-1-1-19,2020,9,6,13,12,1,CLOUDY
1-1-1-19,2020,9,7,15,12,7,SUNNY
1-1-1-19,2020,9,8,26,24,10,RAINY
1-1-1-19,2020,9,9,23,-6,10,SNOWY
1-1-1-19,2020,9,10,31,10,2,SUNNY
1-1-1-19,2020,9,11,31,1,1,CLOUDY
1-1-1-19,2020,9,12,42,4,0,RAINY
1-1-1-19,2020,9,13,2,-10,8,SNOWY
1-1-1-19,2020,9,14,21,-6,6,CLOUDY
1-1-1-19,2020,9,15,50,6,5,CLOUDY
1-1-1-19,2020,9,16,12,3,6,SNOWY
1-1-1-19,2020,9,17,8,5,8,SUNNY
1-1-1-19,2020,9,18,9,-7,4,SUNNY
1-1-1-19,2020,9,19,43,42,7,SUNNY
1-1-1-19,2020,9,20,45,1,10,RAINY
1-1-1-19,2020,9,21,22,8,2,CLOUDY
1-1-1-19,2020,9,22,36,3,4,SUNNY
1-1-1-19,2020,9,23,5,-1,10,SUNNY
1-1-1-19,2020,9,24,8,7,11,SNOWY
1-1-1-19,2020,9,25,-7,-10,8,RAINY
1-1-1-19,2020,9,26,38,13,3,CLOUDY
1-1-1-19,2020,9,27,35,13,12,SNOWY
1-1-1-19,2020,9,28,19,-7,0,SUNNY
1-1-1-19,2020,10,1,48,6,7,RAINY
1-1-1-19,2020,10,2,20,0,11,CLOUDY
1-1-1-19,2020,10,3,-9,-10,5,SUNNY
1-1-1-19,2020,10,4,37,-5,10,SNOWY
1-1-1-19,2020,10,5,48,13,6,SUNNY
1-1-1-19,2020,10,6,7,3,3,RAINY
1-1-1-19,2020,10,7,8,-8,6,SNOWY
1-1-1-19,2020,10,8,28,26,12,CLOUDY
1-1-1-19,2020,10,9,-2,-3,12,RAINY
1-1-1-19,2020,10,10,10,9,12,RAINY
1-1-1-19,2020,10,11,10,-10,11,SUNNY
1-1-1-19,2020,10,12,38,32,2,SUNNY
1-1-1-19,2020,10,13,24,24,9,RAINY
1-1-1-19,2020,10,14,40,26,11,SNOWY
1-1-1-19,2020,10,15,41,26,10,SUNNY
1-1-1-19,2020,10,16,10,-5,8,RAINY
1-1-1-19,2020,10,17,16,-7,11,SUNNY
1-1-1-19,2020,10,18,-1,-4,4,SNOWY
1-1-1-19,2020,10,19,4,-8,11,SNOWY
1-1-1-19,2020,10,20,-9,-10,11,SNOWY
1-1-1-19,2020,10,21,2,-9,12,SNOWY
1-1-1-19,2020,10,22,19,7,3,CLOUDY
1-1-1-19,2020,10,23,35,11,7,SUNNY
1-1-1-19,2020,10,24,19,4,4,SUNNY
1-1-1-19,2020,10,25,-5,-10,9,SUNNY
1-1-1-19,2020,10,26,9,-6,10,SUNNY
1-1-1-19,2020,10,27,29,23,9,SNOWY
1-1-1-19,2020,10,28,-6,-10,0,CLOUDY
1-1-1-19,2020,11,1,-1,-3,7,RAINY
1-1-1-19,2020,11,2,47,32,3,SNOWY
1-1-1-19,2020,11,3,25,19,3,RAINY
1-1-1-19,2020,11,4,35,28,4,SUNNY
1-1-1-19,2020,11,5,0,-8,4,RAINY
1-1-1-19,2020,11,6,13,8,8,SNOWY
1-1-1-19,2020,11,7,27,22,5,RAINY
1-1-1-19,2020,11,8,48,44,4,SUNNY
1-1-1-19,2020,11,9,14,2,0,SUNNY
1-1-1-19,2020,11,10,29,-8,8,CLOUDY
1-1-1-19,2020,11,11,31,17,1,RAINY
1-1-1-19,2020,11,12,40,22,12,RAINY
1-1-1-19,2020,11,13,12,6,1,CLOUDY
1-1-1-19,2020,11,14,18,9,10,RAINY
1-1-1-19,2020,11,15,19,0,5,SUNNY
1-1-1-19,2020,11,16,1,-2,6,SNOWY
1-1-1-19,2020,11,17,37,15,9,SNOWY
1-1-1-19,2020,11,18,34,1,2,SUNNY
1-1-1-19,2020,11,19,27,14,10,RAINY
1-1-1-19,2020,11,20,10,-2,7,SUNNY
1-1-1-19,2020,11,21,1,-5,6,SNOWY
1-1-1-19,2020,11,22,18,18,12,RAINY
1-1-1-19,2020,11,23,32,-10,7,CLOUDY
1-1-1-19,2020,11,24,12,3,3,SUNNY
1-1-1-19,2020,11,25,35,20,7,CLOUDY
1-1-1-19,2020,11,26,29,4,4,SNOWY
1-1-1-19,2020,11,27,13,-4,10,CLOUDY
1-1-1-19,2020,11,28,46,29,0,SNOWY
1-1-1-19,2020,12,1,15,-7,2,RAINY
1-1-1-19,2020,12,2,16,3,7,RAINY
1-1-1-19,2020,12,3,37,3,12,RAINY
1-1-1-19,2020,12,4,48,23,4,RAINY
1-1-1-19,2020,12,5,37,-3,0,SUNNY
1-1-1-19,2020,12,6,-8,-9,6,SNOWY
1-1-1-19,2020,12,7,26,3,7,RAINY
1-1-1-19,2020,12,8,-3,-10,6,RAINY
1-1-1-19,2020,12,9,0,-2,6,CLOUDY
1-1-1-19,2020,12,10,30,12,10,SUNNY
1-1-1-19,2020,12,11,41,-8,4,SNOWY
1-1-1-19,2020,12,12,-5,-9,11,SUNNY
1-1-1-19,2020,12,13,37,0,11,RAINY
1-1-1-19,2020,12,14,-10,-10,10,RAINY
1-1-1-19,2020,12,15,0,-6,12,SNOWY
1-1-1-19,2020,12,16,31,14,9,SNOWY
1-1-1-19,2020,12,17,17,-4,10,SNOWY
1-1-1-19,2020,12,18,9,-4,0,SUNNY
1-1-1-19,2020,12,19,17,8,1,SNOWY
1-1-1-19,2020,12,20,28,8,8,CLOUDY
1-1-1-19,2020,12,21,-4,-6,5,SUNNY
1-1-1-19,2020,12,22,45,41,10,SNOWY
1-1-1-19,2020,12,23,32,0,5,CLOUDY
1-1-1-19,2020,12,24,14,-1,10,SNOWY
1-1-1-19,2020,12,25,37,35,3,CLOUDY
1-1-1-19,2020,12,26,50,44,10,SUNNY
1-1-1-19,2020,12,27,14,-4,6,RAINY
1-1-1-19,2020,12,28,5,-9,10,SNOWY
1-1-1-20,2020,1,1,31,29,6,CLOUDY
1-1-1-20,2020,1,2,10,-5,5,SNOWY
1-1-1-20,2020,1,3,27,14,12,SNOWY
1-1-1-20,2020,1,4,41,16,0,CLOUDY
1-1-1-20,2020,1,5,-4,-8,7,SNOWY
1-1-1-20,2020,1,6,50,-4,7,SUNNY
1-1-1-20,2020,1,7,22,10,1,RAINY
1-1-1-20,2020,1,8,18,-7,5,SUNNY
1-1-1-20,2020,1,9,49,6,11,SNOWY
1-1-1-20,2020,1,10,50,0,12,SNOWY
1-1-1-20,2020,1,11,49,27,11,CLOUDY
1-1-1-20,2020,1,12,17,-9,0,SNOWY
1-1-1-20,2020,1,13,-8,-9,7,RAINY
1-1-1-20,2020,1,14,39,6,10,SUNNY
1-1-1-20,2020,1,15,19,18,7,SUNNY
1-1-1-20,2020,1,16,50,32,11,CLOUDY
1-1-1-20,2020,1,17,29,9,9,SNOWY
1-1-1-20,2020,1,18,48,14,12,CLOUDY
1-1-1-20,2020,1,19,1,-10,7,SNOWY
1-1-1-20,2020,1,20,38,29,2,SUNNY
1-1-1-20,2020,1,21,-7,-9,10,CLOUDY
1-1-1-20,2020,1,22,18,12,5,SUNNY
1-1-1-20,2020,1,23,33,29,1,RAINY
1-1-1-20,2020,1,24,5,-3,1,CLOUDY
1-1-1-20,2020,1,25,15,4,10,CLOUDY
1-1-1-20,2020,1,26,35,23,0,SUNNY
1-1-1-20,2020,1,27,6,2,3,SUNNY
1-1-1-20,2020,1,28,42,-9,1,SUNNY
1-1-1-20,2020,2,1,24,16,6,SUNNY
1-1-1-20,2020,2,2,12,-1,5,SUNNY
1-1-1-20,2020,2,3,45,0,10,CLOUDY
1-1-1-20,2020,2,4,44,5,7,CLOUDY
1-1-1-20,2020,2,5,41,21,11,SNOWY
1-1-1-20,2020,2,6,13,9,1,RAINY
1-1-1-20,2020,2,7,-6,-9,12,CLOUDY
1-1-1-20,2020,2,8,25,-8,1,CLOUDY
1-1-1-20,2020,2,9,2,1,1,RAINY
1-1-1-20,2020,2,10,41,39,6,CLOUDY
1-1-1-20,2020,2,11,33,6,2,RAINY
1-1-1-20,2020,2,12,48,14,1,CLOUDY
1-1-1-20,2020,2,13,33,12,9,CLOUDY
1-1-1-20,2020,2,14,6,5,4,CLOUDY
1-1-1-20,2020,2,15,30,18,5,SNOWY
1-1-1-20,2020,2,16,42,11,7,RAINY
1-1-1-20,2020,2,17,22,-9,1,SNOWY
1-1-1-20,2020,2,18,42,40,6,RAINY
1-1-1-20,2020,2,19,-7,-8,6,SNOWY
1-1-1-20,2020,2,20,47,28,5,SNOWY
1-1-1-20,2020,2,21,19,-6,3,RAINY
1-1-1-20,2020,2,22,1,-3,12,RAINY
1-1-1-20,2020,2,23,4,4,5,CLOUDY
1-1-1-20,2020,2,24,7,1,0,SNOWY
1-1-1-20,2020,2,25,41,-5,0,SUNNY
1-1-1-20,2020,2,26,40,35,9,CLOUDY
1-1-1-20,2020,2,27,30,19,7,SNOWY
1-1-1-20,2020,2,28,34,2,3,SNOWY
1-1-1-20,2020,3,1,15,1,3,RAINY
1-1-1-20,2020,3,2,27,10,12,RAINY
1-1-1-20,2020,3,3,44,40,7,RAINY
1-1-1-20,2020,3,4,50,27,1,RAINY
1-1-1-20,2020,3,5,45,5,11,RAINY
1-1-1-20,2020,3,6,35,21,9,SUNNY
1-1-1-20,2020,3,7,27,19,5,SUNNY
1-1-1-20,2020,3,8,49,45,5,SNOWY
1-1-1-20,2020,3,9,46,36,6,SNOWY
1-1-1-20,2020,3,10,1,-1,9,CLOUDY
1-1-1-20,2020,3,11,-1,-3,0,SNOWY
1-1-1-20,2020,3,12,-5,-8,6,SNOWY
1-1-1-20,2020,3,13,38,1,9,SNOWY
1-1-1-20,2020,3,14,23,2,7,SUNNY
1-1-1-20,2020,3,15,26,13,12,RAINY
1-1-1-20,2020,3,16,14,9,1,CLOUDY
1-1-1-20,2020,3,17,0,-1,9,SNOWY
1-1-1-20,2020,3,18,39,23,11,CLOUDY
1-1-1-20,2020,3,19,3,-2,6,CLOUDY
1-1-1-20,2020,3,20,13,11,8,RAINY
1-1-1-20,2020,3,21,41,27,12,RAINY
1-1-1-20,2020,3,22,26,26,11,SNOWY
1-1-1-20,2020,3,23,37,3,3,SUNNY
1-1-1-20,2020,3,24,40,10,6,SNOWY
1-1-1-20,2020,3,25,3,3,11,CLOUDY
1-1-1-20,2020,3,26,49,18,10,SNOWY
1-1-1-20,2020,3,27,3,-3,8,SUNNY
1-1-1-20,2020,3,28,41,-9,6,CLOUDY
1-1-1-20,2020,4,1,1,-8,12,SUNNY
1-1-1-20,2020,4,2,9,-3,9,SNOWY
1-1-1-20,2020,4,3,-1,-5,12,SUNNY
1-1-1-20,2020,4,4,6,-8,8,SNOWY
1-1-1-20,2020,4,5,-3,-5,11,SUNNY
1-1-1-20,2020,4,6,44,22,4,SNOWY
1-1-1-20,2020,4,7,38,24,3,SNOWY
1-1-1-20,2020,4,8,29,4,6,CLOUDY
1-1-1-20,2020,4,9,6,-2,7,SUNNY
1-1-1-20,2020,4,10,33,19,8,CLOUDY
1-1-1-20,2020,4,11,-3,-9,6,SNOWY
1-1-1-20,2020,4,12,13,-6,4,RAINY
1-1-1-20,2020,4,13,28,13,2,CLOUDY
1-1-1-20,2020,4,14,24,10,1,CLOUDY
1-1-1-20,2020,4,15,39,24,1,RAINY
1-1-1-20,2020,4,16,13,8,12,SNOWY
1-1-1-20,2020,4,17,-1,-10,8,SUNNY
1-1-1-20,2020,4,18,-6,-7,8,SNOWY
1-1-1-20,2020,4,19,31,-8,2,SUNNY
1-1-1-20,2020,4,20,47,43,2,RAINY
1-1-1-20,2020,4,21,30,21,2,CLOUDY
1-1-1-20,2020,4,22,24,-4,11,SUNNY
1-1-1-20,2020,4,23,12,1,2,CLOUDY
1-1-1-20,2020,4,24,35,7,4,RAINY
1-1-1-20,2020,4,25,38,5,3,RAINY
1-1-1-20,2020,4,26,-10,-10,0,RAINY
1-1-1-20,2020,4,27,7,-5,4,SUNNY
1-1-1-20,2020,4,28,-2,-8,3,SNOWY
1-1-1-20,2020,5,1,10,3,3,SUNNY
1-1-1-20,2020,5,2,42,26,6,CLOUDY
1-1-1-20,2020,5,3,34,-9,10,SNOWY
1-1-1-20,2020,5,4,-3,-6,5,CLOUDY
1-1-1-20,2020,5,5,21,16,0,SNOWY
1-1-1-20,2020,5,6,29,7,1,SNOWY
1-1-1-20,2020,5,7,30,20,12,SUNNY
1-1-1-20,2020,5,8,-3,-10,1,CLOUDY
1-1-1-20,2020,5,9,21,-8,11,RAINY
1-1-1-20,2020,5,10,2,-3,7,SUNNY
1-1-1-20,2020,5,11,6,-4,9,SUNNY
1-1-1-20,2020,5,12,-3,-9,5,SNOWY
1-1-1-20,2020,5,13,27,-8,2,SNOWY
1-1-1-20,2020,5,14,-7,-10,5,CLOUDY
1-1-1-20,2020,5,15,34,30,9,CLOUDY
1-1-1-20,2020,5,16,7,-6,7,SUNNY
1-1-1-20,2020,5,17,6,3,12,RAINY
1-1-1-20,2020,5,18,1,-6,5,SUNNY
1-1-1-20,2020,5,19,44,13,1,SNOWY
1-1-1-20,2020,5,20,8,-9,9,CLOUDY
1-1-1-20,2020,5,21,-9,-10,9,SNOWY
1-1-1-20,2020,5,22,0,-7,12,CLOUDY
1-1-1-20,2020,5,23,-6,-7,11,RAINY
1-1-1-20,2020,5,24,-3,-6,2,RAINY
1-1-1-20,2020,5,25,43,3,0,CLOUDY
1-1-1-20,2020,5,26,4,-9,11,SUNNY
1-1-1-20,2020,5,27,26,4,3,SNOWY
1-1-1-20,2020,5,28,5,-9,4,CLOUDY
1-1-1-20,2020,6,1,44,24,9,RAINY
1-1-1-20,2020,6,2,30,13,6,SUNNY
1-1-1-20,2020,6,3,38,37,1,SNOWY
1-1-1-20,2020,6,4,38,24,1,SUNNY
1-1-1-20,2020,6,5,27,14,6,SNOWY
1-1-1-20,2020,6,6,49,-1,2,CLOUDY
1-1-1-20,2020,6,7,29,-3,12,CLOUDY
1-1-1-20,2020,6,8,32,24,0,CLOUDY
1-1-1-20,2020,6,9,14,-3,10,SUNNY
1-1-1-20,2020,6,10,45,29,4,RAINY
1-1-1-20,2020,6,11,35,7,2,SUNNY
1-1-1-20,2020,6,12,7,2,12,SNOWY
1-1-1-20,2020,6,13,28,-9,8,SNOWY
1-1-1-20,2020,6,14,-10,-10,3,SUNNY
1-1-1-20,2020,6,15,-8,-9,8,RAINY
1-1-1-20,2020,6,16,10,3,3,SNOWY
1-1-1-20,2020,6,17,12,1,6,RAINY
1-1-1-20,2020,6,18,-10,-10,3,SNOWY
1-1-1-20,2020,6,19,50,41,9,RAINY
1-1-1-20,2020,6,20,39,37,6,CLOUDY
1-1-1-20,2020,6,21,-3,-6,0,RAINY
1-1-1-20,2020,6,22,46,23,12,RAINY
1-1-1-20,2020,6,23,-9,-10,0,CLOUDY
1-1-1-20,2020,6,24,25,14,8,CLOUDY
1-1-1-20,2020,6,25,-10,-10,1,CLOUDY
1-1-1-20,2020,6,26,18,4,1,RAINY
1-1-1-20,2020,6,27,17,10,5,SUNNY
1-1-1-20,2020,6,28,3,1,0,SNOWY
1-1-1-20,2020,7,1,33,25,9,CLOUDY
1-1-1-20,2020,7,2,18,-5,10,RAINY
1-1-1-20,2020,7,3,-10,-10,0,CLOUDY
1-1-1-20,2020,7,4,19,16,3,CLOUDY
1-1-1-20,2020,7,5,18,4,7,SNOWY
1-1-1-20,2020,7,6,31,-8,11,RAINY
1-1-1-20,2020,7,7,43,28,10,SUNNY
1-1-1-20,2020,7,8,-8,-9,1,SUNNY
1-1-1-20,2020,7,9,4,4,12,SNOWY
1-1-1-20,2020,7,10,-8,-9,5,RAINY
1-1-1-20,2020,7,11,13,7,4,RAINY
1-1-1-20,2020,7,12,32,8,0,RAINY
1-1-1-20,2020,7,13,43,35,8,SUNNY
1-1-1-20,2020,7,14,20,12,7,CLOUDY
1-1-1-20,2020,7,15,15,-8,1,SNOWY
1-1-1-20,2020,7,16,41,5,4,RAINY
1-1-1-20,2020,7,17,14,-2,5,RAINY
1-1-1-20,2020,7,18,33,11,0,RAINY
1-1-1-20,2020,7,19,30,-3,7,SUNNY
1-1-1-20,2020,7,20,34,8,0,SNOWY
1-1-1-20,2020,7,21,-4,-10,1,SUNNY
1-1-1-20,2020,7,22,37,8,12,SNOWY
1-1-1-20,2020,7,23,23,-8,7,SUNNY
1-1-1-20,2020,7,24,-4,-7,11,CLOUDY
1-1-1-20,2020,7,25,20,0,7,CLOUDY
1-1-1-20,2020,7,26,32,-1,11,SUNNY
1-1-1-20,2020,7,27,2,0,10,CLOUDY
1-1-1-20,2020,7,28,50,33,11,SUNNY
1-1-1-20,2020,8,1,29,21,7,RAINY
1-1-1-20,2020,8,2,50,44,6,RAINY
1-1-1-20,2020,8,3,45,28,6,SNOWY
1-1-1-20,2020,8,4,-5,-10,5,SNOWY
1-1-1-20,2020,8,5,37,33,9,RAINY
1-1-1-20,2020,8,6,36,-9,5,SNOWY
1-1-1-20,2020,8,7,-5,-9,4,CLOUDY
1-1-1-20,2020,8,8,33,27,7,RAINY
1-1-1-20,2020,8,9,-6,-9,1,CLOUDY
1-1-1-20,2020,8,10,33,24,1,RAINY
1-1-1-20,2020,8,11,29,6,10,SNOWY
1-1-1-20,2020,8,12,27,4,4,RAINY
1-1-1-20,2020,8,13,15,0,1,RAINY
1-1-1-20,2020,8,14,19,19,1,RAINY
1-1-1-20,2020,8,15,27,14,9,SUNNY
1-1-1-20,2020,8,16,10,-10,6,RAINY
1-1-1-20,2020,8,17,-4,-9,1,RAINY
1-1-1-20,2020,8,18,35,24,9,RAINY
1-1-1-20,2020,8,19,6,-8,6,CLOUDY
1-1-1-20,2020,8,20,17,11,0,CLOUDY
1-1-1-20,2020,8,21,27,13,3,RAINY
1-1-1-20,2020,8,22,17,4,5,RAINY
1-1-1-20,2020,8,23,25,2,8,CLOUDY
1-1-1-20,2020,8,24,49,39,10,SNOWY
1-1-1-20,2020,8,25,36,15,5,SNOWY
1-1-1-20,2020,8,26,22,-8,0,SNOWY
1-1-1-20,2020,8,27,15,1,10,SUNNY
1-1-1-20,2020,8,28,5,-6,4,SUNNY
1-1-1-20,2020,9,1,19,-2,8,SNOWY
1-1-1-20,2020,9,2,41,13,5,SNOWY
1-1-1-20,2020,9,3,27,16,3,CLOUDY
1-1-1-20,2020,9,4,-3,-6,4,RAINY
1-1-1-20,2020,9,5,-10,-10,9,SNOWY
1-1-1-20,2020,9,6,2,-5,9,RAINY
1-1-1-20,2020,9,7,6,-6,2,RAINY
1-1-1-20,2020,9,8,43,25,9,SNOWY
1-1-1-20,2020,9,9,12,12,1,RAINY
1-1-1-20,2020,9,10,21,-7,11,SNOWY
1-1-1-20,2020,9,11,15,6,5,RAINY
1-1-1-20,2020,9,12,15,2,6,RAINY
1-1-1-20,2020,9,13,-9,-10,11,RAINY
1-1-1-20,2020,9,14,1,-10,12,SNOWY
1-1-1-20,2020,9,15,37,0,11,SUNNY
1-1-1-20,2020,9,16,45,33,5,SNOWY
1-1-1-20,2020,9,17,32,4,9,CLOUDY
1-1-1-20,2020,9,18,34,16,1,SUNNY
1-1-1-20,2020,9,19,28,8,10,SNOWY
1-1-1-20,2020,9,20,10,-6,5,SNOWY
1-1-1-20,2020,9,21,7,2,9,SUNNY
1-1-1-20,2020,9,22,11,3,12,CLOUDY
1-1-1-20,2020,9,23,27,9,0,SNOWY
1-1-1-20,2020,9,24,7,4,3,RAINY
1-1-1-20,2020,9,25,33,7,1,SUNNY
1-1-1-20,2020,9,26,-4,-5,3,SNOWY
1-1-1-20,2020,9,27,0,-9,8,SUNNY
1-1-1-20,2020,9,28,47,-7,2,CLOUDY
1-1-1-20,2020,10,1,18,-7,7,RAINY
1-1-1-20,2020,10,2,20,19,2,RAINY
1-1-1-20,2020,10,3,44,33,6,SNOWY
1-1-1-20,2020,10,4,39,3,1,CLOUDY
1-1-1-20,2020,10,5,-1,-7,5,SNOWY
1-1-1-20,2020,10,6,1,-2,11,RAINY
1-1-1-20,2020,10,7,45,32,12,SUNNY
1-1-1-20,2020,10,8,12,11,4,SNOWY
1-1-1-20,2020,10,9,48,33,7,RAINY
1-1-1-20,2020,10,10,1,-2,6,CLOUDY
1-1-1-20,2020,10,11,38,17,8,RAINY
1-1-1-20,2020,10,12,30,-3,5,SUNNY
1-1-1-20,2020,10,13,42,7,11,SNOWY
1-1-1-20,2020,10,14,20,-8,2,SUNNY
1-1-1-20,2020,10,15,37,21,3,SNOWY
1-1-1-20,2020,10,16,4,-7,9,CLOUDY
1-1-1-20,2020,10,17,16,-3,0,SUNNY
1-1-1-20,2020,10,18,17,10,8,SNOWY
1-1-1-20,2020,10,19,29,29,8,CLOUDY
1-1-1-20,2020,10,20,46,4,9,SUNNY
1-1-1-20,2020,10,21,11,9,0,SNOWY
1-1-1-20,2020,10,22,47,32,0,RAINY
1-1-1-20,2020,10,23,16,-8,2,SNOWY
1-1-1-20,2020,10,24,34,5,4,SNOWY
1-1-1-20,2020,10,25,0,-5,3,CLOUDY
1-1-1-20,2020,10,26,31,27,2,SNOWY
1-1-1-20,2020,10,27,10,-8,1,CLOUDY
1-1-1-20,2020,10,28,19,7,6,CLOUDY
1-1-1-20,2020,11,1,37,-3,9,SNOWY
1-1-1-20,2020,11,2,43,18,0,CLOUDY
1-1-1-20,2020,11,3,37,17,1,RAINY
1-1-1-20,2020,11,4,-1,-8,10,SNOWY
1-1-1-20,2020,11,5,46,28,0,SNOWY
1-1-1-20,2020,11,6,42,24,3,SUNNY
1-1-1-20,2020,11,7,23,4,11,RAINY
1-1-1-20,2020,11,8,39,24,4,CLOUDY
1-1-1-20,2020,11,9,29,22,10,RAINY
1-1-1-20,2020,11,10,9,1,3,SUNNY
1-1-1-20,2020,11,11,31,2,11,SNOWY
1-1-1-20,2020,11,12,50,-6,4,CLOUDY
1-1-1-20,2020,11,13,-3,-10,1,CLOUDY
1-1-1-20,2020,11,14,-5,-7,0,SNOWY
1-1-1-20,2020,11,15,7,-5,1,RAINY
1-1-1-20,2020,11,16,21,12,4,SNOWY
1-1-1-20,2020,11,17,25,1,12,SNOWY
1-1-1-20,2020,11,18,43,19,11,RAINY
1-1-1-20,2020,11,19,26,0,4,RAINY
1-1-1-20,2020,11,20,34,34,12,RAINY
1-1-1-20,2020,11,21,9,-6,7,CLOUDY
1-1-1-20,2020,11,22,36,23,3,RAINY
1-1-1-20,2020,11,23,14,10,7,SNOWY
1-1-1-20,2020,11,24,4,-4,6,SUNNY
1-1-1-20,2020,11,25,12,4,6,CLOUDY
1-1-1-20,2020,11,26,45,27,10,RAINY
1-1-1-20,2020,11,27,44,4,8,SNOWY
1-1-1-20,2020,11,28,23,3,11,RAINY
1-1-1-20,2020,12,1,-8,-9,3,SNOWY
1-1-1-20,2020,12,2,5,-10,0,CLOUDY
1-1-1-20,2020,12,3,34,-1,3,RAINY
1-1-1-20,2020,12,4,28,22,2,SNOWY
1-1-1-20,2020,12,5,8,7,5,RAINY
1-1-1-20,2020,12,6,-5,-6,10,SNOWY
1-1-1-20,2020,12,7,-8,-10,12,RAINY
1-1-1-20,2020,12,8,49,17,6,SUNNY
1-1-1-20,2020,12,9,7,1,1,RAINY
1-1-1-20,2020,12,10,28,5,1,RAINY
1-1-1-20,2020,12,11,45,14,11,SNOWY
1-1-1-20,2020,12,12,26,10,8,CLOUDY
1-1-1-20,2020,12,13,11,-1,11,CLOUDY
1-1-1-20,2020,12,14,28,17,2,RAINY
1-1-1-20,2020,12,15,1,-8,7,RAINY
1-1-1-20,2020,12,16,31,-6,9,CLOUDY
1-1-1-20,2020,12,17,22,-5,0,SUNNY
1-1-1-20,2020,12,18,25,1,9,SUNNY
1-1-1-20,2020,12,19,14,3,12,RAINY
1-1-1-20,2020,12,20,40,23,0,RAINY
1-1-1-20,2020,12,21,37,30,10,SNOWY
1-1-1-20,2020,12,22,13,0,6,SUNNY
1-1-1-20,2020,12,23,10,7,2,CLOUDY
1-1-1-20,2020,12,24,5,-2,12,RAINY
1-1-1-20,2020,12,25,49,28,4,SUNNY
1-1-1-20,2020,12,26,31,17,1,SUNNY
1-1-1-20,2020,12,27,18,9,10,SUNNY
1-1-1-20,2020,12,28,46,23,3,CLOUDY
1-1-1-21,2020,1,1,9,-6,7,RAINY
1-1-1-21,2020,1,2,4,0,0,CLOUDY
1-1-1-21,2020,1,3,32,16,4,CLOUDY
1-1-1-21,2020,1,4,45,6,0,CLOUDY
1-1-1-21,2020,1,5,45,23,9,RAINY
1-1-1-21,2020,1,6,43,9,0,SUNNY
1-1-1-21,2020,1,7,4,3,3,RAINY
1-1-1-21,2020,1,8,24,20,2,SNOWY
1-1-1-21,2020,1,9,4,-5,2,RAINY
1-1-1-21,2020,1,10,36,-3,7,SNOWY
1-1-1-21,2020,1,11,25,5,3,RAINY
1-1-1-21,2020,1,12,13,8,1,SNOWY
1-1-1-21,2020,1,13,27,4,10,SNOWY
1-1-1-21,2020,1,14,41,-5,10,RAINY
1-1-1-21,2020,1,15,41,14,9,CLOUDY
1-1-1-21,2020,1,16,38,3,8,SUNNY
1-1-1-21,2020,1,17,9,-9,6,SNOWY
1-1-1-21,2020,1,18,25,0,5,SNOWY
1-1-1-21,2020,1,19,49,12,12,RAINY
1-1-1-21,2020,1,20,39,-6,3,CLOUDY
1-1-1-21,2020,1,21,10,-7,4,SNOWY
1-1-1-21,2020,1,22,45,7,2,RAINY
1-1-1-21,2020,1,23,-9,-10,0,SUNNY
1-1-1-21,2020,1,24,36,4,0,RAINY
1-1-1-21,2020,1,25,44,23,4,SUNNY
1-1-1-21,2020,1,26,42,23,11,SUNNY
1-1-1-21,2020,1,27,-3,-9,9,RAINY
1-1-1-21,2020,1,28,2,-4,3,RAINY
1-1-1-21,2020,2,1,29,26,6,RAINY
1-1-1-21,2020,2,2,25,19,12,CLOUDY
1-1-1-21,2020,2,3,28,2,4,SNOWY
1-1-1-21,2020,2,4,7,7,5,SUNNY
1-1-1-21,2020,2,5,8,5,10,SNOWY
1-1-1-21,2020,2,6,33,22,0,CLOUDY
1-1-1-21,2020,2,7,33,26,8,CLOUDY
1-1-1-21,2020,2,8,41,-5,10,RAINY
1-1-1-21,2020,2,9,-1,-6,8,SUNNY
1-1-1-21,2020,2,10,-7,-10,10,RAINY
1-1-1-21,2020,2,11,46,-8,9,SNOWY
1-1-1-21,2020,2,12,-6,-9,12,RAINY
1-1-1-21,2020,2,13,49,2,3,SUNNY
1-1-1-21,2020,2,14,12,-4,10,RAINY
1-1-1-21,2020,2,15,5,-10,1,SUNNY
1-1-1-21,2020,2,16,27,-4,2,SUNNY
1-1-1-21,2020,2,17,34,15,7,CLOUDY
1-1-1-21,2020,2,18,44,33,12,CLOUDY
1-1-1-21,2020,2,19,-9,-10,2,SNOWY
1-1-1-21,2020,2,20,47,40,7,CLOUDY
1-1-1-21,2020,2,21,9,2,9,CLOUDY
1-1-1-21,2020,2,22,-1,-10,2,CLOUDY
1-1-1-21,2020,2,23,11,9,8,SNOWY
1-1-1-21,2020,2,24,-7,-10,1,SNOWY
1-1-1-21,2020,2,25,4,-9,5,RAINY
1-1-1-21,2020,2,26,25,14,0,RAINY
1-1-1-21,2020,2,27,-3,-10,8,SUNNY
1-1-1-21,2020,2,28,1,-6,2,CLOUDY
1-1-1-21,2020,3,1,14,-2,9,RAINY
1-1-1-21,2020,3,2,34,-2,11,CLOUDY
1-1-1-21,2020,3,3,2,-3,1,SNOWY
1-1-1-21,2020,3,4,-5,-8,10,SNOWY
1-1-1-21,2020,3,5,40,12,2,SNOWY
1-1-1-21,2020,3,6,30,14,5,CLOUDY
1-1-1-21,2020,3,7,15,8,5,SNOWY
1-1-1-21,2020,3,8,-4,-7,1,SNOWY
1-1-1-21,2020,3,9,10,7,12,SUNNY
1-1-1-21,2020,3,10,1,-10,1,SUNNY
1-1-1-21,2020,3,11,35,16,10,RAINY
1-1-1-21,2020,3,12,28,2,10,SUNNY
1-1-1-21,2020,3,13,49,27,11,SNOWY
1-1-1-21,2020,3,14,-10,-10,4,RAINY
1-1-1-21,2020,3,15,31,26,1,SUNNY
1-1-1-21,2020,3,16,36,4,5,SNOWY
1-1-1-21,2020,3,17,-8,-9,1,SNOWY
1-1-1-21,2020,3,18,22,18,5,SUNNY
1-1-1-21,2020,3,19,-7,-8,7,SNOWY
1-1-1-21,2020,3,20,45,-7,10,CLOUDY
1-1-1-21,2020,3,21,15,0,12,CLOUDY
1-1-1-21,2020,3,22,24,22,12,CLOUDY
1-1-1-21,2020,3,23,4,-3,6,SUNNY
1-1-1-21,2020,3,24,12,5,10,RAINY
1-1-1-21,2020,3,25,35,1,8,RAINY
1-1-1-21,2020,3,26,40,15,5,SNOWY
1-1-1-21,2020,3,27,-3,-10,7,CLOUDY
1-1-1-21,2020,3,28,-5,-9,12,SUNNY
1-1-1-21,2020,4,1,22,18,7,CLOUDY
1-1-1-21,2020,4,2,5,2,12,RAINY
1-1-1-21,2020,4,3,20,11,1,RAINY
1-1-1-21,2020,4,4,14,-5,6,SNOWY
1-1-1-21,2020,4,5,35,-8,9,SUNNY
1-1-1-21,2020,4,6,5,-6,5,SNOWY
1-1-1-21,2020,4,7,48,17,1,RAINY
1-1-1-21,2020,4,8,37,29,9,CLOUDY
1-1-1-21,2020,4,9,12,12,8,SUNNY
1-1-1-21,2020,4,10,0,-8,11,CLOUDY
1-1-1-21,2020,4,11,31,2,12,SNOWY
1-1-1-21,2020,4,12,5,1,0,RAINY
1-1-1-21,2020,4,13,2,-1,0,SUNNY
1-1-1-21,2020,4,14,15,14,3,RAINY
1-1-1-21,2020,4,15,40,11,4,CLOUDY
1-1-1-21,2020,4,16,32,15,3,RAINY
1-1-1-21,2020,4,17,9,1,0,SUNNY
1-1-1-21,2020,4,18,0,-3,4,CLOUDY
1-1-1-21,2020,4,19,34,33,8,CLOUDY
1-1-1-21,2020,4,20,4,-10,8,SNOWY
1-1-1-21,2020,4,21,26,25,9,CLOUDY
1-1-1-21,2020,4,22,6,4,6,RAINY
1-1-1-21,2020,4,23,28,4,6,SUNNY
1-1-1-21,2020,4,24,35,15,5,RAINY
1-1-1-21,2020,4,25,-4,-7,8,RAINY
1-1-1-21,2020,4,26,19,-1,9,SNOWY
1-1-1-21,2020,4,27,-2,-7,3,CLOUDY
1-1-1-21,2020,4,28,2,-6,5,RAINY
1-1-1-21,2020,5,1,19,1,4,SNOWY
1-1-1-21,2020,5,2,-6,-7,11,SNOWY
1-1-1-21,2020,5,3,37,6,10,CLOUDY
1-1-1-21,2020,5,4,10,10,3,RAINY
1-1-1-21,2020,5,5,30,-6,2,SUNNY
1-1-1-21,2020,5,6,1,-6,0,SUNNY
1-1-1-21,2020,5,7,2,0,4,SNOWY
1-1-1-21,2020,5,8,-6,-9,8,SUNNY
1-1-1-21,2020,5,9,17,-2,0,SNOWY
1-1-1-21,2020,5,10,19,-8,7,CLOUDY
1-1-1-21,2020,5,11,3,-6,10,RAINY
1-1-1-21,2020,5,12,31,12,3,SNOWY
1-1-1-21,2020,5,13,29,1,7,SNOWY
1-1-1-21,2020,5,14,4,-8,10,SUNNY
1-1-1-21,2020,5,15,41,36,11,SNOWY
1-1-1-21,2020,5,16,6,6,3,RAINY
1-1-1-21,2020,5,17,14,-8,4,RAINY
1-1-1-21,2020,5,18,49,34,9,RAINY
1-1-1-21,2020,5,19,14,13,10,RAINY
1-1-1-21,2020,5,20,-5,-9,0,CLOUDY
1-1-1-21,2020,5,21,27,-9,6,RAINY
1-1-1-21,2020,5,22,38,21,3,CLOUDY
1-1-1-21,2020,5,23,3,-10,4,SNOWY
1-1-1-21,2020,5,24,24,6,4,SUNNY
1-1-1-21,2020,5,25,17,5,9,RAINY
1-1-1-21,2020,5,26,-6,-9,8,CLOUDY
1-1-1-21,2020,5,27,12,12,3,RAINY
1-1-1-21,2020,5,28,0,-5,0,SUNNY
1-1-1-21,2020,6,1,44,22,12,RAINY
1-1-1-21,2020,6,2,17,-9,12,RAINY
1-1-1-21,2020,6,3,20,7,3,SUNNY
1-1-1-21,2020,6,4,46,30,0,RAINY
1-1-1-21,2020,6,5,46,-2,3,SNOWY
1-1-1-21,2020,6,6,7,-2,3,CLOUDY
1-1-1-21,2020,6,7,40,8,2,CLOUDY
1-1-1-21,2020,6,8,24,16,8,RAINY
1-1-1-21,2020,6,9,-3,-5,4,SUNNY
1-1-1-21,2020,6,10,5,-10,5,CLOUDY
1-1-1-21,2020,6,11,-3,-8,12,SNOWY
1-1-1-21,2020,6,12,18,-3,0,CLOUDY
1-1-1-21,2020,6,13,11,-1,3,SNOWY
1-1-1-21,2020,6,14,23,-4,3,SNOWY
1-1-1-21,2020,6,15,8,1,8,RAINY
1-1-1-21,2020,6,16,1,-8,0,CLOUDY
1-1-1-21,2020,6,17,15,15,11,SUNNY
1-1-1-21,2020,6,18,-2,-6,4,RAINY
1-1-1-21,2020,6,19,30,1,7,SNOWY
1-1-1-21,2020,6,20,46,5,6,RAINY
1-1-1-21,2020,6,21,-4,-6,8,SNOWY
1-1-1-21,2020,6,22,22,20,3,SUNNY
1-1-1-21,2020,6,23,29,12,6,SNOWY
1-1-1-21,2020,6,24,36,-7,4,CLOUDY
1-1-1-21,2020,6,25,50,50,4,SUNNY
1-1-1-21,2020,6,26,9,9,4,SNOWY
1-1-1-21,2020,6,27,10,1,8,RAINY
1-1-1-21,2020,6,28,39,9,10,SUNNY
1-1-1-21,2020,7,1,11,-2,5,RAINY
1-1-1-21,2020,7,2,12,-4,7,CLOUDY
1-1-1-21,2020,7,3,20,15,2,SUNNY
1-1-1-21,2020,7,4,4,-3,10,CLOUDY
1-1-1-21,2020,7,5,-8,-9,0,RAINY
1-1-1-21,2020,7,6,-1,-4,1,RAINY
1-1-1-21,2020,7,7,31,26,0,SUNNY
1-1-1-21,2020,7,8,2,-1,1,RAINY
1-1-1-21,2020,7,9,4,-3,6,CLOUDY
1-1-1-21,2020,7,10,7,-5,11,RAINY
1-1-1-21,2020,7,11,38,38,3,RAINY
1-1-1-21,2020,7,12,6,4,8,RAINY
1-1-1-21,2020,7,13,37,1,7,SNOWY
1-1-1-21,2020,7,14,50,46,8,RAINY
1-1-1-21,2020,7,15,-3,-4,9,RAINY
1-1-1-21,2020,7,16,15,3,2,SUNNY
1-1-1-21,2020,7,17,36,7,6,SNOWY
1-1-1-21,2020,7,18,47,13,8,RAINY
1-1-1-21,2020,7,19,33,22,8,CLOUDY
1-1-1-21,2020,7,20,5,-8,8,RAINY
1-1-1-21,2020,7,21,49,-3,10,CLOUDY
1-1-1-21,2020,7,22,16,3,12,SUNNY
1-1-1-21,2020,7,23,18,9,7,CLOUDY
1-1-1-21,2020,7,24,36,-4,9,SUNNY
1-1-1-21,2020,7,25,42,26,11,SNOWY
1-1-1-21,2020,7,26,-7,-9,6,RAINY
1-1-1-21,2020,7,27,4,2,7,SUNNY
1-1-1-21,2020,7,28,1,-2,10,RAINY
1-1-1-21,2020,8,1,18,-1,10,SUNNY
1-1-1-21,2020,8,2,22,-1,10,RAINY
1-1-1-21,2020,8,3,7,-3,5,SUNNY
1-1-1-21,2020,8,4,-6,-8,4,RAINY
1-1-1-21,2020,8,5,21,17,3,SUNNY
1-1-1-21,2020,8,6,28,14,6,RAINY
1-1-1-21,2020,8,7,36,5,2,SNOWY
1-1-1-21,2020,8,8,38,8,3,RAINY
1-1-1-21,2020,8,9,22,20,8,SUNNY
1-1-1-21,2020,8,10,28,28,4,RAINY
1-1-1-21,2020,8,11,2,-8,11,SUNNY
1-1-1-21,2020,8,12,39,33,11,RAINY
1-1-1-21,2020,8,13,-5,-7,5,SUNNY
1-1-1-21,2020,8,14,-10,-10,7,SNOWY
1-1-1-21,2020,8,15,41,36,2,RAINY
1-1-1-21,2020,8,16,29,9,3,RAINY
1-1-1-21,2020,8,17,49,-2,6,CLOUDY
1-1-1-21,2020,8,18,24,-4,6,CLOUDY
1-1-1-21,2020,8,19,1,-2,0,RAINY
1-1-1-21,2020,8,20,11,6,3,RAINY
1-1-1-21,2020,8,21,22,-6,7,CLOUDY
1-1-1-21,2020,8,22,12,-2,0,RAINY
1-1-1-21,2020,8,23,7,6,12,CLOUDY
1-1-1-21,2020,8,24,-10,-10,8,CLOUDY
1-1-1-21,2020,8,25,5,1,0,SNOWY
1-1-1-21,2020,8,26,37,10,6,CLOUDY
1-1-1-21,2020,8,27,1,-8,4,SUNNY
1-1-1-21,2020,8,28,4,1,9,RAINY
1-1-1-21,2020,9,1,10,-1,6,SNOWY
1-1-1-21,2020,9,2,-10,-10,1,RAINY
1-1-1-21,2020,9,3,45,26,11,CLOUDY
1-1-1-21,2020,9,4,17,-9,9,CLOUDY
1-1-1-21,2020,9,5,30,5,6,CLOUDY
1-1-1-21,2020,9,6,-4,-7,4,SUNNY
1-1-1-21,2020,9,7,25,24,9,CLOUDY
1-1-1-21,2020,9,8,25,5,3,RAINY
1-1-1-21,2020,9,9,-8,-9,12,RAINY
1-1-1-21,2020,9,10,16,-7,4,RAINY
1-1-1-21,2020,9,11,5,-7,2,RAINY
1-1-1-21,2020,9,12,47,37,8,SUNNY
1-1-1-21,2020,9,13,33,12,3,SNOWY
1-1-1-21,2020,9,14,22,1,11,CLOUDY
1-1-1-21,2020,9,15,49,36,4,SUNNY
1-1-1-21,2020,9,16,7,-3,2,SNOWY
1-1-1-21,2020,9,17,3,-10,9,SNOWY
1-1-1-21,2020,9,18,31,17,3,SNOWY
1-1-1-21,2020,9,19,6,-10,0,SUNNY
1-1-1-21,2020,9,20,47,15,7,SUNNY
1-1-1-21,2020,9,21,0,-1,1,RAINY
1-1-1-21,2020,9,22,44,20,6,CLOUDY
1-1-1-21,2020,9,23,24,6,12,RAINY
1-1-1-21,2020,9,24,11,-1,3,RAINY
1-1-1-21,2020,9,25,-7,-10,3,SNOWY
1-1-1-21,2020,9,26,9,-10,12,RAINY
1-1-1-21,2020,9,27,19,6,3,CLOUDY
1-1-1-21,2020,9,28,45,30,1,SNOWY
1-1-1-21,2020,10,1,21,7,10,RAINY
1-1-1-21,2020,10,2,6,5,3,CLOUDY
1-1-1-21,2020,10,3,1,-5,4,RAINY
1-1-1-21,2020,10,4,-10,-10,10,SNOWY
1-1-1-21,2020,10,5,40,15,5,SNOWY
1-1-1-21,2020,10,6,-9,-10,9,SUNNY
1-1-1-21,2020,10,7,40,-7,11,CLOUDY
1-1-1-21,2020,10,8,22,21,7,CLOUDY
1-1-1-21,2020,10,9,35,31,11,CLOUDY
1-1-1-21,2020,10,10,30,27,2,RAINY
1-1-1-21,2020,10,11,29,1,5,RAINY
1-1-1-21,2020,10,12,33,-9,1,SUNNY
1-1-1-21,2020,10,13,42,10,6,RAINY
1-1-1-21,2020,10,14,29,9,0,SNOWY
1-1-1-21,2020,10,15,40,4,4,RAINY
1-1-1-21,2020,10,16,2,-10,1,SNOWY
1-1-1-21,2020,10,17,47,-5,11,RAINY
1-1-1-21,2020,10,18,19,17,12,SNOWY
1-1-1-21,2020,10,19,46,31,11,SNOWY
1-1-1-21,2020,10,20,46,35,7,RAINY
1-1-1-21,2020,10,21,-9,-10,12,RAINY
1-1-1-21,2020,10,22,-7,-8,0,CLOUDY
1-1-1-21,2020,10,23,47,12,3,RAINY
1-1-1-21,2020,10,24,48,9,8,SNOWY
1-1-1-21,2020,10,25,23,14,9,RAINY
1-1-1-21,2020,10,26,41,19,4,SUNNY
1-1-1-21,2020,10,27,16,1,0,SNOWY
1-1-1-21,2020,10,28,46,38,7,SNOWY
1-1-1-21,2020,11,1,1,-7,6,SNOWY
1-1-1-21,2020,11,2,10,7,4,SNOWY
1-1-1-21,2020,11,3,33,-9,2,SNOWY
1-1-1-21,2020,11,4,38,-1,0,SUNNY
1-1-1-21,2020,11,5,39,12,4,SNOWY
1-1-1-21,2020,11,6,8,7,1,SUNNY
1-1-1-21,2020,11,7,6,-1,3,SNOWY
1-1-1-21,2020,11,8,-3,-9,10,CLOUDY
1-1-1-21,2020,11,9,42,21,6,CLOUDY
1-1-1-21,2020,11,10,39,-9,11,SNOWY
1-1-1-21,2020,11,11,-8,-9,9,SNOWY
1-1-1-21,2020,11,12,49,27,3,SNOWY
1-1-1-21,2020,11,13,3,-5,11,SUNNY
1-1-1-21,2020,11,14,6,-9,6,RAINY
1-1-1-21,2020,11,15,44,18,5,RAINY
1-1-1-21,2020,11,16,-5,-8,5,SNOWY
1-1-1-21,2020,11,17,-4,-10,10,CLOUDY
1-1-1-21,2020,11,18,28,10,2,CLOUDY
1-1-1-21,2020,11,19,50,38,8,CLOUDY
1-1-1-21,2020,11,20,36,25,0,CLOUDY
1-1-1-21,2020,11,21,19,14,12,SNOWY
1-1-1-21,2020,11,22,16,-9,3,RAINY
1-1-1-21,2020,11,23,2,-3,2,CLOUDY
1-1-1-21,2020,11,24,0,-2,10,SUNNY
1-1-1-21,2020,11,25,-8,-10,9,RAINY
1-1-1-21,2020,11,26,4,0,10,RAINY
1-1-1-21,2020,11,27,49,47,2,SNOWY
1-1-1-21,2020,11,28,21,0,0,CLOUDY
1-1-1-21,2020,12,1,5,-5,7,SUNNY
1-1-1-21,2020,12,2,35,-7,9,RAINY
1-1-1-21,2020,12,3,43,-2,0,SNOWY
1-1-1-21,2020,12,4,17,-9,0,RAINY
1-1-1-21,2020,12,5,-5,-10,11,SUNNY
1-1-1-21,2020,12,6,14,0,0,RAINY
1-1-1-21,2020,12,7,48,41,12,CLOUDY
1-1-1-21,2020,12,8,4,-4,6,SNOWY
1-1-1-21,2020,12,9,-5,-6,0,SNOWY
1-1-1-21,2020,12,10,12,12,5,SNOWY
1-1-1-21,2020,12,11,11,-3,0,RAINY
1-1-1-21,2020,12,12,29,17,8,RAINY
1-1-1-21,2020,12,13,3,-10,3,CLOUDY
1-1-1-21,2020,12,14,10,2,3,SNOWY
1-1-1-21,2020,12,15,8,1,5,RAINY
1-1-1-21,2020,12,16,42,10,8,RAINY
1-1-1-21,2020,12,17,9,9,12,RAINY
1-1-1-21,2020,12,18,48,32,8,SNOWY
1-1-1-21,2020,12,19,40,40,3,RAINY
1-1-1-21,2020,12,20,20,9,0,SNOWY
1-1-1-21,2020,12,21,-8,-10,5,SNOWY
1-1-1-21,2020,12,22,32,30,1,RAINY
1-1-1-21,2020,12,23,-3,-10,3,SUNNY
1-1-1-21,2020,12,24,-10,-10,5,CLOUDY
1-1-1-21,2020,12,25,10,2,4,CLOUDY
1-1-1-21,2020,12,26,12,-5,11,SUNNY
1-1-1-21,2020,12,27,24,13,7,RAINY
1-1-1-21,2020,12,28,16,11,12,RAINY
1-1-1-22,2020,1,1,37,5,8,CLOUDY
1-1-1-22,2020,1,2,2,-6,2,RAINY
1-1-1-22,2020,1,3,-10,-10,7,CLOUDY
1-1-1-22,2020,1,4,17,1,6,CLOUDY
1-1-1-22,2020,1,5,49,-1,7,RAINY
1-1-1-22,2020,1,6,7,-6,11,CLOUDY
1-1-1-22,2020,1,7,-4,-7,7,SNOWY
1-1-1-22,2020,1,8,31,17,5,SNOWY
1-1-1-22,2020,1,9,4,-3,9,RAINY
1-1-1-22,2020,1,10,31,29,9,SUNNY
1-1-1-22,2020,1,11,32,30,12,SUNNY
1-1-1-22,2020,1,12,20,-4,4,SNOWY
1-1-1-22,2020,1,13,-7,-9,5,SUNNY
1-1-1-22,2020,1,14,12,11,0,SNOWY
1-1-1-22,2020,1,15,31,16,6,SUNNY
1-1-1-22,2020,1,16,30,8,10,SUNNY
1-1-1-22,2020,1,17,46,-1,11,SNOWY
1-1-1-22,2020,1,18,41,36,6,SUNNY
1-1-1-22,2020,1,19,1,-5,5,CLOUDY
1-1-1-22,2020,1,20,23,18,4,RAINY
1-1-1-22,2020,1,21,4,-8,3,CLOUDY
1-1-1-22,2020,1,22,16,-9,2,CLOUDY
1-1-1-22,2020,1,23,27,0,0,SNOWY
1-1-1-22,2020,1,24,-7,-9,10,SUNNY
1-1-1-22,2020,1,25,47,28,3,RAINY
1-1-1-22,2020,1,26,-9,-10,9,CLOUDY
1-1-1-22,2020,1,27,21,8,3,RAINY
1-1-1-22,2020,1,28,7,-3,5,SUNNY
1-1-1-22,2020,2,1,46,25,4,CLOUDY
1-1-1-22,2020,2,2,-4,-8,12,SUNNY
1-1-1-22,2020,2,3,47,47,11,SUNNY
1-1-1-22,2020,2,4,39,25,8,SNOWY
1-1-1-22,2020,2,5,21,7,11,CLOUDY
1-1-1-22,2020,2,6,22,12,4,RAINY
1-1-1-22,2020,2,7,50,40,10,SUNNY
1-1-1-22,2020,2,8,33,-3,11,SUNNY
1-1-1-22,2020,2,9,10,1,2,SUNNY
1-1-1-22,2020,2,10,6,5,12,SNOWY
1-1-1-22,2020,2,11,4,-5,1,SNOWY
1-1-1-22,2020,2,12,19,13,1,RAINY
1-1-1-22,2020,2,13,-4,-10,1,RAINY
1-1-1-22,2020,2,14,26,24,10,CLOUDY
1-1-1-22,2020,2,15,-10,-10,5,RAINY
1-1-1-22,2020,2,16,47,0,9,SUNNY
1-1-1-22,2020,2,17,48,8,10,SUNNY
1-1-1-22,2020,2,18,30,15,5,SUNNY
1-1-1-22,2020,2,19,38,1,6,SUNNY
1-1-1-22,2020,2,20,-3,-4,2,CLOUDY
1-1-1-22,2020,2,21,-1,-10,10,CLOUDY
1-1-1-22,2020,2,22,11,9,7,RAINY
1-1-1-22,2020,2,23,29,-6,0,RAINY
1-1-1-22,2020,2,24,18,-8,9,RAINY
1-1-1-22,2020,2,25,-4,-10,12,SUNNY
1-1-1-22,2020,2,26,24,20,11,SUNNY
1-1-1-22,2020,2,27,-1,-3,2,SNOWY
1-1-1-22,2020,2,28,28,15,11,CLOUDY
1-1-1-22,2020,3,1,-10,-10,2,CLOUDY
1-1-1-22,2020,3,2,6,-7,1,SUNNY
1-1-1-22,2020,3,3,30,26,5,RAINY
1-1-1-22,2020,3,4,2,-10,6,CLOUDY
1-1-1-22,2020,3,5,36,35,11,CLOUDY
1-1-1-22,2020,3,6,31,4,6,CLOUDY
1-1-1-22,2020,3,7,27,25,0,CLOUDY
1-1-1-22,2020,3,8,-10,-10,6,CLOUDY
1-1-1-22,2020,3,9,34,-7,1,SNOWY
1-1-1-22,2020,3,10,-2,-6,4,RAINY
1-1-1-22,2020,3,11,2,-6,12,CLOUDY
1-1-1-22,2020,3,12,2,-8,3,SNOWY
1-1-1-22,2020,3,13,39,21,9,SUNNY
1-1-1-22,2020,3,14,22,-5,3,SUNNY
1-1-1-22,2020,3,15,-4,-9,2,SUNNY
1-1-1-22,2020,3,16,-8,-9,4,RAINY
1-1-1-22,2020,3,17,43,-7,6,CLOUDY
1-1-1-22,2020,3,18,13,-2,1,CLOUDY
1-1-1-22,2020,3,19,-3,-7,9,RAINY
1-1-1-22,2020,3,20,-8,-10,10,SNOWY
1-1-1-22,2020,3,21,38,-6,8,SNOWY
1-1-1-22,2020,3,22,25,20,11,RAINY
1-1-1-22,2020,3,23,46,37,6,RAINY
1-1-1-22,2020,3,24,24,5,10,SNOWY
1-1-1-22,2020,3,25,5,-4,1,SNOWY
1-1-1-22,2020,3,26,26,12,0,CLOUDY
1-1-1-22,2020,3,27,16,4,1,SNOWY
1-1-1-22,2020,3,28,37,33,1,CLOUDY
1-1-1-22,2020,4,1,19,-4,9,SNOWY
1-1-1-22,2020,4,2,36,19,7,SUNNY
1-1-1-22,2020,4,3,-6,-9,10,CLOUDY
1-1-1-22,2020,4,4,35,14,4,CLOUDY
1-1-1-22,2020,4,5,45,22,11,SNOWY
1-1-1-22,2020,4,6,33,23,6,CLOUDY
1-1-1-22,2020,4,7,9,9,4,SUNNY
1-1-1-22,2020,4,8,19,8,3,SUNNY
1-1-1-22,2020,4,9,18,6,12,SUNNY
1-1-1-22,2020,4,10,43,3,8,CLOUDY
1-1-1-22,2020,4,11,19,-5,8,RAINY
1-1-1-22,2020,4,12,13,6,5,CLOUDY
1-1-1-22,2020,4,13,36,31,2,SNOWY
1-1-1-22,2020,4,14,30,-1,2,CLOUDY
1-1-1-22,2020,4,15,6,5,2,CLOUDY
1-1-1-22,2020,4,16,33,12,1,CLOUDY
1-1-1-22,2020,4,17,42,-9,12,SUNNY
1-1-1-22,2020,4,18,31,-4,4,CLOUDY
1-1-1-22,2020,4,19,38,23,10,CLOUDY
1-1-1-22,2020,4,20,-7,-9,1,SUNNY
1-1-1-22,2020,4,21,19,-8,2,SNOWY
1-1-1-22,2020,4,22,48,39,5,SUNNY
1-1-1-22,2020,4,23,11,-5,8,RAINY
1-1-1-22,2020,4,24,8,-9,0,CLOUDY
1-1-1-22,2020,4,25,41,-9,4,RAINY
1-1-1-22,2020,4,26,23,18,5,SNOWY
1-1-1-22,2020,4,27,40,-9,0,RAINY
1-1-1-22,2020,4,28,48,40,0,RAINY
1-1-1-22,2020,5,1,4,-3,0,CLOUDY
1-1-1-22,2020,5,2,14,5,7,CLOUDY
1-1-1-22,2020,5,3,23,-8,0,CLOUDY
1-1-1-22,2020,5,4,41,34,3,SNOWY
1-1-1-22,2020,5,5,8,3,5,SUNNY
1-1-1-22,2020,5,6,41,-6,2,SUNNY
1-1-1-22,2020,5,7,10,5,1,RAINY
1-1-1-22,2020,5,8,42,31,6,RAINY
1-1-1-22,2020,5,9,37,5,2,SUNNY
1-1-1-22,2020,5,10,39,-1,9,CLOUDY
1-1-1-22,2020,5,11,35,2,11,CLOUDY
1-1-1-22,2020,5,12,23,21,7,CLOUDY
1-1-1-22,2020,5,13,23,14,9,RAINY
1-1-1-22,2020,5,14,19,5,5,SUNNY
1-1-1-22,2020,5,15,7,-1,9,SNOWY
1-1-1-22,2020,5,16,39,1,8,SNOWY
1-1-1-22,2020,5,17,33,-5,4,SNOWY
1-1-1-22,2020,5,18,44,27,4,RAINY
1-1-1-22,2020,5,19,40,19,1,CLOUDY
1-1-1-22,2020,5,20,10,-8,3,SNOWY
1-1-1-22,2020,5,21,3,0,5,SNOWY
1-1-1-22,2020,5,22,-9,-10,6,SUNNY
1-1-1-22,2020,5,23,12,6,6,RAINY
1-1-1-22,2020,5,24,14,10,7,SNOWY
1-1-1-22,2020,5,25,41,21,7,CLOUDY
1-1-1-22,2020,5,26,49,13,1,SUNNY
1-1-1-22,2020,5,27,32,-7,11,CLOUDY
1-1-1-22,2020,5,28,6,-9,10,CLOUDY
1-1-1-22,2020,6,1,24,21,0,SUNNY
1-1-1-22,2020,6,2,2,-2,2,RAINY
1-1-1-22,2020,6,3,-3,-7,0,SUNNY
1-1-1-22,2020,6,4,-4,-7,7,CLOUDY
1-1-1-22,2020,6,5,19,-9,2,SNOWY
1-1-1-22,2020,6,6,31,6,2,SNOWY
1-1-1-22,2020,6,7,23,-6,7,CLOUDY
1-1-1-22,2020,6,8,32,20,7,SUNNY
1-1-1-22,2020,6,9,-2,-3,6,RAINY
1-1-1-22,2020,6,10,-10,-10,2,SUNNY
1-1-1-22,2020,6,11,11,3,0,SUNNY
1-1-1-22,2020,6,12,18,7,5,CLOUDY
1-1-1-22,2020,6,13,8,4,11,CLOUDY
1-1-1-22,2020,6,14,24,14,1,RAINY
1-1-1-22,2020,6,15,29,10,5,RAINY
1-1-1-22,2020,6,16,33,33,9,RAINY
1-1-1-22,2020,6,17,33,11,0,RAINY
1-1-1-22,2020,6,18,10,6,4,CLOUDY
1-1-1-22,2020,6,19,-3,-7,5,RAINY
1-1-1-22,2020,6,20,17,10,10,RAINY
1-1-1-22,2020,6,21,23,-5,12,CLOUDY
1-1-1-22,2020,6,22,35,-1,6,RAINY
1-1-1-22,2020,6,23,8,8,11,SNOWY
1-1-1-22,2020,6,24,36,-1,12,RAINY
1-1-1-22,2020,6,25,32,3,12,CLOUDY
1-1-1-22,2020,6,26,39,19,2,CLOUDY
1-1-1-22,2020,6,27,10,7,0,SNOWY
1-1-1-22,2020,6,28,1,-10,1,RAINY
1-1-1-22,2020,7,1,12,-4,1,CLOUDY
1-1-1-22,2020,7,2,-5,-7,12,SNOWY
1-1-1-22,2020,7,3,26,17,8,RAINY
1-1-1-22,2020,7,4,28,2,10,RAINY
1-1-1-22,2020,7,5,42,31,0,CLOUDY
1-1-1-22,2020,7,6,2,2,4,SNOWY
1-1-1-22,2020,7,7,36,18,3,CLOUDY
1-1-1-22,2020,7,8,18,12,1,RAINY
1-1-1-22,2020,7,9,28,-4,12,RAINY
1-1-1-22,2020,7,10,45,0,6,RAINY
1-1-1-22,2020,7,11,30,-6,4,CLOUDY
1-1-1-22,2020,7,12,2,0,0,SUNNY
1-1-1-22,2020,7,13,11,-10,3,SUNNY
1-1-1-22,2020,7,14,41,9,5,CLOUDY
1-1-1-22,2020,7,15,24,-2,5,SUNNY
1-1-1-22,2020,7,16,29,25,8,CLOUDY
1-1-1-22,2020,7,17,1,-4,4,SUNNY
1-1-1-22,2020,7,18,10,-1,8,CLOUDY
1-1-1-22,2020,7,19,32,-8,0,RAINY
1-1-1-22,2020,7,20,0,-3,8,SUNNY
1-1-1-22,2020,7,21,-4,-8,8,SNOWY
1-1-1-22,2020,7,22,7,-4,9,SNOWY
1-1-1-22,2020,7,23,41,37,4,SUNNY
1-1-1-22,2020,7,24,-1,-8,0,SUNNY
1-1-1-22,2020,7,25,43,33,10,SNOWY
1-1-1-22,2020,7,26,10,-7,8,RAINY
1-1-1-22,2020,7,27,26,-8,6,SNOWY
1-1-1-22,2020,7,28,40,0,1,RAINY
1-1-1-22,2020,8,1,5,4,4,CLOUDY
1-1-1-22,2020,8,2,10,-10,5,CLOUDY
1-1-1-22,2020,8,3,43,3,6,SUNNY
1-1-1-22,2020,8,4,-4,-7,5,CLOUDY
1-1-1-22,2020,8,5,-10,-10,5,CLOUDY
1-1-1-22,2020,8,6,40,-9,2,SUNNY
1-1-1-22,2020,8,7,25,23,11,RAINY
1-1-1-22,2020,8,8,20,20,1,SUNNY
1-1-1-22,2020,8,9,-5,-8,7,CLOUDY
1-1-1-22,2020,8,10,22,14,9,SUNNY
1-1-1-22,2020,8,11,-5,-7,6,RAINY
1-1-1-22,2020,8,12,20,19,12,SUNNY
1-1-1-22,2020,8,13,-6,-8,10,RAINY
1-1-1-22,2020,8,14,-6,-8,7,SNOWY
1-1-1-22,2020,8,15,11,1,7,CLOUDY
1-1-1-22,2020,8,16,42,34,12,SUNNY
1-1-1-22,2020,8,17,27,-2,1,CLOUDY
1-1-1-22,2020,8,18,37,31,12,SNOWY
1-1-1-22,2020,8,19,30,11,0,SUNNY
1-1-1-22,2020,8,20,9,-6,12,SUNNY
1-1-1-22,2020,8,21,47,39,2,SNOWY
1-1-1-22,2020,8,22,-3,-5,10,SUNNY
1-1-1-22,2020,8,23,35,23,1,RAINY
1-1-1-22,2020,8,24,26,-10,5,SUNNY
1-1-1-22,2020,8,25,49,14,6,SNOWY
1-1-1-22,2020,8,26,42,33,11,SNOWY
1-1-1-22,2020,8,27,23,-10,4,CLOUDY
1-1-1-22,2020,8,28,38,30,10,CLOUDY
1-1-1-22,2020,9,1,12,-10,11,CLOUDY
1-1-1-22,2020,9,2,8,4,0,SNOWY
1-1-1-22,2020,9,3,29,20,6,CLOUDY
1-1-1-22,2020,9,4,1,-7,1,CLOUDY
1-1-1-22,2020,9,5,47,37,9,RAINY
1-1-1-22,2020,9,6,12,5,6,SUNNY
1-1-1-22,2020,9,7,-9,-10,7,SUNNY
1-1-1-22,2020,9,8,-9,-10,3,CLOUDY
1-1-1-22,2020,9,9,19,-3,11,RAINY
1-1-1-22,2020,9,10,12,-2,7,SUNNY
1-1-1-22,2020,9,11,44,-5,5,SNOWY
1-1-1-22,2020,9,12,34,34,11,SUNNY
1-1-1-22,2020,9,13,-1,-2,9,SNOWY
1-1-1-22,2020,9,14,46,7,5,CLOUDY
1-1-1-22,2020,9,15,47,34,6,SNOWY
1-1-1-22,2020,9,16,23,-8,11,CLOUDY
1-1-1-22,2020,9,17,-4,-8,6,CLOUDY
1-1-1-22,2020,9,18,27,15,2,SNOWY
1-1-1-22,2020,9,19,48,3,10,SNOWY
1-1-1-22,2020,9,20,6,-2,3,SUNNY
1-1-1-22,2020,9,21,37,15,11,SNOWY
1-1-1-22,2020,9,22,32,28,4,CLOUDY
1-1-1-22,2020,9,23,0,-10,5,SUNNY
1-1-1-22,2020,9,24,-9,-10,0,SNOWY
1-1-1-22,2020,9,25,26,12,12,SUNNY
1-1-1-22,2020,9,26,35,15,7,CLOUDY
1-1-1-22,2020,9,27,7,-8,2,SUNNY
1-1-1-22,2020,9,28,7,-5,8,CLOUDY
1-1-1-22,2020,10,1,10,5,5,SNOWY
1-1-1-22,2020,10,2,14,10,9,CLOUDY
1-1-1-22,2020,10,3,38,-6,6,SNOWY
1-1-1-22,2020,10,4,42,34,10,CLOUDY
1-1-1-22,2020,10,5,34,-9,3,CLOUDY
1-1-1-22,2020,10,6,33,31,12,SNOWY
1-1-1-22,2020,10,7,-6,-10,12,SUNNY
1-1-1-22,2020,10,8,12,0,8,CLOUDY
1-1-1-22,2020,10,9,14,1,2,RAINY
1-1-1-22,2020,10,10,24,20,12,CLOUDY
1-1-1-22,2020,10,11,2,-6,6,RAINY
1-1-1-22,2020,10,12,47,-9,6,SNOWY
1-1-1-22,2020,10,13,31,27,6,SNOWY
1-1-1-22,2020,10,14,46,22,2,SNOWY
1-1-1-22,2020,10,15,17,-2,2,SNOWY
1-1-1-22,2020,10,16,16,7,6,SNOWY
1-1-1-22,2020,10,17,-1,-9,11,RAINY
1-1-1-22,2020,10,18,41,30,1,CLOUDY
1-1-1-22,2020,10,19,12,-5,5,SUNNY
1-1-1-22,2020,10,20,49,15,0,SNOWY
1-1-1-22,2020,10,21,8,5,6,CLOUDY
1-1-1-22,2020,10,22,37,2,6,SUNNY
1-1-1-22,2020,10,23,23,23,0,CLOUDY
1-1-1-22,2020,10,24,45,28,6,CLOUDY
1-1-1-22,2020,10,25,46,-2,2,SUNNY
1-1-1-22,2020,10,26,18,17,7,CLOUDY
1-1-1-22,2020,10,27,4,-3,8,RAINY
1-1-1-22,2020,10,28,24,-7,8,RAINY
1-1-1-22,2020,11,1,6,-3,8,SNOWY
1-1-1-22,2020,11,2,-4,-5,0,SUNNY
1-1-1-22,2020,11,3,34,21,7,RAINY
1-1-1-22,2020,11,4,-2,-10,8,SNOWY
1-1-1-22,2020,11,5,40,21,3,SNOWY
1-1-1-22,2020,11,6,34,24,12,CLOUDY
1-1-1-22,2020,11,7,15,-1,0,SNOWY
1-1-1-22,2020,11,8,14,8,1,RAINY
1-1-1-22,2020,11,9,35,28,10,SNOWY
1-1-1-22,2020,11,10,27,20,9,CLOUDY
1-1-1-22,2020,11,11,42,35,0,RAINY
1-1-1-22,2020,11,12,5,-5,2,SNOWY
1-1-1-22,2020,11,13,37,16,3,SNOWY
1-1-1-22,2020,11,14,18,11,3,SUNNY
1-1-1-22,2020,11,15,31,22,8,SUNNY
1-1-1-22,2020,11,16,32,1,11,SUNNY
1-1-1-22,2020,11,17,30,17,6,CLOUDY
1-1-1-22,2020,11,18,8,5,6,SUNNY
1-1-1-22,2020,11,19,-5,-6,6,SUNNY
1-1-1-22,2020,11,20,-1,-9,7,RAINY
1-1-1-22,2020,11,21,24,-2,9,SUNNY
1-1-1-22,2020,11,22,28,27,6,RAINY
1-1-1-22,2020,11,23,7,-4,4,SNOWY
1-1-1-22,2020,11,24,-3,-7,7,SUNNY
1-1-1-22,2020,11,25,28,18,3,SNOWY
1-1-1-22,2020,11,26,26,-3,6,CLOUDY
1-1-1-22,2020,11,27,-10,-10,6,RAINY
1-1-1-22,2020,11,28,33,31,8,RAINY
1-1-1-22,2020,12,1,-3,-10,10,SNOWY
1-1-1-22,2020,12,2,4,4,9,SUNNY
1-1-1-22,2020,12,3,6,-4,3,CLOUDY
1-1-1-22,2020,12,4,30,-10,7,SUNNY
1-1-1-22,2020,12,5,6,2,5,RAINY
1-1-1-22,2020,12,6,9,-5,2,SUNNY
1-1-1-22,2020,12,7,50,49,5,RAINY
1-1-1-22,2020,12,8,11,7,2,SUNNY
1-1-1-22,2020,12,9,40,26,7,SNOWY
1-1-1-22,2020,12,10,45,-3,11,SUNNY
1-1-1-22,2020,12,11,28,13,12,CLOUDY
1-1-1-22,2020,12,12,7,0,4,RAINY
1-1-1-22,2020,12,13,-7,-9,5,SUNNY
1-1-1-22,2020,12,14,10,-9,4,SUNNY
1-1-1-22,2020,12,15,16,0,10,SUNNY
1-1-1-22,2020,12,16,47,8,1,SUNNY
1-1-1-22,2020,12,17,25,4,3,SNOWY
1-1-1-22,2020,12,18,-6,-8,6,SUNNY
1-1-1-22,2020,12,19,39,21,3,RAINY
1-1-1-22,2020,12,20,-7,-8,3,SNOWY
1-1-1-22,2020,12,21,5,0,4,SNOWY
1-1-1-22,2020,12,22,40,-7,6,CLOUDY
1-1-1-22,2020,12,23,11,-9,3,CLOUDY
1-1-1-22,2020,12,24,28,-5,4,RAINY
1-1-1-22,2020,12,25,32,-6,6,SNOWY
1-1-1-22,2020,12,26,-5,-7,9,RAINY
1-1-1-22,2020,12,27,-10,-10,10,CLOUDY
1-1-1-22,2020,12,28,42,-8,5,SUNNY
1-1-1-23,2020,1,1,34,4,6,RAINY
1-1-1-23,2020,1,2,-2,-4,12,SUNNY
1-1-1-23,2020,1,3,23,23,7,RAINY
1-1-1-23,2020,1,4,17,-10,5,CLOUDY
1-1-1-23,2020,1,5,43,16,10,RAINY
1-1-1-23,2020,1,6,49,1,11,RAINY
1-1-1-23,2020,1,7,7,3,9,CLOUDY
1-1-1-23,2020,1,8,-3,-6,6,SUNNY
1-1-1-23,2020,1,9,0,-5,8,SUNNY
1-1-1-23,2020,1,10,11,-4,1,RAINY
1-1-1-23,2020,1,11,45,17,7,SUNNY
1-1-1-23,2020,1,12,27,25,8,SNOWY
1-1-1-23,2020,1,13,9,-6,5,SNOWY
1-1-1-23,2020,1,14,48,-9,0,SNOWY
1-1-1-23,2020,1,15,13,10,0,CLOUDY
1-1-1-23,2020,1,16,18,-4,8,CLOUDY
1-1-1-23,2020,1,17,22,1,0,SUNNY
1-1-1-23,2020,1,18,34,-6,5,SNOWY
1-1-1-23,2020,1,19,26,24,1,SUNNY
1-1-1-23,2020,1,20,10,-3,6,SNOWY
1-1-1-23,2020,1,21,35,23,6,SNOWY
1-1-1-23,2020,1,22,18,6,4,SNOWY
1-1-1-23,2020,1,23,38,3,0,SNOWY
1-1-1-23,2020,1,24,42,42,4,SUNNY
1-1-1-23,2020,1,25,36,8,9,SUNNY
1-1-1-23,2020,1,26,-4,-7,12,SUNNY
1-1-1-23,2020,1,27,27,9,6,SUNNY
1-1-1-23,2020,1,28,-9,-10,3,CLOUDY
1-1-1-23,2020,2,1,9,6,4,RAINY
1-1-1-23,2020,2,2,18,13,12,SUNNY
1-1-1-23,2020,2,3,-2,-9,4,RAINY
1-1-1-23,2020,2,4,11,11,9,RAINY
1-1-1-23,2020,2,5,-10,-10,11,CLOUDY
1-1-1-23,2020,2,6,34,0,1,SNOWY
1-1-1-23,2020,2,7,48,9,0,CLOUDY
1-1-1-23,2020,2,8,-1,-10,0,CLOUDY
1-1-1-23,2020,2,9,19,-2,5,CLOUDY
1-1-1-23,2020,2,10,-3,-8,11,SNOWY
1-1-1-23,2020,2,11,3,3,7,SUNNY
1-1-1-23,2020,2,12,37,27,1,RAINY
1-1-1-23,2020,2,13,39,18,3,SNOWY
1-1-1-23,2020,2,14,19,15,3,SUNNY
1-1-1-23,2020,2,15,22,13,4,SNOWY
1-1-1-23,2020,2,16,30,10,10,RAINY
1-1-1-23,2020,2,17,47,12,7,SNOWY
1-1-1-23,2020,2,18,43,36,2,SUNNY
1-1-1-23,2020,2,19,10,1,3,RAINY
1-1-1-23,2020,2,20,13,7,5,RAINY
1-1-1-23,2020,2,21,32,21,12,RAINY
1-1-1-23,2020,2,22,35,-8,9,SUNNY
1-1-1-23,2020,2,23,26,7,12,SUNNY
1-1-1-23,2020,2,24,-5,-9,10,SNOWY
1-1-1-23,2020,2,25,-5,-10,6,CLOUDY
1-1-1-23,2020,2,26,-6,-9,5,SNOWY
1-1-1-23,2020,2,27,-8,-10,9,RAINY
1-1-1-23,2020,2,28,43,28,3,SUNNY
1-1-1-23,2020,3,1,48,18,0,SNOWY
1-1-1-23,2020,3,2,-6,-10,0,CLOUDY
1-1-1-23,2020,3,3,27,21,5,CLOUDY
1-1-1-23,2020,3,4,24,-10,8,RAINY
1-1-1-23,2020,3,5,15,-7,7,SUNNY
1-1-1-23,2020,3,6,39,39,11,CLOUDY
1-1-1-23,2020,3,7,1,-4,6,CLOUDY
1-1-1-23,2020,3,8,45,1,12,SUNNY
1-1-1-23,2020,3,9,42,-3,1,SNOWY
1-1-1-23,2020,3,10,49,-5,7,SUNNY
1-1-1-23,2020,3,11,26,5,1,CLOUDY
1-1-1-23,2020,3,12,4,-9,5,RAINY
1-1-1-23,2020,3,13,48,14,5,SNOWY
1-1-1-23,2020,3,14,4,4,8,SUNNY
1-1-1-23,2020,3,15,0,-7,8,SUNNY
1-1-1-23,2020,3,16,-5,-7,3,SNOWY
1-1-1-23,2020,3,17,30,7,12,SUNNY
1-1-1-23,2020,3,18,30,27,0,SNOWY
1-1-1-23,2020,3,19,3,3,3,SUNNY
1-1-1-23,2020,3,20,49,2,1,SNOWY
1-1-1-23,2020,3,21,40,8,5,RAINY
1-1-1-23,2020,3,22,17,1,12,CLOUDY
1-1-1-23,2020,3,23,19,18,3,RAINY
1-1-1-23,2020,3,24,45,5,10,SUNNY
1-1-1-23,2020,3,25,16,6,8,CLOUDY
1-1-1-23,2020,3,26,4,-7,3,SUNNY
1-1-1-23,2020,3,27,33,-1,7,RAINY
1-1-1-23,2020,3,28,25,-7,12,SNOWY
1-1-1-23,2020,4,1,-9,-10,1,RAINY
1-1-1-23,2020,4,2,18,4,12,RAINY
1-1-1-23,2020,4,3,-5,-10,7,CLOUDY
1-1-1-23,2020,4,4,24,10,11,SNOWY
1-1-1-23,2020,4,5,-8,-9,10,CLOUDY
1-1-1-23,2020,4,6,5,0,1,CLOUDY
1-1-1-23,2020,4,7,13,2,8,RAINY
1-1-1-23,2020,4,8,-2,-8,12,CLOUDY
1-1-1-23,2020,4,9,13,-1,10,SUNNY
1-1-1-23,2020,4,10,8,-8,11,SUNNY
1-1-1-23,2020,4,11,32,2,7,SNOWY
1-1-1-23,2020,4,12,45,10,8,SUNNY
1-1-1-23,2020,4,13,34,11,10,SNOWY
1-1-1-23,2020,4,14,19,4,0,SNOWY
1-1-1-23,2020,4,15,45,-1,1,SNOWY
1-1-1-23,2020,4,16,-8,-10,3,CLOUDY
1-1-1-23,2020,4,17,-9,-10,12,SUNNY
1-1-1-23,2020,4,18,8,7,7,SUNNY
1-1-1-23,2020,4,19,27,5,5,RAINY
1-1-1-23,2020,4,20,39,-8,7,RAINY
1-1-1-23,2020,4,21,37,21,10,SNOWY
1-1-1-23,2020,4,22,31,-10,4,CLOUDY
1-1-1-23,2020,4,23,-2,-6,1,SNOWY
1-1-1-23,2020,4,24,16,9,12,SNOWY
1-1-1-23,2020,4,25,16,5,7,SUNNY
1-1-1-23,2020,4,26,15,-4,2,SNOWY
1-1-1-23,2020,4,27,-9,-10,5,RAINY
1-1-1-23,2020,4,28,41,12,1,CLOUDY
1-1-1-23,2020,5,1,28,-6,12,CLOUDY
1-1-1-23,2020,5,2,24,2,1,SNOWY
1-1-1-23,2020,5,3,18,18,12,CLOUDY
1-1-1-23,2020,5,4,25,-3,9,SNOWY
1-1-1-23,2020,5,5,26,-7,5,CLOUDY
1-1-1-23,2020,5,6,17,10,8,SNOWY
1-1-1-23,2020,5,7,32,11,1,SUNNY
1-1-1-23,2020,5,8,19,-8,0,CLOUDY
1-1-1-23,2020,5,9,48,26,5,SNOWY
1-1-1-23,2020,5,10,7,-5,9,SUNNY
1-1-1-23,2020,5,11,-9,-10,5,SNOWY
1-1-1-23,2020,5,12,-3,-4,3,SNOWY
1-1-1-23,2020,5,13,9,-1,3,RAINY
1-1-1-23,2020,5,14,18,5,1,CLOUDY
1-1-1-23,2020,5,15,38,-2,4,RAINY
1-1-1-23,2020,5,16,11,4,7,SUNNY
1-1-1-23,2020,5,17,49,6,4,SUNNY
1-1-1-23,2020,5,18,3,1,5,SNOWY
1-1-1-23,2020,5,19,19,5,9,SNOWY
1-1-1-23,2020,5,20,31,-5,3,SUNNY
1-1-1-23,2020,5,21,36,20,8,RAINY
1-1-1-23,2020,5,22,50,3,2,SNOWY
1-1-1-23,2020,5,23,42,16,2,SNOWY
1-1-1-23,2020,5,24,35,19,2,RAINY
1-1-1-23,2020,5,25,30,-5,8,CLOUDY
1-1-1-23,2020,5,26,7,2,5,RAINY
1-1-1-23,2020,5,27,36,32,6,RAINY
1-1-1-23,2020,5,28,-3,-8,4,SNOWY
1-1-1-23,2020,6,1,41,29,12,CLOUDY
1-1-1-23,2020,6,2,16,15,0,RAINY
1-1-1-23,2020,6,3,-6,-10,7,RAINY
1-1-1-23,2020,6,4,13,9,2,RAINY
1-1-1-23,2020,6,5,-2,-7,6,RAINY
1-1-1-23,2020,6,6,-1,-6,3,SNOWY
1-1-1-23,2020,6,7,36,23,12,CLOUDY
1-1-1-23,2020,6,8,42,32,1,RAINY
1-1-1-23,2020,6,9,18,14,12,CLOUDY
1-1-1-23,2020,6,10,-6,-9,8,CLOUDY
1-1-1-23,2020,6,11,25,-8,5,SUNNY
1-1-1-23,2020,6,12,29,25,3,CLOUDY
1-1-1-23,2020,6,13,42,16,3,CLOUDY
1-1-1-23,2020,6,14,24,20,12,CLOUDY
1-1-1-23,2020,6,15,45,16,3,RAINY
1-1-1-23,2020,6,16,30,26,2,CLOUDY
1-1-1-23,2020,6,17,6,0,2,SUNNY
1-1-1-23,2020,6,18,36,25,9,CLOUDY
1-1-1-23,2020,6,19,36,26,8,CLOUDY
1-1-1-23,2020,6,20,9,-6,9,SUNNY
1-1-1-23,2020,6,21,-5,-9,1,SUNNY
1-1-1-23,2020,6,22,36,-8,2,SNOWY
1-1-1-23,2020,6,23,24,8,2,CLOUDY
1-1-1-23,2020,6,24,5,3,4,CLOUDY
1-1-1-23,2020,6,25,49,4,1,SNOWY
1-1-1-23,2020,6,26,-5,-7,12,RAINY
1-1-1-23,2020,6,27,-3,-6,5,SUNNY
1-1-1-23,2020,6,28,-4,-7,3,CLOUDY
1-1-1-23,2020,7,1,9,3,0,CLOUDY
1-1-1-23,2020,7,2,7,-3,4,RAINY
1-1-1-23,2020,7,3,-10,-10,0,RAINY
1-1-1-23,2020,7,4,43,-8,5,SUNNY
1-1-1-23,2020,7,5,-5,-10,12,SNOWY
1-1-1-23,2020,7,6,1,-10,3,CLOUDY
1-1-1-23,2020,7,7,48,12,5,SNOWY
1-1-1-23,2020,7,8,1,1,2,SUNNY
1-1-1-23,2020,7,9,47,6,9,SNOWY
1-1-1-23,2020,7,10,29,3,8,CLOUDY
1-1-1-23,2020,7,11,-7,-8,9,SNOWY
1-1-1-23,2020,7,12,17,12,12,SNOWY
1-1-1-23,2020,7,13,0,-4,4,SUNNY
1-1-1-23,2020,7,14,6,-8,12,SNOWY
1-1-1-23,2020,7,15,-8,-10,5,CLOUDY
1-1-1-23,2020,7,16,44,-4,7,CLOUDY
1-1-1-23,2020,7,17,-3,-10,8,SUNNY
1-1-1-23,2020,7,18,31,30,4,SUNNY
1-1-1-23,2020,7,19,25,9,4,SNOWY
1-1-1-23,2020,7,20,31,13,11,SUNNY
1-1-1-23,2020,7,21,23,23,0,RAINY
1-1-1-23,2020,7,22,32,24,12,RAINY
1-1-1-23,2020,7,23,34,21,6,RAINY
1-1-1-23,2020,7,24,25,18,11,SUNNY
1-1-1-23,2020,7,25,-2,-4,6,SUNNY
1-1-1-23,2020,7,26,32,5,7,CLOUDY
1-1-1-23,2020,7,27,15,11,2,RAINY
1-1-1-23,2020,7,28,19,12,3,SUNNY
1-1-1-23,2020,8,1,38,29,12,CLOUDY
1-1-1-23,2020,8,2,38,6,7,CLOUDY
1-1-1-23,2020,8,3,18,10,7,CLOUDY
1-1-1-23,2020,8,4,11,7,3,SUNNY
1-1-1-23,2020,8,5,7,2,5,SNOWY
1-1-1-23,2020,8,6,29,11,3,CLOUDY
1-1-1-23,2020,8,7,28,28,6,SNOWY
1-1-1-23,2020,8,8,27,26,1,RAINY
1-1-1-23,2020,8,9,29,29,12,RAINY
1-1-1-23,2020,8,10,12,2,2,RAINY
1-1-1-23,2020,8,11,18,4,8,RAINY
1-1-1-23,2020,8,12,8,-6,4,RAINY
1-1-1-23,2020,8,13,38,19,12,RAINY
1-1-1-23,2020,8,14,11,-5,0,SUNNY
1-1-1-23,2020,8,15,48,48,7,SNOWY
1-1-1-23,2020,8,16,27,5,10,SNOWY
1-1-1-23,2020,8,17,19,18,5,RAINY
1-1-1-23,2020,8,18,48,42,5,SNOWY
1-1-1-23,2020,8,19,15,-2,6,SUNNY
1-1-1-23,2020,8,20,20,-6,10,SNOWY
1-1-1-23,2020,8,21,31,27,6,RAINY
1-1-1-23,2020,8,22,17,-9,5,CLOUDY
1-1-1-23,2020,8,23,31,8,3,CLOUDY
1-1-1-23,2020,8,24,44,21,7,SUNNY
1-1-1-23,2020,8,25,13,7,0,RAINY
1-1-1-23,2020,8,26,9,0,1,CLOUDY
1-1-1-23,2020,8,27,22,7,8,RAINY
1-1-1-23,2020,8,28,2,-10,9,CLOUDY
1-1-1-23,2020,9,1,42,16,10,RAINY
1-1-1-23,2020,9,2,30,19,1,CLOUDY
1-1-1-23,2020,9,3,5,5,9,SNOWY
1-1-1-23,2020,9,4,34,-3,12,RAINY
1-1-1-23,2020,9,5,1,1,3,RAINY
1-1-1-23,2020,9,6,49,6,7,SUNNY
1-1-1-23,2020,9,7,12,8,0,RAINY
1-1-1-23,2020,9,8,2,0,6,CLOUDY
1-1-1-23,2020,9,9,-9,-10,11,RAINY
1-1-1-23,2020,9,10,25,-3,7,RAINY
1-1-1-23,2020,9,11,-5,-8,1,SNOWY
1-1-1-23,2020,9,12,47,25,9,CLOUDY
1-1-1-23,2020,9,13,41,-5,11,RAINY
1-1-1-23,2020,9,14,1,-2,11,SUNNY
1-1-1-23,2020,9,15,28,0,2,SUNNY
1-1-1-23,2020,9,16,-4,-9,0,SNOWY
1-1-1-23,2020,9,17,36,-9,7,RAINY
1-1-1-23,2020,9,18,49,9,11,CLOUDY
1-1-1-23,2020,9,19,23,10,5,CLOUDY
1-1-1-23,2020,9,20,36,6,9,RAINY
1-1-1-23,2020,9,21,3,-5,6,RAINY
1-1-1-23,2020,9,22,10,-4,3,CLOUDY
1-1-1-23,2020,9,23,28,22,8,SNOWY
1-1-1-23,2020,9,24,1,-7,3,SUNNY
1-1-1-23,2020,9,25,-9,-10,5,SNOWY
1-1-1-23,2020,9,26,25,7,5,SNOWY
1-1-1-23,2020,9,27,6,2,8,SUNNY
1-1-1-23,2020,9,28,27,24,3,CLOUDY
1-1-1-23,2020,10,1,7,-9,7,SUNNY
1-1-1-23,2020,10,2,19,8,3,SUNNY
1-1-1-23,2020,10,3,27,23,11,SUNNY
1-1-1-23,2020,10,4,45,-9,11,SUNNY
1-1-1-23,2020,10,5,24,10,11,SNOWY
1-1-1-23,2020,10,6,46,-9,5,SUNNY
1-1-1-23,2020,10,7,45,6,0,CLOUDY
1-1-1-23,2020,10,8,48,44,8,SNOWY
1-1-1-23,2020,10,9,6,0,2,CLOUDY
1-1-1-23,2020,10,10,33,24,7,SUNNY
1-1-1-23,2020,10,11,9,0,5,SUNNY
1-1-1-23,2020,10,12,33,11,4,RAINY
1-1-1-23,2020,10,13,-7,-10,12,CLOUDY
1-1-1-23,2020,10,14,50,-9,1,RAINY
1-1-1-23,2020,10,15,8,1,8,SUNNY
1-1-1-23,2020,10,16,40,-9,8,SNOWY
1-1-1-23,2020,10,17,48,8,10,CLOUDY
1-1-1-23,2020,10,18,30,7,10,SNOWY
1-1-1-23,2020,10,19,26,18,5,CLOUDY
1-1-1-23,2020,10,20,8,1,8,CLOUDY
1-1-1-23,2020,10,21,19,0,12,CLOUDY
1-1-1-23,2020,10,22,4,-10,10,SNOWY
1-1-1-23,2020,10,23,-8,-9,9,SUNNY
1-1-1-23,2020,10,24,9,1,10,SUNNY
1-1-1-23,2020,10,25,39,31,5,RAINY
1-1-1-23,2020,10,26,16,-1,10,SUNNY
1-1-1-23,2020,10,27,46,-7,10,RAINY
1-1-1-23,2020,10,28,-1,-6,9,SUNNY
1-1-1-23,2020,11,1,-2,-5,11,RAINY
1-1-1-23,2020,11,2,34,-7,0,RAINY
1-1-1-23,2020,11,3,-9,-10,5,RAINY
1-1-1-23,2020,11,4,43,37,0,SUNNY
1-1-1-23,2020,11,5,1,-4,1,RAINY
1-1-1-23,2020,11,6,-1,-9,7,SNOWY
1-1-1-23,2020,11,7,27,20,11,SUNNY
1-1-1-23,2020,11,8,-9,-10,6,RAINY
1-1-1-23,2020,11,9,18,4,2,SUNNY
1-1-1-23,2020,11,10,41,29,1,SUNNY
1-1-1-23,2020,11,11,34,25,2,SNOWY
1-1-1-23,2020,11,12,23,-3,3,CLOUDY
1-1-1-23,2020,11,13,16,-4,9,SNOWY
1-1-1-23,2020,11,14,3,-3,2,RAINY
1-1-1-23,2020,11,15,22,7,1,CLOUDY
1-1-1-23,2020,11,16,2,-10,1,CLOUDY
1-1-1-23,2020,11,17,42,22,11,SUNNY
1-1-1-23,2020,11,18,24,19,1,SNOWY
1-1-1-23,2020,11,19,45,35,7,RAINY
1-1-1-23,2020,11,20,4,0,8,SUNNY
1-1-1-23,2020,11,21,20,1,6,CLOUDY
1-1-1-23,2020,11,22,22,7,0,SUNNY
1-1-1-23,2020,11,23,2,-9,11,CLOUDY
1-1-1-23,2020,11,24,18,-4,8,CLOUDY
1-1-1-23,2020,11,25,-5,-9,2,SNOWY
1-1-1-23,2020,11,26,2,-1,7,RAINY
1-1-1-23,2020,11,27,-2,-8,8,SNOWY
1-1-1-23,2020,11,28,48,-5,6,CLOUDY
1-1-1-23,2020,12,1,45,-1,10,CLOUDY
1-1-1-23,2020,12,2,-5,-9,8,SUNNY
1-1-1-23,2020,12,3,-3,-10,10,CLOUDY
1-1-1-23,2020,12,4,30,25,11,RAINY
1-1-1-23,2020,12,5,37,4,5,SNOWY
1-1-1-23,2020,12,6,27,15,3,SNOWY
1-1-1-23,2020,12,7,43,8,6,SUNNY
1-1-1-23,2020,12,8,30,14,6,SUNNY
1-1-1-23,2020,12,9,-10,-10,7,RAINY
1-1-1-23,2020,12,10,24,18,0,SNOWY
1-1-1-23,2020,12,11,0,0,12,RAINY
1-1-1-23,2020,12,12,23,-8,12,RAINY
1-1-1-23,2020,12,13,-9,-10,10,RAINY
1-1-1-23,2020,12,14,-5,-8,10,CLOUDY
1-1-1-23,2020,12,15,18,10,0,SUNNY
1-1-1-23,2020,12,16,47,8,8,CLOUDY
1-1-1-23,2020,12,17,-9,-10,3,RAINY
1-1-1-23,2020,12,18,32,24,9,SNOWY
1-1-1-23,2020,12,19,33,-5,12,RAINY
1-1-1-23,2020,12,20,4,-2,3,SUNNY
1-1-1-23,2020,12,21,33,-6,2,SUNNY
1-1-1-23,2020,12,22,21,-1,5,SUNNY
1-1-1-23,2020,12,23,44,-2,1,CLOUDY
1-1-1-23,2020,12,24,2,0,10,CLOUDY
1-1-1-23,2020,12,25,39,11,9,CLOUDY
1-1-1-23,2020,12,26,25,23,6,SUNNY
1-1-1-23,2020,12,27,-6,-10,11,RAINY
1-1-1-23,2020,12,28,6,2,9,SUNNY
1-1-1-24,2020,1,1,13,9,8,RAINY
1-1-1-24,2020,1,2,3,-5,10,RAINY
1-1-1-24,2020,1,3,6,-10,6,SUNNY
1-1-1-24,2020,1,4,49,12,7,SUNNY
1-1-1-24,2020,1,5,-10,-10,12,RAINY
1-1-1-24,2020,1,6,25,-5,9,RAINY
1-1-1-24,2020,1,7,-8,-9,8,SNOWY
1-1-1-24,2020,1,8,-8,-10,6,RAINY
1-1-1-24,2020,1,9,44,27,4,RAINY
1-1-1-24,2020,1,10,37,37,3,CLOUDY
1-1-1-24,2020,1,11,2,-6,12,RAINY
1-1-1-24,2020,1,12,24,15,11,SUNNY
1-1-1-24,2020,1,13,2,-8,12,SUNNY
1-1-1-24,2020,1,14,1,-9,9,CLOUDY
1-1-1-24,2020,1,15,-3,-9,9,RAINY
1-1-1-24,2020,1,16,-6,-9,7,RAINY
1-1-1-24,2020,1,17,25,16,9,RAINY
1-1-1-24,2020,1,18,47,44,6,CLOUDY
1-1-1-24,2020,1,19,25,-4,4,SUNNY
1-1-1-24,2020,1,20,45,24,8,CLOUDY
1-1-1-24,2020,1,21,41,6,12,SUNNY
1-1-1-24,2020,1,22,18,17,5,RAINY
1-1-1-24,2020,1,23,40,23,3,SNOWY
1-1-1-24,2020,1,24,37,35,2,SUNNY
1-1-1-24,2020,1,25,18,-7,11,SNOWY
1-1-1-24,2020,1,26,31,4,12,CLOUDY
1-1-1-24,2020,1,27,28,-9,8,SNOWY
1-1-1-24,2020,1,28,-10,-10,6,RAINY
1-1-1-24,2020,2,1,41,3,5,SUNNY
1-1-1-24,2020,2,2,32,15,1,SNOWY
1-1-1-24,2020,2,3,8,5,6,SNOWY
1-1-1-24,2020,2,4,27,7,6,SUNNY
1-1-1-24,2020,2,5,24,8,2,RAINY
1-1-1-24,2020,2,6,-5,-8,2,CLOUDY
1-1-1-24,2020,2,7,29,-7,10,SUNNY
1-1-1-24,2020,2,8,38,5,2,SNOWY
1-1-1-24,2020,2,9,-1,-9,0,RAINY
1-1-1-24,2020,2,10,16,-2,12,SNOWY
1-1-1-24,2020,2,11,-6,-7,2,SNOWY
1-1-1-24,2020,2,12,22,5,10,CLOUDY
1-1-1-24,2020,2,13,20,-6,10,CLOUDY
1-1-1-24,2020,2,14,-2,-3,12,CLOUDY
1-1-1-24,2020,2,15,-6,-8,10,SNOWY
1-1-1-24,2020,2,16,-1,-8,12,SUNNY
1-1-1-24,2020,2,17,42,35,9,SNOWY
1-1-1-24,2020,2,18,-5,-6,12,SUNNY
1-1-1-24,2020,2,19,3,1,10,SUNNY
1-1-1-24,2020,2,20,49,0,5,RAINY
1-1-1-24,2020,2,21,11,11,9,SUNNY
1-1-1-24,2020,2,22,27,-9,0,SUNNY
1-1-1-24,2020,2,23,14,11,1,RAINY
1-1-1-24,2020,2,24,16,9,6,SNOWY
1-1-1-24,2020,2,25,26,8,10,CLOUDY
1-1-1-24,2020,2,26,-1,-4,5,CLOUDY
1-1-1-24,2020,2,27,41,32,3,SNOWY
1-1-1-24,2020,2,28,27,-1,3,CLOUDY
1-1-1-24,2020,3,1,26,5,4,SNOWY
1-1-1-24,2020,3,2,11,-1,6,SUNNY
1-1-1-24,2020,3,3,35,-9,0,CLOUDY
1-1-1-24,2020,3,4,35,9,10,SNOWY
1-1-1-24,2020,3,5,6,-8,6,CLOUDY
1-1-1-24,2020,3,6,-2,-6,12,CLOUDY
1-1-1-24,2020,3,7,9,4,4,RAINY
1-1-1-24,2020,3,8,1,-7,6,RAINY
1-1-1-24,2020,3,9,5,-7,12,SNOWY
1-1-1-24,2020,3,10,-6,-9,9,RAINY
1-1-1-24,2020,3,11,41,12,11,SUNNY
1-1-1-24,2020,3,12,42,-10,3,RAINY
1-1-1-24,2020,3,13,29,12,12,SNOWY
1-1-1-24,2020,3,14,37,-7,3,SUNNY
1-1-1-24,2020,3,15,42,31,8,SNOWY
1-1-1-24,2020,3,16,48,14,3,SUNNY
1-1-1-24,2020,3,17,47,34,12,CLOUDY
1-1-1-24,2020,3,18,4,2,12,CLOUDY
1-1-1-24,2020,3,19,15,2,1,CLOUDY
1-1-1-24,2020,3,20,31,8,3,SUNNY
1-1-1-24,2020,3,21,41,21,2,SNOWY
1-1-1-24,2020,3,22,48,15,2,SUNNY
1-1-1-24,2020,3,23,-2,-7,3,RAINY
1-1-1-24,2020,3,24,35,13,10,CLOUDY
1-1-1-24,2020,3,25,6,-9,10,SNOWY
1-1-1-24,2020,3,26,38,-7,6,SNOWY
1-1-1-24,2020,3,27,40,32,8,RAINY
1-1-1-24,2020,3,28,39,-6,3,CLOUDY
1-1-1-24,2020,4,1,10,8,4,RAINY
1-1-1-24,2020,4,2,30,1,10,SUNNY
1-1-1-24,2020,4,3,32,7,9,SNOWY
1-1-1-24,2020,4,4,0,-1,11,CLOUDY
1-1-1-24,2020,4,5,13,11,10,CLOUDY
1-1-1-24,2020,4,6,10,0,12,SUNNY
1-1-1-24,2020,4,7,24,14,0,CLOUDY
1-1-1-24,2020,4,8,14,-9,3,CLOUDY
1-1-1-24,2020,4,9,5,-9,0,SNOWY
1-1-1-24,2020,4,10,48,19,9,SNOWY
1-1-1-24,2020,4,11,44,8,10,SNOWY
1-1-1-24,2020,4,12,26,5,1,SUNNY
1-1-1-24,2020,4,13,-4,-5,2,RAINY
1-1-1-24,2020,4,14,11,-4,5,SNOWY
1-1-1-24,2020,4,15,49,42,5,RAINY
1-1-1-24,2020,4,16,16,13,8,RAINY
1-1-1-24,2020,4,17,22,-3,1,SUNNY
1-1-1-24,2020,4,18,14,9,2,CLOUDY
1-1-1-24,2020,4,19,14,-4,8,SUNNY
1-1-1-24,2020,4,20,34,3,9,SUNNY
1-1-1-24,2020,4,21,-10,-10,1,SNOWY
1-1-1-24,2020,4,22,32,16,12,CLOUDY
1-1-1-24,2020,4,23,2,-9,7,SNOWY
1-1-1-24,2020,4,24,48,48,1,SNOWY
1-1-1-24,2020,4,25,34,-7,10,RAINY
1-1-1-24,2020,4,26,26,21,9,CLOUDY
1-1-1-24,2020,4,27,36,-2,5,SUNNY
1-1-1-24,2020,4,28,12,-8,10,SNOWY
1-1-1-24,2020,5,1,-4,-7,10,SNOWY
1-1-1-24,2020,5,2,3,-2,6,RAINY
1-1-1-24,2020,5,3,20,11,12,RAINY
1-1-1-24,2020,5,4,23,-9,6,SUNNY
1-1-1-24,2020,5,5,14,11,1,SNOWY
1-1-1-24,2020,5,6,40,30,11,SNOWY
1-1-1-24,2020,5,7,1,-6,6,RAINY
1-1-1-24,2020,5,8,8,7,5,SUNNY
1-1-1-24,2020,5,9,38,6,7,CLOUDY
1-1-1-24,2020,5,10,17,-8,11,CLOUDY
1-1-1-24,2020,5,11,21,-7,7,RAINY
1-1-1-24,2020,5,12,43,3,3,SUNNY
1-1-1-24,2020,5,13,24,0,6,CLOUDY
1-1-1-24,2020,5,14,31,18,10,CLOUDY
1-1-1-24,2020,5,15,14,-8,11,SNOWY
1-1-1-24,2020,5,16,-4,-7,6,RAINY
1-1-1-24,2020,5,17,42,30,4,RAINY
1-1-1-24,2020,5,18,8,-4,8,CLOUDY
1-1-1-24,2020,5,19,10,3,3,SNOWY
1-1-1-24,2020,5,20,2,-6,11,RAINY
1-1-1-24,2020,5,21,-3,-5,10,RAINY
1-1-1-24,2020,5,22,19,-5,10,CLOUDY
1-1-1-24,2020,5,23,41,-5,0,CLOUDY
1-1-1-24,2020,5,24,-10,-10,4,RAINY
1-1-1-24,2020,5,25,34,0,11,RAINY
1-1-1-24,2020,5,26,38,7,0,CLOUDY
1-1-1-24,2020,5,27,2,-9,0,CLOUDY
1-1-1-24,2020,5,28,40,-5,0,SUNNY
1-1-1-24,2020,6,1,22,9,4,RAINY
1-1-1-24,2020,6,2,49,10,3,RAINY
1-1-1-24,2020,6,3,46,31,11,SNOWY
1-1-1-24,2020,6,4,32,25,10,RAINY
1-1-1-24,2020,6,5,35,21,11,RAINY
1-1-1-24,2020,6,6,5,2,7,SUNNY
1-1-1-24,2020,6,7,43,40,0,RAINY
1-1-1-24,2020,6,8,18,13,10,RAINY
1-1-1-24,2020,6,9,0,0,3,RAINY
1-1-1-24,2020,6,10,-4,-7,6,SUNNY
1-1-1-24,2020,6,11,8,-7,6,SUNNY
1-1-1-24,2020,6,12,40,0,8,CLOUDY
1-1-1-24,2020,6,13,7,3,0,SNOWY
1-1-1-24,2020,6,14,14,13,2,SNOWY
1-1-1-24,2020,6,15,-1,-6,8,SNOWY
1-1-1-24,2020,6,16,44,25,8,SNOWY
1-1-1-24,2020,6,17,2,-6,1,RAINY
1-1-1-24,2020,6,18,32,8,1,CLOUDY
1-1-1-24,2020,6,19,33,-10,12,SUNNY
1-1-1-24,2020,6,20,12,0,3,SNOWY
1-1-1-24,2020,6,21,14,6,1,CLOUDY
1-1-1-24,2020,6,22,-10,-10,6,CLOUDY
1-1-1-24,2020,6,23,26,16,7,SNOWY
1-1-1-24,2020,6,24,29,12,6,SNOWY
1-1-1-24,2020,6,25,44,19,11,CLOUDY
1-1-1-24,2020,6,26,13,1,2,CLOUDY
1-1-1-24,2020,6,27,20,6,12,RAINY
1-1-1-24,2020,6,28,22,-7,4,CLOUDY
1-1-1-24,2020,7,1,15,13,2,CLOUDY
1-1-1-24,2020,7,2,-7,-9,3,SUNNY
1-1-1-24,2020,7,3,9,8,9,CLOUDY
1-1-1-24,2020,7,4,43,27,4,CLOUDY
1-1-1-24,2020,7,5,-6,-8,11,SUNNY
1-1-1-24,2020,7,6,50,30,3,RAINY
1-1-1-24,2020,7,7,50,18,0,SUNNY
1-1-1-24,2020,7,8,36,29,12,SUNNY
1-1-1-24,2020,7,9,23,13,3,SUNNY
1-1-1-24,2020,7,10,13,2,2,RAINY
1-1-1-24,2020,7,11,13,-6,3,CLOUDY
1-1-1-24,2020,7,12,20,20,4,SUNNY
1-1-1-24,2020,7,13,6,3,4,RAINY
1-1-1-24,2020,7,14,-8,-10,8,CLOUDY
1-1-1-24,2020,7,15,11,-3,12,CLOUDY
1-1-1-24,2020,7,16,0,0,5,SNOWY
1-1-1-24,2020,7,17,13,-5,1,SNOWY
1-1-1-24,2020,7,18,5,-2,5,CLOUDY
1-1-1-24,2020,7,19,31,31,5,RAINY
1-1-1-24,2020,7,20,43,37,11,RAINY
1-1-1-24,2020,7,21,39,25,6,SNOWY
1-1-1-24,2020,7,22,10,-5,3,CLOUDY
1-1-1-24,2020,7,23,23,20,5,RAINY
1-1-1-24,2020,7,24,36,25,0,CLOUDY
1-1-1-24,2020,7,25,1,-7,0,SUNNY
1-1-1-24,2020,7,26,50,-8,5,CLOUDY
1-1-1-24,2020,7,27,45,11,7,SNOWY
1-1-1-24,2020,7,28,-5,-7,6,RAINY
1-1-1-24,2020,8,1,49,7,9,RAINY
1-1-1-24,2020,8,2,9,2,11,SNOWY
1-1-1-24,2020,8,3,14,4,1,CLOUDY
1-1-1-24,2020,8,4,-6,-7,1,RAINY
1-1-1-24,2020,8,5,-5,-9,6,RAINY
1-1-1-24,2020,8,6,10,-1,9,RAINY
1-1-1-24,2020,8,7,21,21,5,CLOUDY
1-1-1-24,2020,8,8,-7,-8,10,RAINY
1-1-1-24,2020,8,9,29,-9,3,CLOUDY
1-1-1-24,2020,8,10,14,-9,10,SNOWY
1-1-1-24,2020,8,11,15,-4,11,CLOUDY
1-1-1-24,2020,8,12,4,-6,6,SNOWY
1-1-1-24,2020,8,13,29,13,5,SUNNY
1-1-1-24,2020,8,14,35,3,7,RAINY
1-1-1-24,2020,8,15,9,-2,1,SNOWY
1-1-1-24,2020,8,16,34,33,9,SUNNY
1-1-1-24,2020,8,17,28,6,12,SNOWY
1-1-1-24,2020,8,18,-7,-9,5,SUNNY
1-1-1-24,2020,8,19,28,-2,9,SUNNY
1-1-1-24,2020,8,20,32,2,5,RAINY
1-1-1-24,2020,8,21,-8,-9,9,SUNNY
1-1-1-24,2020,8,22,17,-5,12,CLOUDY
1-1-1-24,2020,8,23,21,1,9,RAINY
1-1-1-24,2020,8,24,27,11,3,SUNNY
1-1-1-24,2020,8,25,2,-9,5,CLOUDY
1-1-1-24,2020,8,26,18,10,3,RAINY
1-1-1-24,2020,8,27,14,-8,7,RAINY
1-1-1-24,2020,8,28,-8,-9,10,SUNNY
1-1-1-24,2020,9,1,1,-1,0,SNOWY
1-1-1-24,2020,9,2,12,2,6,RAINY
1-1-1-24,2020,9,3,7,-1,5,SNOWY
1-1-1-24,2020,9,4,-9,-10,12,SNOWY
1-1-1-24,2020,9,5,22,18,5,CLOUDY
1-1-1-24,2020,9,6,5,-5,11,SUNNY
1-1-1-24,2020,9,7,36,-7,3,SNOWY
1-1-1-24,2020,9,8,17,2,11,RAINY
1-1-1-24,2020,9,9,6,6,7,SUNNY
1-1-1-24,2020,9,10,8,-3,0,SNOWY
1-1-1-24,2020,9,11,14,-4,2,RAINY
1-1-1-24,2020,9,12,-7,-8,9,SUNNY
1-1-1-24,2020,9,13,25,-3,11,CLOUDY
1-1-1-24,2020,9,14,-7,-9,12,RAINY
1-1-1-24,2020,9,15,-5,-9,6,RAINY
1-1-1-24,2020,9,16,11,1,7,RAINY
1-1-1-24,2020,9,17,48,2,9,SNOWY
1-1-1-24,2020,9,18,9,-3,12,SUNNY
1-1-1-24,2020,9,19,11,-4,0,SUNNY
1-1-1-24,2020,9,20,15,-7,1,SUNNY
1-1-1-24,2020,9,21,29,-8,12,CLOUDY
1-1-1-24,2020,9,22,48,20,7,CLOUDY
1-1-1-24,2020,9,23,-5,-8,0,CLOUDY
1-1-1-24,2020,9,24,-2,-7,10,SNOWY
1-1-1-24,2020,9,25,14,14,7,SUNNY
1-1-1-24,2020,9,26,-6,-7,10,SUNNY
1-1-1-24,2020,9,27,13,-1,3,SUNNY
1-1-1-24,2020,9,28,-9,-10,1,SUNNY
1-1-1-24,2020,10,1,46,7,11,SUNNY
1-1-1-24,2020,10,2,5,2,5,CLOUDY
1-1-1-24,2020,10,3,0,-3,6,SUNNY
1-1-1-24,2020,10,4,17,-2,6,SUNNY
1-1-1-24,2020,10,5,16,-10,3,SUNNY
1-1-1-24,2020,10,6,11,-4,5,SNOWY
1-1-1-24,2020,10,7,-4,-5,1,CLOUDY
1-1-1-24,2020,10,8,6,-5,4,CLOUDY
1-1-1-24,2020,10,9,4,-4,2,RAINY
1-1-1-24,2020,10,10,18,12,3,SUNNY
1-1-1-24,2020,10,11,39,35,8,SUNNY
1-1-1-24,2020,10,12,4,-7,3,SNOWY
1-1-1-24,2020,10,13,40,11,1,CLOUDY
1-1-1-24,2020,10,14,35,11,1,CLOUDY
1-1-1-24,2020,10,15,7,-1,7,SNOWY
1-1-1-24,2020,10,16,6,-7,4,CLOUDY
1-1-1-24,2020,10,17,-10,-10,4,RAINY
1-1-1-24,2020,10,18,-7,-10,9,RAINY
1-1-1-24,2020,10,19,31,8,1,SUNNY
1-1-1-24,2020,10,20,41,27,3,SUNNY
1-1-1-24,2020,10,21,-8,-10,9,RAINY
1-1-1-24,2020,10,22,-2,-6,7,RAINY
1-1-1-24,2020,10,23,-8,-9,5,RAINY
1-1-1-24,2020,10,24,9,5,9,SNOWY
1-1-1-24,2020,10,25,23,-3,11,SUNNY
1-1-1-24,2020,10,26,12,8,5,RAINY
1-1-1-24,2020,10,27,-10,-10,3,SUNNY
1-1-1-24,2020,10,28,9,-3,10,RAINY
1-1-1-24,2020,11,1,16,0,9,RAINY
1-1-1-24,2020,11,2,-9,-10,4,SUNNY
1-1-1-24,2020,11,3,27,-2,6,SNOWY
1-1-1-24,2020,11,4,25,23,5,SNOWY
1-1-1-24,2020,11,5,30,22,8,RAINY
1-1-1-24,2020,11,6,-6,-8,12,SUNNY
1-1-1-24,2020,11,7,13,-1,0,RAINY
1-1-1-24,2020,11,8,0,-8,1,SUNNY
1-1-1-24,2020,11,9,21,-4,3,CLOUDY
1-1-1-24,2020,11,10,22,3,1,RAINY
1-1-1-24,2020,11,11,25,23,3,CLOUDY
1-1-1-24,2020,11,12,26,12,8,SNOWY
1-1-1-24,2020,11,13,29,2,5,SUNNY
1-1-1-24,2020,11,14,-10,-10,4,RAINY
1-1-1-24,2020,11,15,38,31,4,RAINY
1-1-1-24,2020,11,16,35,13,4,SUNNY
1-1-1-24,2020,11,17,-6,-10,11,RAINY
1-1-1-24,2020,11,18,5,5,9,SNOWY
1-1-1-24,2020,11,19,6,6,7,CLOUDY
1-1-1-24,2020,11,20,29,11,11,SUNNY
1-1-1-24,2020,11,21,2,1,1,CLOUDY
1-1-1-24,2020,11,22,1,-7,3,SNOWY
1-1-1-24,2020,11,23,8,-5,12,SUNNY
1-1-1-24,2020,11,24,-4,-10,10,RAINY
1-1-1-24,2020,11,25,-6,-7,1,RAINY
1-1-1-24,2020,11,26,36,34,5,SUNNY
1-1-1-24,2020,11,27,41,-3,6,RAINY
1-1-1-24,2020,11,28,6,0,7,CLOUDY
1-1-1-24,2020,12,1,42,14,5,CLOUDY
1-1-1-24,2020,12,2,6,3,7,RAINY
1-1-1-24,2020,12,3,6,0,9,RAINY
1-1-1-24,2020,12,4,23,2,1,SUNNY
1-1-1-24,2020,12,5,-6,-8,1,SNOWY
1-1-1-24,2020,12,6,15,5,10,RAINY
1-1-1-24,2020,12,7,29,-6,7,CLOUDY
1-1-1-24,2020,12,8,7,-8,7,CLOUDY
1-1-1-24,2020,12,9,41,-10,9,SNOWY
1-1-1-24,2020,12,10,3,-10,4,CLOUDY
1-1-1-24,2020,12,11,-2,-3,9,RAINY
1-1-1-24,2020,12,12,28,9,6,CLOUDY
1-1-1-24,2020,12,13,17,-8,8,SNOWY
1-1-1-24,2020,12,14,34,6,8,RAINY
1-1-1-24,2020,12,15,9,9,9,CLOUDY
1-1-1-24,2020,12,16,-3,-7,10,CLOUDY
1-1-1-24,2020,12,17,11,-5,11,SUNNY
1-1-1-24,2020,12,18,24,-10,12,SNOWY
1-1-1-24,2020,12,19,37,21,7,RAINY
1-1-1-24,2020,12,20,12,8,6,RAINY
1-1-1-24,2020,12,21,44,37,1,SUNNY
1-1-1-24,2020,12,22,23,1,2,CLOUDY
1-1-1-24,2020,12,23,41,39,12,CLOUDY
1-1-1-24,2020,12,24,39,-4,5,CLOUDY
1-1-1-24,2020,12,25,35,26,10,SNOWY
1-1-1-24,2020,12,26,26,17,9,CLOUDY
1-1-1-24,2020,12,27,-7,-8,12,CLOUDY
1-1-1-24,2020,12,28,12,7,6,RAINY
1-1-1-25,2020,1,1,13,0,4,SNOWY
1-1-1-25,2020,1,2,23,21,11,SUNNY
1-1-1-25,2020,1,3,37,16,9,SNOWY
1-1-1-25,2020,1,4,36,29,2,SNOWY
1-1-1-25,2020,1,5,34,3,7,RAINY
1-1-1-25,2020,1,6,41,35,1,SNOWY
1-1-1-25,2020,1,7,50,46,7,RAINY
1-1-1-25,2020,1,8,-9,-10,3,SUNNY
1-1-1-25,2020,1,9,1,-3,5,SUNNY
1-1-1-25,2020,1,10,25,7,0,SNOWY
1-1-1-25,2020,1,11,50,46,11,SNOWY
1-1-1-25,2020,1,12,42,8,11,RAINY
1-1-1-25,2020,1,13,-8,-10,12,CLOUDY
1-1-1-25,2020,1,14,4,-6,1,SUNNY
1-1-1-25,2020,1,15,8,8,2,RAINY
1-1-1-25,2020,1,16,32,18,2,SUNNY
1-1-1-25,2020,1,17,-10,-10,7,SUNNY
1-1-1-25,2020,1,18,44,3,3,CLOUDY
1-1-1-25,2020,1,19,13,11,6,SUNNY
1-1-1-25,2020,1,20,14,-3,2,RAINY
1-1-1-25,2020,1,21,-5,-8,3,SUNNY
1-1-1-25,2020,1,22,14,7,5,RAINY
1-1-1-25,2020,1,23,35,1,0,SNOWY
1-1-1-25,2020,1,24,44,-1,2,SNOWY
1-1-1-25,2020,1,25,38,8,5,RAINY
1-1-1-25,2020,1,26,44,38,3,RAINY
1-1-1-25,2020,1,27,16,-1,6,SNOWY
1-1-1-25,2020,1,28,-10,-10,12,SUNNY
1-1-1-25,2020,2,1,13,13,10,RAINY
1-1-1-25,2020,2,2,10,-8,0,SUNNY
1-1-1-25,2020,2,3,17,7,11,RAINY
1-1-1-25,2020,2,4,14,-7,11,CLOUDY
1-1-1-25,2020,2,5,46,12,0,SNOWY
1-1-1-25,2020,2,6,48,22,5,SUNNY
1-1-1-25,2020,2,7,27,4,9,SUNNY
1-1-1-25,2020,2,8,4,-5,8,SNOWY
1-1-1-25,2020,2,9,9,2,4,CLOUDY
1-1-1-25,2020,2,10,27,-9,11,SUNNY
1-1-1-25,2020,2,11,-8,-9,11,SUNNY
1-1-1-25,2020,2,12,-5,-6,1,SUNNY
1-1-1-25,2020,2,13,40,20,1,SUNNY
1-1-1-25,2020,2,14,42,25,1,CLOUDY
1-1-1-25,2020,2,15,46,26,12,RAINY
1-1-1-25,2020,2,16,4,-8,4,SUNNY
1-1-1-25,2020,2,17,12,-6,3,SUNNY
1-1-1-25,2020,2,18,33,10,12,CLOUDY
1-1-1-25,2020,2,19,29,10,0,SNOWY
1-1-1-25,2020,2,20,47,45,1,SNOWY
1-1-1-25,2020,2,21,28,-7,4,CLOUDY
1-1-1-25,2020,2,22,50,12,10,SUNNY
1-1-1-25,2020,2,23,38,-10,5,SNOWY
1-1-1-25,2020,2,24,11,3,8,SNOWY
1-1-1-25,2020,2,25,25,21,4,CLOUDY
1-1-1-25,2020,2,26,49,46,4,RAINY
1-1-1-25,2020,2,27,33,23,12,SUNNY
1-1-1-25,2020,2,28,44,36,12,SUNNY
1-1-1-25,2020,3,1,3,-6,12,RAINY
1-1-1-25,2020,3,2,19,12,5,RAINY
1-1-1-25,2020,3,3,36,19,1,CLOUDY
1-1-1-25,2020,3,4,38,27,3,CLOUDY
1-1-1-25,2020,3,5,18,-10,5,CLOUDY
1-1-1-25,2020,3,6,1,1,7,SUNNY
1-1-1-25,2020,3,7,7,4,1,RAINY
1-1-1-25,2020,3,8,48,30,11,SNOWY
1-1-1-25,2020,3,9,6,3,7,SNOWY
1-1-1-25,2020,3,10,18,18,8,RAINY
1-1-1-25,2020,3,11,-6,-10,0,RAINY
1-1-1-25,2020,3,12,27,3,9,SUNNY
1-1-1-25,2020,3,13,1,-10,7,SNOWY
1-1-1-25,2020,3,14,19,-6,8,CLOUDY
1-1-1-25,2020,3,15,-7,-10,8,SNOWY
1-1-1-25,2020,3,16,20,13,11,CLOUDY
1-1-1-25,2020,3,17,41,38,6,RAINY
1-1-1-25,2020,3,18,22,21,7,CLOUDY
1-1-1-25,2020,3,19,35,21,10,SUNNY
1-1-1-25,2020,3,20,22,14,5,CLOUDY
1-1-1-25,2020,3,21,18,-5,9,CLOUDY
1-1-1-25,2020,3,22,-1,-4,1,SNOWY
1-1-1-25,2020,3,23,17,-5,11,SNOWY
1-1-1-25,2020,3,24,17,11,1,SNOWY
1-1-1-25,2020,3,25,1,-8,9,CLOUDY
1-1-1-25,2020,3,26,23,17,0,SNOWY
1-1-1-25,2020,3,27,42,19,10,SUNNY
1-1-1-25,2020,3,28,39,8,2,CLOUDY
1-1-1-25,2020,4,1,-3,-8,4,SUNNY
1-1-1-25,2020,4,2,48,45,5,SUNNY
1-1-1-25,2020,4,3,38,18,9,CLOUDY
1-1-1-25,2020,4,4,13,0,12,SNOWY
1-1-1-25,2020,4,5,33,22,12,SNOWY
1-1-1-25,2020,4,6,40,29,9,SUNNY
1-1-1-25,2020,4,7,11,6,5,SNOWY
1-1-1-25,2020,4,8,-6,-8,5,SUNNY
1-1-1-25,2020,4,9,25,24,5,SNOWY
1-1-1-25,2020,4,10,37,19,2,CLOUDY
1-1-1-25,2020,4,11,31,-9,0,RAINY
1-1-1-25,2020,4,12,21,-5,7,SNOWY
1-1-1-25,2020,4,13,27,-1,5,SNOWY
1-1-1-25,2020,4,14,12,-7,3,SUNNY
1-1-1-25,2020,4,15,49,42,12,RAINY
1-1-1-25,2020,4,16,27,17,3,SUNNY
1-1-1-25,2020,4,17,48,36,8,SNOWY
1-1-1-25,2020,4,18,44,31,12,SNOWY
1-1-1-25,2020,4,19,-4,-7,0,CLOUDY
1-1-1-25,2020,4,20,-7,-10,5,SUNNY
1-1-1-25,2020,4,21,-7,-10,2,SNOWY
1-1-1-25,2020,4,22,30,-5,0,SUNNY
1-1-1-25,2020,4,23,36,30,9,RAINY
1-1-1-25,2020,4,24,44,37,2,SUNNY
1-1-1-25,2020,4,25,-9,-10,8,SUNNY
1-1-1-25,2020,4,26,-2,-7,12,SUNNY
1-1-1-25,2020,4,27,32,31,9,CLOUDY
1-1-1-25,2020,4,28,12,-6,10,SNOWY
1-1-1-25,2020,5,1,22,15,11,SUNNY
1-1-1-25,2020,5,2,16,-5,9,SNOWY
1-1-1-25,2020,5,3,13,13,0,CLOUDY
1-1-1-25,2020,5,4,50,14,5,RAINY
1-1-1-25,2020,5,5,5,-5,12,CLOUDY
1-1-1-25,2020,5,6,16,13,9,CLOUDY
1-1-1-25,2020,5,7,37,37,4,SNOWY
1-1-1-25,2020,5,8,-3,-9,4,SUNNY
1-1-1-25,2020,5,9,36,28,6,SNOWY
1-1-1-25,2020,5,10,31,7,5,SNOWY
1-1-1-25,2020,5,11,20,-9,5,RAINY
1-1-1-25,2020,5,12,23,4,1,SNOWY
1-1-1-25,2020,5,13,-7,-8,10,CLOUDY
1-1-1-25,2020,5,14,27,-1,1,CLOUDY
1-1-1-25,2020,5,15,30,18,7,SNOWY
1-1-1-25,2020,5,16,34,34,3,SUNNY
1-1-1-25,2020,5,17,26,-9,3,SUNNY
1-1-1-25,2020,5,18,31,8,2,SNOWY
1-1-1-25,2020,5,19,38,18,0,CLOUDY
1-1-1-25,2020,5,20,20,19,10,CLOUDY
1-1-1-25,2020,5,21,6,-9,6,CLOUDY
1-1-1-25,2020,5,22,4,-4,8,CLOUDY
1-1-1-25,2020,5,23,38,35,0,RAINY
1-1-1-25,2020,5,24,-2,-6,2,CLOUDY
1-1-1-25,2020,5,25,13,7,8,CLOUDY
1-1-1-25,2020,5,26,27,-7,8,RAINY
1-1-1-25,2020,5,27,5,-7,8,SNOWY
1-1-1-25,2020,5,28,8,-9,1,SNOWY
1-1-1-25,2020,6,1,4,0,10,SUNNY
1-1-1-25,2020,6,2,2,-6,9,CLOUDY
1-1-1-25,2020,6,3,11,-6,6,SNOWY
1-1-1-25,2020,6,4,1,-7,8,RAINY
1-1-1-25,2020,6,5,35,1,6,SUNNY
1-1-1-25,2020,6,6,44,40,1,SUNNY
1-1-1-25,2020,6,7,22,18,12,CLOUDY
1-1-1-25,2020,6,8,49,3,5,CLOUDY
1-1-1-25,2020,6,9,18,18,4,CLOUDY
1-1-1-25,2020,6,10,47,5,11,SUNNY
1-1-1-25,2020,6,11,1,-6,6,CLOUDY
1-1-1-25,2020,6,12,-9,-10,11,RAINY
1-1-1-25,2020,6,13,-3,-7,7,SUNNY
1-1-1-25,2020,6,14,-2,-4,11,RAINY
1-1-1-25,2020,6,15,-5,-8,9,RAINY
1-1-1-25,2020,6,16,21,-2,8,CLOUDY
1-1-1-25,2020,6,17,34,28,11,CLOUDY
1-1-1-25,2020,6,18,24,-7,2,SUNNY
1-1-1-25,2020,6,19,9,-2,6,SUNNY
1-1-1-25,2020,6,20,-7,-9,12,SNOWY
1-1-1-25,2020,6,21,35,2,1,SUNNY
1-1-1-25,2020,6,22,6,2,11,SUNNY
1-1-1-25,2020,6,23,45,42,0,SUNNY
1-1-1-25,2020,6,24,12,6,4,RAINY
1-1-1-25,2020,6,25,32,26,2,RAINY
1-1-1-25,2020,6,26,29,13,12,SUNNY
1-1-1-25,2020,6,27,14,7,1,SNOWY
1-1-1-25,2020,6,28,-7,-9,10,SNOWY
1-1-1-25,2020,7,1,46,-9,6,RAINY
1-1-1-25,2020,7,2,30,2,12,SUNNY
1-1-1-25,2020,7,3,8,6,2,RAINY
1-1-1-25,2020,7,4,-1,-5,11,SUNNY
1-1-1-25,2020,7,5,30,-1,7,SUNNY
1-1-1-25,2020,7,6,14,-6,12,SUNNY
1-1-1-25,2020,7,7,6,-9,3,SNOWY
1-1-1-25,2020,7,8,14,-4,4,SUNNY
1-1-1-25,2020,7,9,21,7,3,CLOUDY
1-1-1-25,2020,7,10,-9,-10,1,SUNNY
1-1-1-25,2020,7,11,11,-6,11,SUNNY
1-1-1-25,2020,7,12,10,-10,10,SUNNY
1-1-1-25,2020,7,13,8,-1,8,SNOWY
1-1-1-25,2020,7,14,12,-2,7,SNOWY
1-1-1-25,2020,7,15,25,25,10,SUNNY
1-1-1-25,2020,7,16,13,-7,6,CLOUDY
1-1-1-25,2020,7,17,21,18,1,SUNNY
1-1-1-25,2020,7,18,10,10,3,RAINY
1-1-1-25,2020,7,19,46,-4,8,SNOWY
1-1-1-25,2020,7,20,22,13,7,SNOWY
1-1-1-25,2020,7,21,-8,-9,0,SUNNY
1-1-1-25,2020,7,22,43,31,5,SUNNY
1-1-1-25,2020,7,23,12,-8,5,SUNNY
1-1-1-25,2020,7,24,28,-8,8,RAINY
1-1-1-25,2020,7,25,36,36,2,SUNNY
1-1-1-25,2020,7,26,12,10,9,RAINY
1-1-1-25,2020,7,27,20,9,3,RAINY
1-1-1-25,2020,7,28,14,-2,0,CLOUDY
1-1-1-25,2020,8,1,22,13,4,SUNNY
1-1-1-25,2020,8,2,33,28,1,SUNNY
1-1-1-25,2020,8,3,32,31,2,CLOUDY
1-1-1-25,2020,8,4,31,16,0,SNOWY
1-1-1-25,2020,8,5,2,-7,9,SNOWY
1-1-1-25,2020,8,6,48,13,11,CLOUDY
1-1-1-25,2020,8,7,4,-1,2,SNOWY
1-1-1-25,2020,8,8,15,-3,7,CLOUDY
1-1-1-25,2020,8,9,39,23,10,SUNNY
1-1-1-25,2020,8,10,4,-1,11,RAINY
1-1-1-25,2020,8,11,5,-6,1,CLOUDY
1-1-1-25,2020,8,12,42,16,3,CLOUDY
1-1-1-25,2020,8,13,2,-3,4,SNOWY
1-1-1-25,2020,8,14,31,14,11,SUNNY
1-1-1-25,2020,8,15,33,11,6,SUNNY
1-1-1-25,2020,8,16,-2,-6,11,SNOWY
1-1-1-25,2020,8,17,-7,-8,11,CLOUDY
1-1-1-25,2020,8,18,19,-9,11,SUNNY
1-1-1-25,2020,8,19,44,7,6,RAINY
1-1-1-25,2020,8,20,16,-3,9,CLOUDY
1-1-1-25,2020,8,21,26,5,1,SNOWY
1-1-1-25,2020,8,22,36,30,1,RAINY
1-1-1-25,2020,8,23,9,-2,6,RAINY
1-1-1-25,2020,8,24,42,-7,5,CLOUDY
1-1-1-25,2020,8,25,20,7,5,CLOUDY
1-1-1-25,2020,8,26,2,-5,12,CLOUDY
1-1-1-25,2020,8,27,42,-2,0,RAINY
1-1-1-25,2020,8,28,28,24,7,CLOUDY
1-1-1-25,2020,9,1,22,-2,3,SUNNY
1-1-1-25,2020,9,2,-6,-7,7,SNOWY
1-1-1-25,2020,9,3,-10,-10,5,CLOUDY
1-1-1-25,2020,9,4,-1,-8,0,SNOWY
1-1-1-25,2020,9,5,13,-4,4,CLOUDY
1-1-1-25,2020,9,6,36,13,6,RAINY
1-1-1-25,2020,9,7,39,4,9,RAINY
1-1-1-25,2020,9,8,-7,-9,7,CLOUDY
1-1-1-25,2020,9,9,39,30,7,SUNNY
1-1-1-25,2020,9,10,4,-4,5,CLOUDY
1-1-1-25,2020,9,11,0,-4,8,SNOWY
1-1-1-25,2020,9,12,46,40,12,RAINY
1-1-1-25,2020,9,13,16,-9,9,SUNNY
1-1-1-25,2020,9,14,31,7,6,SUNNY
1-1-1-25,2020,9,15,32,32,7,RAINY
1-1-1-25,2020,9,16,5,-9,9,RAINY
1-1-1-25,2020,9,17,12,11,7,CLOUDY
1-1-1-25,2020,9,18,37,1,12,SNOWY
1-1-1-25,2020,9,19,8,-6,3,SUNNY
1-1-1-25,2020,9,20,18,-4,12,SUNNY
1-1-1-25,2020,9,21,-4,-8,12,SUNNY
1-1-1-25,2020,9,22,47,31,4,RAINY
1-1-1-25,2020,9,23,-5,-9,4,RAINY
1-1-1-25,2020,9,24,5,5,11,CLOUDY
1-1-1-25,2020,9,25,26,1,6,CLOUDY
1-1-1-25,2020,9,26,42,17,11,RAINY
1-1-1-25,2020,9,27,10,-2,6,SUNNY
1-1-1-25,2020,9,28,23,6,10,RAINY
1-1-1-25,2020,10,1,3,-6,3,SNOWY
1-1-1-25,2020,10,2,16,13,10,RAINY
1-1-1-25,2020,10,3,38,-4,0,SNOWY
1-1-1-25,2020,10,4,7,5,8,SNOWY
1-1-1-25,2020,10,5,16,6,8,SUNNY
1-1-1-25,2020,10,6,15,11,8,CLOUDY
1-1-1-25,2020,10,7,46,44,8,RAINY
1-1-1-25,2020,10,8,34,24,8,SNOWY
1-1-1-25,2020,10,9,30,22,8,SNOWY
1-1-1-25,2020,10,10,-2,-4,0,RAINY
1-1-1-25,2020,10,11,18,-10,7,SNOWY
1-1-1-25,2020,10,12,39,30,12,SNOWY
1-1-1-25,2020,10,13,2,-5,1,CLOUDY
1-1-1-25,2020,10,14,21,3,0,RAINY
1-1-1-25,2020,10,15,-7,-10,0,SNOWY
1-1-1-25,2020,10,16,3,3,10,SUNNY
1-1-1-25,2020,10,17,19,11,1,RAINY
1-1-1-25,2020,10,18,10,-7,9,CLOUDY
1-1-1-25,2020,10,19,-9,-10,1,SUNNY
1-1-1-25,2020,10,20,15,15,9,SNOWY
1-1-1-25,2020,10,21,19,13,2,CLOUDY
1-1-1-25,2020,10,22,10,0,10,SUNNY
1-1-1-25,2020,10,23,41,27,8,SNOWY
1-1-1-25,2020,10,24,30,-9,4,SUNNY
1-1-1-25,2020,10,25,18,16,4,CLOUDY
1-1-1-25,2020,10,26,3,-1,11,SUNNY
1-1-1-25,2020,10,27,7,3,9,RAINY
1-1-1-25,2020,10,28,-1,-10,6,SUNNY
1-1-1-25,2020,11,1,22,1,4,SUNNY
1-1-1-25,2020,11,2,31,23,11,SUNNY
1-1-1-25,2020,11,3,32,-8,7,CLOUDY
1-1-1-25,2020,11,4,33,3,10,SNOWY
1-1-1-25,2020,11,5,15,2,4,CLOUDY
1-1-1-25,2020,11,6,20,-9,6,SNOWY
1-1-1-25,2020,11,7,-1,-8,1,SNOWY
1-1-1-25,2020,11,8,-7,-8,11,SUNNY
1-1-1-25,2020,11,9,8,2,5,SUNNY
1-1-1-25,2020,11,10,8,-10,8,CLOUDY
1-1-1-25,2020,11,11,-10,-10,9,RAINY
1-1-1-25,2020,11,12,3,-1,10,SNOWY
1-1-1-25,2020,11,13,40,34,0,SNOWY
1-1-1-25,2020,11,14,44,21,9,SNOWY
1-1-1-25,2020,11,15,-5,-7,2,RAINY
1-1-1-25,2020,11,16,20,-2,10,CLOUDY
1-1-1-25,2020,11,17,39,1,11,CLOUDY
1-1-1-25,2020,11,18,10,-5,8,SNOWY
1-1-1-25,2020,11,19,-4,-8,9,RAINY
1-1-1-25,2020,11,20,34,30,5,SUNNY
1-1-1-25,2020,11,21,29,18,2,CLOUDY
1-1-1-25,2020,11,22,35,26,2,SUNNY
1-1-1-25,2020,11,23,33,21,11,RAINY
1-1-1-25,2020,11,24,21,-7,5,CLOUDY
1-1-1-25,2020,11,25,37,-10,4,SUNNY
1-1-1-25,2020,11,26,46,-7,1,SUNNY
1-1-1-25,2020,11,27,2,-2,3,SNOWY
1-1-1-25,2020,11,28,42,9,0,RAINY
1-1-1-25,2020,12,1,33,4,8,RAINY
1-1-1-25,2020,12,2,-9,-10,8,SUNNY
1-1-1-25,2020,12,3,10,-7,3,CLOUDY
1-1-1-25,2020,12,4,-5,-7,10,RAINY
1-1-1-25,2020,12,5,7,-6,2,RAINY
1-1-1-25,2020,12,6,4,1,12,RAINY
1-1-1-25,2020,12,7,16,3,3,SUNNY
1-1-1-25,2020,12,8,15,-2,10,SNOWY
1-1-1-25,2020,12,9,29,-10,12,RAINY
1-1-1-25,2020,12,10,-5,-10,12,SNOWY
1-1-1-25,2020,12,11,18,3,7,RAINY
1-1-1-25,2020,12,12,49,32,4,SUNNY
1-1-1-25,2020,12,13,50,37,5,CLOUDY
1-1-1-25,2020,12,14,29,-2,4,SNOWY
1-1-1-25,2020,12,15,5,-9,1,SUNNY
1-1-1-25,2020,12,16,33,24,2,CLOUDY
1-1-1-25,2020,12,17,-6,-10,0,RAINY
1-1-1-25,2020,12,18,-7,-8,5,CLOUDY
1-1-1-25,2020,12,19,-7,-8,3,SNOWY
1-1-1-25,2020,12,20,-7,-10,12,RAINY
1-1-1-25,2020,12,21,-4,-5,4,RAINY
1-1-1-25,2020,12,22,41,41,8,SUNNY
1-1-1-25,2020,12,23,37,8,11,CLOUDY
1-1-1-25,2020,12,24,-8,-10,4,CLOUDY
1-1-1-25,2020,12,25,25,0,9,CLOUDY
1-1-1-25,2020,12,26,24,17,1,SUNNY
1-1-1-25,2020,12,27,15,12,6,SNOWY
1-1-1-25,2020,12,28,13,2,4,SUNNY
1-1-1-26,2020,1,1,2,-10,3,SUNNY
1-1-1-26,2020,1,2,-9,-10,8,SUNNY
1-1-1-26,2020,1,3,5,-9,0,RAINY
1-1-1-26,2020,1,4,48,22,9,CLOUDY
1-1-1-26,2020,1,5,-4,-7,9,RAINY
1-1-1-26,2020,1,6,41,30,6,SNOWY
1-1-1-26,2020,1,7,19,8,8,SNOWY
1-1-1-26,2020,1,8,19,-5,8,SNOWY
1-1-1-26,2020,1,9,-7,-10,7,CLOUDY
1-1-1-26,2020,1,10,-2,-10,10,SNOWY
1-1-1-26,2020,1,11,17,8,6,RAINY
1-1-1-26,2020,1,12,10,-3,6,CLOUDY
1-1-1-26,2020,1,13,3,-10,7,SNOWY
1-1-1-26,2020,1,14,31,-3,10,SUNNY
1-1-1-26,2020,1,15,28,9,6,RAINY
1-1-1-26,2020,1,16,23,7,9,SUNNY
1-1-1-26,2020,1,17,7,4,9,SNOWY
1-1-1-26,2020,1,18,46,15,5,RAINY
1-1-1-26,2020,1,19,19,19,11,SNOWY
1-1-1-26,2020,1,20,-4,-6,6,RAINY
1-1-1-26,2020,1,21,-1,-3,5,RAINY
1-1-1-26,2020,1,22,23,10,1,RAINY
1-1-1-26,2020,1,23,12,5,4,RAINY
1-1-1-26,2020,1,24,34,-8,11,CLOUDY
1-1-1-26,2020,1,25,13,-8,10,SNOWY
1-1-1-26,2020,1,26,40,7,6,RAINY
1-1-1-26,2020,1,27,9,6,7,RAINY
1-1-1-26,2020,1,28,13,-6,2,SNOWY
1-1-1-26,2020,2,1,8,-8,3,SUNNY
1-1-1-26,2020,2,2,39,19,5,RAINY
1-1-1-26,2020,2,3,19,-7,6,RAINY
1-1-1-26,2020,2,4,14,-6,7,RAINY
1-1-1-26,2020,2,5,40,16,6,SUNNY
1-1-1-26,2020,2,6,5,-8,7,SNOWY
1-1-1-26,2020,2,7,19,10,4,RAINY
1-1-1-26,2020,2,8,18,-6,11,CLOUDY
1-1-1-26,2020,2,9,24,14,3,CLOUDY
1-1-1-26,2020,2,10,8,-4,9,RAINY
1-1-1-26,2020,2,11,31,31,4,SNOWY
1-1-1-26,2020,2,12,48,-6,8,SUNNY
1-1-1-26,2020,2,13,7,-7,8,CLOUDY
1-1-1-26,2020,2,14,1,-1,10,CLOUDY
1-1-1-26,2020,2,15,-2,-3,4,CLOUDY
1-1-1-26,2020,2,16,-2,-5,5,SNOWY
1-1-1-26,2020,2,17,35,-2,7,SNOWY
1-1-1-26,2020,2,18,19,16,10,CLOUDY
1-1-1-26,2020,2,19,48,26,1,RAINY
1-1-1-26,2020,2,20,16,15,10,SUNNY
1-1-1-26,2020,2,21,-8,-9,10,CLOUDY
1-1-1-26,2020,2,22,37,20,10,CLOUDY
1-1-1-26,2020,2,23,26,14,9,RAINY
1-1-1-26,2020,2,24,10,-4,2,SNOWY
1-1-1-26,2020,2,25,26,2,7,RAINY
1-1-1-26,2020,2,26,21,8,7,SUNNY
1-1-1-26,2020,2,27,-10,-10,11,SNOWY
1-1-1-26,2020,2,28,35,-2,7,SNOWY
1-1-1-26,2020,3,1,44,0,1,RAINY
1-1-1-26,2020,3,2,48,26,0,SUNNY
1-1-1-26,2020,3,3,50,7,6,CLOUDY
1-1-1-26,2020,3,4,2,-2,2,RAINY
1-1-1-26,2020,3,5,27,-5,4,SNOWY
1-1-1-26,2020,3,6,-3,-10,11,CLOUDY
1-1-1-26,2020,3,7,45,19,7,SUNNY
1-1-1-26,2020,3,8,-6,-10,12,SUNNY
1-1-1-26,2020,3,9,-2,-6,6,SNOWY
1-1-1-26,2020,3,10,30,25,11,RAINY
1-1-1-26,2020,3,11,0,-1,2,CLOUDY
1-1-1-26,2020,3,12,34,20,10,SNOWY
1-1-1-26,2020,3,13,5,-4,4,SNOWY
1-1-1-26,2020,3,14,21,6,8,RAINY
1-1-1-26,2020,3,15,6,-8,8,SNOWY
1-1-1-26,2020,3,16,4,-9,4,CLOUDY
1-1-1-26,2020,3,17,2,-6,4,CLOUDY
1-1-1-26,2020,3,18,45,1,7,SNOWY
1-1-1-26,2020,3,19,13,9,0,SUNNY
1-1-1-26,2020,3,20,4,-5,6,SUNNY
1-1-1-26,2020,3,21,-9,-10,6,CLOUDY
1-1-1-26,2020,3,22,-8,-10,10,SUNNY
1-1-1-26,2020,3,23,19,3,6,SNOWY
1-1-1-26,2020,3,24,49,25,8,RAINY
1-1-1-26,2020,3,25,46,23,10,CLOUDY
1-1-1-26,2020,3,26,4,-9,10,SUNNY
1-1-1-26,2020,3,27,-6,-10,2,CLOUDY
1-1-1-26,2020,3,28,22,7,4,RAINY
1-1-1-26,2020,4,1,14,-2,8,SUNNY
1-1-1-26,2020,4,2,23,-4,7,SNOWY
1-1-1-26,2020,4,3,-4,-5,5,RAINY
1-1-1-26,2020,4,4,5,3,2,CLOUDY
1-1-1-26,2020,4,5,33,0,9,SNOWY
1-1-1-26,2020,4,6,45,39,12,SUNNY
1-1-1-26,2020,4,7,48,47,11,RAINY
1-1-1-26,2020,4,8,24,-10,12,SUNNY
1-1-1-26,2020,4,9,13,8,0,CLOUDY
1-1-1-26,2020,4,10,-7,-9,3,RAINY
1-1-1-26,2020,4,11,10,-8,7,CLOUDY
1-1-1-26,2020,4,12,-2,-5,9,SNOWY
1-1-1-26,2020,4,13,-5,-7,7,SNOWY
1-1-1-26,2020,4,14,46,5,5,SUNNY
1-1-1-26,2020,4,15,35,29,11,SUNNY
1-1-1-26,2020,4,16,34,-5,9,SUNNY
1-1-1-26,2020,4,17,46,43,10,CLOUDY
1-1-1-26,2020,4,18,40,-9,11,CLOUDY
1-1-1-26,2020,4,19,-5,-9,0,SNOWY
1-1-1-26,2020,4,20,-2,-5,11,SNOWY
1-1-1-26,2020,4,21,30,-5,7,SNOWY
1-1-1-26,2020,4,22,-2,-5,0,RAINY
1-1-1-26,2020,4,23,15,-9,8,RAINY
1-1-1-26,2020,4,24,10,7,4,SUNNY
1-1-1-26,2020,4,25,11,-6,8,CLOUDY
1-1-1-26,2020,4,26,21,1,5,SNOWY
1-1-1-26,2020,4,27,47,43,2,SUNNY
1-1-1-26,2020,4,28,18,9,11,RAINY
1-1-1-26,2020,5,1,21,1,5,SUNNY
1-1-1-26,2020,5,2,13,-5,4,RAINY
1-1-1-26,2020,5,3,40,37,6,SNOWY
1-1-1-26,2020,5,4,28,23,10,CLOUDY
1-1-1-26,2020,5,5,19,11,0,SNOWY
1-1-1-26,2020,5,6,46,6,3,RAINY
1-1-1-26,2020,5,7,-9,-10,8,SUNNY
1-1-1-26,2020,5,8,36,1,12,SNOWY
1-1-1-26,2020,5,9,13,9,12,SUNNY
1-1-1-26,2020,5,10,15,9,8,RAINY
1-1-1-26,2020,5,11,-9,-10,6,SUNNY
1-1-1-26,2020,5,12,7,-4,8,SNOWY
1-1-1-26,2020,5,13,17,-6,3,SNOWY
1-1-1-26,2020,5,14,35,9,6,SNOWY
1-1-1-26,2020,5,15,49,-10,6,SUNNY
1-1-1-26,2020,5,16,37,17,4,RAINY
1-1-1-26,2020,5,17,21,2,6,SUNNY
1-1-1-26,2020,5,18,40,5,10,SNOWY
1-1-1-26,2020,5,19,21,-2,9,RAINY
1-1-1-26,2020,5,20,16,14,4,RAINY
1-1-1-26,2020,5,21,31,17,3,RAINY
1-1-1-26,2020,5,22,-3,-4,12,RAINY
1-1-1-26,2020,5,23,25,-1,6,SNOWY
1-1-1-26,2020,5,24,30,24,10,CLOUDY
1-1-1-26,2020,5,25,33,29,3,SNOWY
1-1-1-26,2020,5,26,27,2,5,CLOUDY
1-1-1-26,2020,5,27,37,22,5,RAINY
1-1-1-26,2020,5,28,-4,-6,11,RAINY
1-1-1-26,2020,6,1,9,-9,7,RAINY
1-1-1-26,2020,6,2,2,0,4,SUNNY
1-1-1-26,2020,6,3,17,3,12,RAINY
1-1-1-26,2020,6,4,1,-10,3,RAINY
1-1-1-26,2020,6,5,10,-3,3,SUNNY
1-1-1-26,2020,6,6,12,1,4,RAINY
1-1-1-26,2020,6,7,21,17,10,CLOUDY
1-1-1-26,2020,6,8,14,-9,5,RAINY
1-1-1-26,2020,6,9,46,23,6,SNOWY
1-1-1-26,2020,6,10,11,-6,11,SNOWY
1-1-1-26,2020,6,11,2,-10,10,RAINY
1-1-1-26,2020,6,12,23,14,0,SNOWY
1-1-1-26,2020,6,13,40,25,8,SNOWY
1-1-1-26,2020,6,14,40,9,8,RAINY
1-1-1-26,2020,6,15,-5,-6,5,CLOUDY
1-1-1-26,2020,6,16,44,22,5,CLOUDY
1-1-1-26,2020,6,17,34,-4,10,SNOWY
1-1-1-26,2020,6,18,26,15,9,SUNNY
1-1-1-26,2020,6,19,6,-8,10,CLOUDY
1-1-1-26,2020,6,20,-1,-10,0,CLOUDY
1-1-1-26,2020,6,21,13,5,5,SNOWY
1-1-1-26,2020,6,22,0,-2,6,RAINY
1-1-1-26,2020,6,23,14,-9,1,RAINY
1-1-1-26,2020,6,24,11,7,9,SUNNY
1-1-1-26,2020,6,25,2,0,8,CLOUDY
1-1-1-26,2020,6,26,-4,-7,10,CLOUDY
1-1-1-26,2020,6,27,46,32,2,SNOWY
1-1-1-26,2020,6,28,-7,-10,9,SUNNY
1-1-1-26,2020,7,1,36,-9,8,RAINY
1-1-1-26,2020,7,2,24,2,6,SNOWY
1-1-1-26,2020,7,3,8,-3,10,SUNNY
1-1-1-26,2020,7,4,16,-1,2,RAINY
1-1-1-26,2020,7,5,28,18,3,CLOUDY
1-1-1-26,2020,7,6,-3,-8,4,SNOWY
1-1-1-26,2020,7,7,-6,-8,6,CLOUDY
1-1-1-26,2020,7,8,1,-4,12,SUNNY
1-1-1-26,2020,7,9,14,-8,1,RAINY
1-1-1-26,2020,7,10,40,28,12,CLOUDY
1-1-1-26,2020,7,11,-1,-6,5,CLOUDY
1-1-1-26,2020,7,12,21,19,7,CLOUDY
1-1-1-26,2020,7,13,3,-6,0,SUNNY
1-1-1-26,2020,7,14,44,30,2,RAINY
1-1-1-26,2020,7,15,-3,-7,6,SNOWY
1-1-1-26,2020,7,16,19,-5,1,SNOWY
1-1-1-26,2020,7,17,47,-2,10,SUNNY
1-1-1-26,2020,7,18,43,35,0,SUNNY
1-1-1-26,2020,7,19,16,7,5,SUNNY
1-1-1-26,2020,7,20,39,6,9,SUNNY
1-1-1-26,2020,7,21,6,-7,4,RAINY
1-1-1-26,2020,7,22,22,-5,6,CLOUDY
1-1-1-26,2020,7,23,45,44,11,RAINY
1-1-1-26,2020,7,24,-1,-5,0,RAINY
1-1-1-26,2020,7,25,38,12,5,CLOUDY
1-1-1-26,2020,7,26,22,13,0,CLOUDY
1-1-1-26,2020,7,27,8,-7,11,SUNNY
1-1-1-26,2020,7,28,34,3,3,CLOUDY
1-1-1-26,2020,8,1,15,-6,10,CLOUDY
1-1-1-26,2020,8,2,5,-10,0,SUNNY
1-1-1-26,2020,8,3,-7,-9,11,RAINY
1-1-1-26,2020,8,4,22,5,4,CLOUDY
1-1-1-26,2020,8,5,18,-9,3,CLOUDY
1-1-1-26,2020,8,6,48,-9,9,RAINY
1-1-1-26,2020,8,7,36,13,10,SNOWY
1-1-1-26,2020,8,8,17,-1,7,RAINY
1-1-1-26,2020,8,9,2,-6,1,CLOUDY
1-1-1-26,2020,8,10,-10,-10,12,CLOUDY
1-1-1-26,2020,8,11,46,-4,6,SNOWY
1-1-1-26,2020,8,12,34,14,10,SNOWY
1-1-1-26,2020,8,13,7,-4,1,SNOWY
1-1-1-26,2020,8,14,7,7,5,SUNNY
1-1-1-26,2020,8,15,4,2,8,CLOUDY
1-1-1-26,2020,8,16,9,-6,4,CLOUDY
1-1-1-26,2020,8,17,48,10,1,SNOWY
1-1-1-26,2020,8,18,25,-5,3,CLOUDY
1-1-1-26,2020,8,19,23,10,1,CLOUDY
1-1-1-26,2020,8,20,29,18,12,CLOUDY
1-1-1-26,2020,8,21,-5,-10,2,SUNNY
1-1-1-26,2020,8,22,47,-9,11,SUNNY
1-1-1-26,2020,8,23,24,21,10,SUNNY
1-1-1-26,2020,8,24,38,30,8,SUNNY
1-1-1-26,2020,8,25,22,22,4,RAINY
1-1-1-26,2020,8,26,-1,-6,9,SUNNY
1-1-1-26,2020,8,27,8,-5,12,SUNNY
1-1-1-26,2020,8,28,4,0,1,SUNNY
1-1-1-26,2020,9,1,33,24,3,SNOWY
1-1-1-26,2020,9,2,0,-5,6,CLOUDY
1-1-1-26,2020,9,3,15,15,0,RAINY
1-1-1-26,2020,9,4,30,6,5,CLOUDY
1-1-1-26,2020,9,5,25,10,0,CLOUDY
1-1-1-26,2020,9,6,-2,-8,9,CLOUDY
1-1-1-26,2020,9,7,-1,-3,5,SUNNY
1-1-1-26,2020,9,8,18,6,3,CLOUDY
1-1-1-26,2020,9,9,37,21,8,SUNNY
1-1-1-26,2020,9,10,36,-10,11,SUNNY
1-1-1-26,2020,9,11,12,7,6,SUNNY
1-1-1-26,2020,9,12,13,1,6,SNOWY
1-1-1-26,2020,9,13,2,-1,0,RAINY
1-1-1-26,2020,9,14,45,11,8,RAINY
1-1-1-26,2020,9,15,19,11,12,SNOWY
1-1-1-26,2020,9,16,20,10,6,RAINY
1-1-1-26,2020,9,17,33,32,2,SNOWY
1-1-1-26,2020,9,18,33,27,4,SNOWY
1-1-1-26,2020,9,19,9,-2,1,CLOUDY
1-1-1-26,2020,9,20,1,-10,10,SUNNY
1-1-1-26,2020,9,21,41,24,4,SUNNY
1-1-1-26,2020,9,22,-9,-10,7,SUNNY
1-1-1-26,2020,9,23,-2,-6,7,RAINY
1-1-1-26,2020,9,24,14,0,1,CLOUDY
1-1-1-26,2020,9,25,43,43,11,RAINY
1-1-1-26,2020,9,26,6,6,12,RAINY
1-1-1-26,2020,9,27,-6,-9,1,SUNNY
1-1-1-26,2020,9,28,30,11,7,SNOWY
1-1-1-26,2020,10,1,30,-8,0,CLOUDY
1-1-1-26,2020,10,2,36,5,4,SNOWY
1-1-1-26,2020,10,3,27,24,9,CLOUDY
1-1-1-26,2020,10,4,11,-1,9,CLOUDY
1-1-1-26,2020,10,5,34,14,2,SNOWY
1-1-1-26,2020,10,6,40,37,5,SUNNY
1-1-1-26,2020,10,7,-1,-6,2,CLOUDY
1-1-1-26,2020,10,8,46,34,10,SUNNY
1-1-1-26,2020,10,9,27,5,0,CLOUDY
1-1-1-26,2020,10,10,22,6,2,RAINY
1-1-1-26,2020,10,11,13,13,11,SUNNY
1-1-1-26,2020,10,12,19,10,11,SUNNY
1-1-1-26,2020,10,13,39,19,3,CLOUDY
1-1-1-26,2020,10,14,3,-10,0,CLOUDY
1-1-1-26,2020,10,15,46,13,0,CLOUDY
1-1-1-26,2020,10,16,-8,-9,6,SUNNY
1-1-1-26,2020,10,17,10,-9,0,CLOUDY
1-1-1-26,2020,10,18,35,20,11,RAINY
1-1-1-26,2020,10,19,16,-7,3,CLOUDY
1-1-1-26,2020,10,20,1,-8,3,CLOUDY
1-1-1-26,2020,10,21,10,9,5,RAINY
1-1-1-26,2020,10,22,17,-6,9,RAINY
1-1-1-26,2020,10,23,-5,-8,11,SNOWY
1-1-1-26,2020,10,24,47,27,6,CLOUDY
1-1-1-26,2020,10,25,45,39,0,SUNNY
1-1-1-26,2020,10,26,33,33,6,RAINY
1-1-1-26,2020,10,27,47,-9,5,CLOUDY
1-1-1-26,2020,10,28,-6,-8,7,SUNNY
1-1-1-26,2020,11,1,29,23,3,CLOUDY
1-1-1-26,2020,11,2,22,-9,8,SNOWY
1-1-1-26,2020,11,3,39,21,8,RAINY
1-1-1-26,2020,11,4,17,6,5,SNOWY
1-1-1-26,2020,11,5,50,30,10,RAINY
1-1-1-26,2020,11,6,45,14,7,CLOUDY
1-1-1-26,2020,11,7,31,20,2,SUNNY
1-1-1-26,2020,11,8,46,5,6,SUNNY
1-1-1-26,2020,11,9,-10,-10,4,SUNNY
1-1-1-26,2020,11,10,5,-4,1,CLOUDY
1-1-1-26,2020,11,11,47,5,11,CLOUDY
1-1-1-26,2020,11,12,14,6,7,CLOUDY
1-1-1-26,2020,11,13,12,0,5,SUNNY
1-1-1-26,2020,11,14,2,1,8,RAINY
1-1-1-26,2020,11,15,3,-9,9,CLOUDY
1-1-1-26,2020,11,16,45,0,6,SUNNY
1-1-1-26,2020,11,17,47,23,4,RAINY
1-1-1-26,2020,11,18,28,10,5,RAINY
1-1-1-26,2020,11,19,30,22,7,CLOUDY
1-1-1-26,2020,11,20,44,-4,3,SNOWY
1-1-1-26,2020,11,21,36,-7,1,RAINY
1-1-1-26,2020,11,22,-6,-8,1,CLOUDY
1-1-1-26,2020,11,23,7,2,2,SNOWY
1-1-1-26,2020,11,24,23,17,2,CLOUDY
1-1-1-26,2020,11,25,11,7,10,SNOWY
1-1-1-26,2020,11,26,34,30,11,RAINY
1-1-1-26,2020,11,27,25,2,6,SUNNY
1-1-1-26,2020,11,28,47,-5,2,SNOWY
1-1-1-26,2020,12,1,43,17,6,SNOWY
1-1-1-26,2020,12,2,50,8,0,SUNNY
1-1-1-26,2020,12,3,-10,-10,12,SNOWY
1-1-1-26,2020,12,4,38,-2,10,SNOWY
1-1-1-26,2020,12,5,12,-2,0,RAINY
1-1-1-26,2020,12,6,11,1,3,CLOUDY
1-1-1-26,2020,12,7,5,3,5,RAINY
1-1-1-26,2020,12,8,28,25,11,SUNNY
1-1-1-26,2020,12,9,42,-1,6,CLOUDY
1-1-1-26,2020,12,10,37,1,10,SNOWY
1-1-1-26,2020,12,11,40,28,11,CLOUDY
1-1-1-26,2020,12,12,21,-7,12,CLOUDY
1-1-1-26,2020,12,13,15,15,3,CLOUDY
1-1-1-26,2020,12,14,-9,-10,7,RAINY
1-1-1-26,2020,12,15,-2,-8,1,CLOUDY
1-1-1-26,2020,12,16,50,27,8,SUNNY
1-1-1-26,2020,12,17,-5,-10,12,SNOWY
1-1-1-26,2020,12,18,10,-4,10,CLOUDY
1-1-1-26,2020,12,19,40,29,2,CLOUDY
1-1-1-26,2020,12,20,-7,-8,10,SNOWY
1-1-1-26,2020,12,21,-8,-9,12,SNOWY
1-1-1-26,2020,12,22,10,-10,12,SNOWY
1-1-1-26,2020,12,23,23,9,2,SUNNY
1-1-1-26,2020,12,24,23,-10,9,SNOWY
1-1-1-26,2020,12,25,47,27,10,CLOUDY
1-1-1-26,2020,12,26,20,10,1,RAINY
1-1-1-26,2020,12,27,46,22,11,CLOUDY
1-1-1-26,2020,12,28,19,14,8,CLOUDY
1-1-1-27,2020,1,1,4,2,0,SUNNY
1-1-1-27,2020,1,2,22,-7,9,SNOWY
1-1-1-27,2020,1,3,37,1,8,SNOWY
1-1-1-27,2020,1,4,41,23,3,SUNNY
1-1-1-27,2020,1,5,36,1,7,SNOWY
1-1-1-27,2020,1,6,2,-4,3,SNOWY
1-1-1-27,2020,1,7,24,14,11,RAINY
1-1-1-27,2020,1,8,41,-3,6,SUNNY
1-1-1-27,2020,1,9,41,37,9,SNOWY
1-1-1-27,2020,1,10,15,10,0,SUNNY
1-1-1-27,2020,1,11,32,-4,11,CLOUDY
1-1-1-27,2020,1,12,38,-4,1,CLOUDY
1-1-1-27,2020,1,13,15,4,8,SUNNY
1-1-1-27,2020,1,14,42,21,11,SNOWY
1-1-1-27,2020,1,15,6,0,3,CLOUDY
1-1-1-27,2020,1,16,44,-5,7,SUNNY
1-1-1-27,2020,1,17,2,2,11,CLOUDY
1-1-1-27,2020,1,18,12,-3,11,RAINY
1-1-1-27,2020,1,19,20,-9,4,CLOUDY
1-1-1-27,2020,1,20,33,30,7,SUNNY
1-1-1-27,2020,1,21,15,6,4,SNOWY
1-1-1-27,2020,1,22,1,0,7,SNOWY
1-1-1-27,2020,1,23,15,5,7,SUNNY
1-1-1-27,2020,1,24,24,17,3,CLOUDY
1-1-1-27,2020,1,25,13,-5,2,CLOUDY
1-1-1-27,2020,1,26,42,41,2,SNOWY
1-1-1-27,2020,1,27,39,-6,5,CLOUDY
1-1-1-27,2020,1,28,28,-5,1,CLOUDY
1-1-1-27,2020,2,1,14,-9,12,SNOWY
1-1-1-27,2020,2,2,-9,-10,11,CLOUDY
1-1-1-27,2020,2,3,41,37,8,SUNNY
1-1-1-27,2020,2,4,0,-8,8,CLOUDY
1-1-1-27,2020,2,5,48,33,8,SUNNY
1-1-1-27,2020,2,6,11,7,6,SNOWY
1-1-1-27,2020,2,7,13,2,7,CLOUDY
1-1-1-27,2020,2,8,30,8,6,RAINY
1-1-1-27,2020,2,9,-2,-7,9,RAINY
1-1-1-27,2020,2,10,12,3,7,RAINY
1-1-1-27,2020,2,11,49,47,10,SUNNY
1-1-1-27,2020,2,12,21,12,4,SNOWY
1-1-1-27,2020,2,13,31,23,4,SNOWY
1-1-1-27,2020,2,14,-4,-6,8,SNOWY
1-1-1-27,2020,2,15,-1,-8,7,SNOWY
1-1-1-27,2020,2,16,18,-6,0,RAINY
1-1-1-27,2020,2,17,27,-4,1,RAINY
1-1-1-27,2020,2,18,-1,-10,0,CLOUDY
1-1-1-27,2020,2,19,19,1,1,RAINY
1-1-1-27,2020,2,20,49,-8,12,RAINY
1-1-1-27,2020,2,21,26,-5,12,RAINY
1-1-1-27,2020,2,22,-7,-8,5,SUNNY
1-1-1-27,2020,2,23,-7,-10,2,CLOUDY
1-1-1-27,2020,2,24,18,-3,9,CLOUDY
1-1-1-27,2020,2,25,33,15,0,SUNNY
1-1-1-27,2020,2,26,19,-7,9,RAINY
1-1-1-27,2020,2,27,-3,-4,3,SNOWY
1-1-1-27,2020,2,28,-9,-10,1,CLOUDY
1-1-1-27,2020,3,1,29,29,12,SUNNY
1-1-1-27,2020,3,2,23,4,9,SNOWY
1-1-1-27,2020,3,3,11,0,11,CLOUDY
1-1-1-27,2020,3,4,28,7,7,SNOWY
1-1-1-27,2020,3,5,47,21,3,CLOUDY
1-1-1-27,2020,3,6,23,4,8,SNOWY
1-1-1-27,2020,3,7,50,15,8,SNOWY
1-1-1-27,2020,3,8,18,17,3,CLOUDY
1-1-1-27,2020,3,9,13,-5,7,RAINY
1-1-1-27,2020,3,10,29,8,0,RAINY
1-1-1-27,2020,3,11,23,-4,6,CLOUDY
1-1-1-27,2020,3,12,-5,-10,7,RAINY
1-1-1-27,2020,3,13,16,3,9,SNOWY
1-1-1-27,2020,3,14,-9,-10,8,SNOWY
1-1-1-27,2020,3,15,4,3,1,RAINY
1-1-1-27,2020,3,16,-3,-7,6,SUNNY
1-1-1-27,2020,3,17,2,-4,9,SUNNY
1-1-1-27,2020,3,18,20,-8,4,CLOUDY
1-1-1-27,2020,3,19,48,28,4,CLOUDY
1-1-1-27,2020,3,20,6,0,4,SUNNY
1-1-1-27,2020,3,21,7,4,9,SNOWY
1-1-1-27,2020,3,22,8,-7,11,SUNNY
1-1-1-27,2020,3,23,13,-1,5,CLOUDY
1-1-1-27,2020,3,24,23,-7,1,SNOWY
1-1-1-27,2020,3,25,17,12,6,CLOUDY
1-1-1-27,2020,3,26,39,16,12,SNOWY
1-1-1-27,2020,3,27,-3,-7,4,SUNNY
1-1-1-27,2020,3,28,40,-2,11,SNOWY
1-1-1-27,2020,4,1,1,-1,12,CLOUDY
1-1-1-27,2020,4,2,49,31,9,RAINY
1-1-1-27,2020,4,3,-10,-10,9,CLOUDY
1-1-1-27,2020,4,4,25,9,5,SNOWY
1-1-1-27,2020,4,5,-8,-10,5,SUNNY
1-1-1-27,2020,4,6,-6,-9,8,SUNNY
1-1-1-27,2020,4,7,6,-8,10,CLOUDY
1-1-1-27,2020,4,8,17,14,8,RAINY
1-1-1-27,2020,4,9,19,-1,12,SUNNY
1-1-1-27,2020,4,10,-5,-7,3,SNOWY
1-1-1-27,2020,4,11,43,32,7,RAINY
1-1-1-27,2020,4,12,6,3,5,RAINY
1-1-1-27,2020,4,13,38,35,7,CLOUDY
1-1-1-27,2020,4,14,20,-2,11,CLOUDY
1-1-1-27,2020,4,15,42,8,4,SUNNY
1-1-1-27,2020,4,16,-1,-8,3,SUNNY
1-1-1-27,2020,4,17,28,22,3,RAINY
1-1-1-27,2020,4,18,-9,-10,3,RAINY
1-1-1-27,2020,4,19,45,11,0,SNOWY
1-1-1-27,2020,4,20,26,8,7,SNOWY
1-1-1-27,2020,4,21,33,0,3,SNOWY
1-1-1-27,2020,4,22,-10,-10,7,RAINY
1-1-1-27,2020,4,23,20,-3,5,SNOWY
1-1-1-27,2020,4,24,40,10,6,CLOUDY
1-1-1-27,2020,4,25,20,-7,8,SUNNY
1-1-1-27,2020,4,26,47,31,0,RAINY
1-1-1-27,2020,4,27,-3,-8,12,CLOUDY
1-1-1-27,2020,4,28,37,31,8,RAINY
1-1-1-27,2020,5,1,16,3,9,SNOWY
1-1-1-27,2020,5,2,25,25,1,SNOWY
1-1-1-27,2020,5,3,38,3,0,CLOUDY
1-1-1-27,2020,5,4,1,-5,11,RAINY
1-1-1-27,2020,5,5,-5,-9,5,SUNNY
1-1-1-27,2020,5,6,23,-10,9,SNOWY
1-1-1-27,2020,5,7,2,0,10,RAINY
1-1-1-27,2020,5,8,43,-1,4,SNOWY
1-1-1-27,2020,5,9,40,31,4,CLOUDY
1-1-1-27,2020,5,10,0,-4,4,RAINY
1-1-1-27,2020,5,11,21,8,2,SUNNY
1-1-1-27,2020,5,12,-1,-10,5,CLOUDY
1-1-1-27,2020,5,13,19,-2,0,SUNNY
1-1-1-27,2020,5,14,26,-9,6,RAINY
1-1-1-27,2020,5,15,50,41,8,SNOWY
1-1-1-27,2020,5,16,-9,-10,1,CLOUDY
1-1-1-27,2020,5,17,1,-8,4,CLOUDY
1-1-1-27,2020,5,18,19,-8,2,RAINY
1-1-1-27,2020,5,19,12,12,0,RAINY
1-1-1-27,2020,5,20,27,19,6,SUNNY
1-1-1-27,2020,5,21,34,5,8,SUNNY
1-1-1-27,2020,5,22,46,8,12,SNOWY
1-1-1-27,2020,5,23,8,7,5,SNOWY
1-1-1-27,2020,5,24,40,39,0,SUNNY
1-1-1-27,2020,5,25,-10,-10,10,RAINY
1-1-1-27,2020,5,26,50,3,11,RAINY
1-1-1-27,2020,5,27,10,0,8,CLOUDY
1-1-1-27,2020,5,28,22,6,6,SNOWY
1-1-1-27,2020,6,1,-10,-10,2,RAINY
1-1-1-27,2020,6,2,25,18,0,CLOUDY
1-1-1-27,2020,6,3,49,11,5,SUNNY
1-1-1-27,2020,6,4,30,20,0,CLOUDY
1-1-1-27,2020,6,5,-3,-6,1,SNOWY
1-1-1-27,2020,6,6,-6,-10,1,CLOUDY
1-1-1-27,2020,6,7,-2,-5,5,CLOUDY
1-1-1-27,2020,6,8,30,-8,2,SNOWY
1-1-1-27,2020,6,9,18,-8,9,RAINY
1-1-1-27,2020,6,10,0,-3,6,CLOUDY
1-1-1-27,2020,6,11,15,-5,5,SUNNY
1-1-1-27,2020,6,12,25,3,5,RAINY
1-1-1-27,2020,6,13,21,14,7,CLOUDY
1-1-1-27,2020,6,14,10,2,4,RAINY
1-1-1-27,2020,6,15,37,33,1,SUNNY
1-1-1-27,2020,6,16,46,0,9,RAINY
1-1-1-27,2020,6,17,-2,-3,10,RAINY
1-1-1-27,2020,6,18,34,-8,9,CLOUDY
1-1-1-27,2020,6,19,44,2,4,RAINY
1-1-1-27,2020,6,20,5,4,11,RAINY
1-1-1-27,2020,6,21,-1,-9,6,RAINY
1-1-1-27,2020,6,22,-9,-10,2,RAINY
1-1-1-27,2020,6,23,-5,-8,8,RAINY
1-1-1-27,2020,6,24,-4,-9,2,SNOWY
1-1-1-27,2020,6,25,0,-3,4,SUNNY
1-1-1-27,2020,6,26,-3,-6,0,CLOUDY
1-1-1-27,2020,6,27,32,-10,8,SNOWY
1-1-1-27,2020,6,28,44,22,0,RAINY
1-1-1-27,2020,7,1,8,4,6,SNOWY
1-1-1-27,2020,7,2,-6,-7,7,CLOUDY
1-1-1-27,2020,7,3,50,7,4,SUNNY
1-1-1-27,2020,7,4,16,14,8,SUNNY
1-1-1-27,2020,7,5,49,6,0,RAINY
1-1-1-27,2020,7,6,20,3,6,SUNNY
1-1-1-27,2020,7,7,33,30,2,SUNNY
1-1-1-27,2020,7,8,50,4,5,RAINY
1-1-1-27,2020,7,9,25,9,12,SUNNY
1-1-1-27,2020,7,10,35,24,0,SUNNY
1-1-1-27,2020,7,11,3,-6,8,CLOUDY
1-1-1-27,2020,7,12,10,6,11,RAINY
1-1-1-27,2020,7,13,20,0,6,SNOWY
1-1-1-27,2020,7,14,29,24,2,SUNNY
1-1-1-27,2020,7,15,21,16,11,CLOUDY
1-1-1-27,2020,7,16,6,5,12,SNOWY
1-1-1-27,2020,7,17,-4,-8,11,SNOWY
1-1-1-27,2020,7,18,-1,-4,5,CLOUDY
1-1-1-27,2020,7,19,12,6,6,CLOUDY
1-1-1-27,2020,7,20,5,4,6,SUNNY
1-1-1-27,2020,7,21,11,-2,7,RAINY
1-1-1-27,2020,7,22,23,14,4,SNOWY
1-1-1-27,2020,7,23,39,37,8,SUNNY
1-1-1-27,2020,7,24,35,30,3,RAINY
1-1-1-27,2020,7,25,23,-7,11,CLOUDY
1-1-1-27,2020,7,26,41,17,4,SNOWY
1-1-1-27,2020,7,27,39,-2,1,RAINY
1-1-1-27,2020,7,28,45,-5,10,RAINY
1-1-1-27,2020,8,1,26,4,10,RAINY
1-1-1-27,2020,8,2,9,7,6,RAINY
1-1-1-27,2020,8,3,38,29,0,SNOWY
1-1-1-27,2020,8,4,0,-10,0,SUNNY
1-1-1-27,2020,8,5,36,28,2,CLOUDY
1-1-1-27,2020,8,6,7,3,11,RAINY
1-1-1-27,2020,8,7,5,-6,0,SUNNY
1-1-1-27,2020,8,8,19,1,0,RAINY
1-1-1-27,2020,8,9,1,-1,5,SNOWY
1-1-1-27,2020,8,10,35,17,1,SUNNY
1-1-1-27,2020,8,11,41,2,1,RAINY
1-1-1-27,2020,8,12,7,-6,7,CLOUDY
1-1-1-27,2020,8,13,30,28,6,RAINY
1-1-1-27,2020,8,14,-5,-10,10,RAINY
1-1-1-27,2020,8,15,19,-1,4,SUNNY
1-1-1-27,2020,8,16,11,-7,4,CLOUDY
1-1-1-27,2020,8,17,-1,-8,0,SUNNY
1-1-1-27,2020,8,18,49,49,11,CLOUDY
1-1-1-27,2020,8,19,0,-5,5,SUNNY
1-1-1-27,2020,8,20,-9,-10,11,RAINY
1-1-1-27,2020,8,21,43,33,12,SNOWY
1-1-1-27,2020,8,22,48,34,12,RAINY
1-1-1-27,2020,8,23,40,14,2,CLOUDY
1-1-1-27,2020,8,24,-4,-10,5,SUNNY
1-1-1-27,2020,8,25,13,-3,10,RAINY
1-1-1-27,2020,8,26,44,-5,5,SNOWY
1-1-1-27,2020,8,27,-2,-4,4,CLOUDY
1-1-1-27,2020,8,28,45,0,12,CLOUDY
1-1-1-27,2020,9,1,18,10,0,RAINY
1-1-1-27,2020,9,2,-8,-9,1,SUNNY
1-1-1-27,2020,9,3,29,16,12,RAINY
1-1-1-27,2020,9,4,25,18,9,SUNNY
1-1-1-27,2020,9,5,18,4,7,SNOWY
1-1-1-27,2020,9,6,-7,-8,9,SUNNY
1-1-1-27,2020,9,7,29,24,5,RAINY
1-1-1-27,2020,9,8,36,8,12,SNOWY
1-1-1-27,2020,9,9,-4,-6,5,SNOWY
1-1-1-27,2020,9,10,41,0,9,CLOUDY
1-1-1-27,2020,9,11,41,6,8,CLOUDY
1-1-1-27,2020,9,12,50,41,6,SUNNY
1-1-1-27,2020,9,13,38,-9,0,SNOWY
1-1-1-27,2020,9,14,-3,-9,1,RAINY
1-1-1-27,2020,9,15,30,-5,6,SNOWY
1-1-1-27,2020,9,16,9,-1,1,SNOWY
1-1-1-27,2020,9,17,-10,-10,5,CLOUDY
1-1-1-27,2020,9,18,4,-2,11,CLOUDY
1-1-1-27,2020,9,19,-3,-5,12,RAINY
1-1-1-27,2020,9,20,44,16,9,CLOUDY
1-1-1-27,2020,9,21,36,30,3,RAINY
1-1-1-27,2020,9,22,-5,-10,4,RAINY
1-1-1-27,2020,9,23,22,5,4,SNOWY
1-1-1-27,2020,9,24,40,18,1,SNOWY
1-1-1-27,2020,9,25,36,-8,9,SNOWY
1-1-1-27,2020,9,26,14,-9,8,CLOUDY
1-1-1-27,2020,9,27,24,0,3,CLOUDY
1-1-1-27,2020,9,28,31,18,3,SNOWY
1-1-1-27,2020,10,1,50,1,1,CLOUDY
1-1-1-27,2020,10,2,35,10,8,SUNNY
1-1-1-27,2020,10,3,27,25,9,SNOWY
1-1-1-27,2020,10,4,28,10,3,CLOUDY
1-1-1-27,2020,10,5,17,-5,0,SNOWY
1-1-1-27,2020,10,6,36,27,10,SNOWY
1-1-1-27,2020,10,7,-6,-7,9,RAINY
1-1-1-27,2020,10,8,37,-10,9,SUNNY
1-1-1-27,2020,10,9,20,-6,1,SNOWY
1-1-1-27,2020,10,10,4,-2,0,CLOUDY
1-1-1-27,2020,10,11,45,26,8,SNOWY
1-1-1-27,2020,10,12,24,-8,10,SNOWY
1-1-1-27,2020,10,13,32,27,8,RAINY
1-1-1-27,2020,10,14,32,16,12,SNOWY
1-1-1-27,2020,10,15,36,-7,9,SUNNY
1-1-1-27,2020,10,16,22,21,1,RAINY
1-1-1-27,2020,10,17,31,28,1,SNOWY
1-1-1-27,2020,10,18,35,11,9,CLOUDY
1-1-1-27,2020,10,19,29,19,1,SNOWY
1-1-1-27,2020,10,20,39,23,3,SUNNY
1-1-1-27,2020,10,21,1,-6,7,SUNNY
1-1-1-27,2020,10,22,50,3,7,CLOUDY
1-1-1-27,2020,10,23,41,35,4,SNOWY
1-1-1-27,2020,10,24,30,5,3,CLOUDY
1-1-1-27,2020,10,25,15,1,5,RAINY
1-1-1-27,2020,10,26,27,1,9,SUNNY
1-1-1-27,2020,10,27,8,-6,7,RAINY
1-1-1-27,2020,10,28,7,6,5,CLOUDY
1-1-1-27,2020,11,1,45,19,3,RAINY
1-1-1-27,2020,11,2,18,-8,2,RAINY
1-1-1-27,2020,11,3,39,26,9,RAINY
1-1-1-27,2020,11,4,24,15,5,CLOUDY
1-1-1-27,2020,11,5,30,28,12,SNOWY
1-1-1-27,2020,11,6,20,5,8,SUNNY
1-1-1-27,2020,11,7,7,6,8,RAINY
1-1-1-27,2020,11,8,12,5,8,RAINY
1-1-1-27,2020,11,9,38,-6,6,SNOWY
1-1-1-27,2020,11,10,13,10,7,RAINY
1-1-1-27,2020,11,11,42,11,9,CLOUDY
1-1-1-27,2020,11,12,-4,-10,10,SUNNY
1-1-1-27,2020,11,13,20,-8,9,CLOUDY
1-1-1-27,2020,11,14,43,18,9,CLOUDY
1-1-1-27,2020,11,15,46,9,9,CLOUDY
1-1-1-27,2020,11,16,-4,-7,3,CLOUDY
1-1-1-27,2020,11,17,40,-9,1,SUNNY
1-1-1-27,2020,11,18,11,-1,7,CLOUDY
1-1-1-27,2020,11,19,32,-1,11,CLOUDY
1-1-1-27,2020,11,20,34,34,10,RAINY
1-1-1-27,2020,11,21,5,-5,3,SNOWY
1-1-1-27,2020,11,22,-4,-8,2,SUNNY
1-1-1-27,2020,11,23,2,-7,4,CLOUDY
1-1-1-27,2020,11,24,40,1,1,SUNNY
1-1-1-27,2020,11,25,27,20,10,SNOWY
1-1-1-27,2020,11,26,48,41,3,SUNNY
1-1-1-27,2020,11,27,-4,-7,6,RAINY
1-1-1-27,2020,11,28,34,14,6,RAINY
1-1-1-27,2020,12,1,16,-1,9,RAINY
1-1-1-27,2020,12,2,22,0,9,SUNNY
1-1-1-27,2020,12,3,6,3,1,SUNNY
1-1-1-27,2020,12,4,14,-7,2,RAINY
1-1-1-27,2020,12,5,39,-5,12,RAINY
1-1-1-27,2020,12,6,19,-4,10,CLOUDY
1-1-1-27,2020,12,7,16,9,5,SUNNY
1-1-1-27,2020,12,8,12,4,10,RAINY
1-1-1-27,2020,12,9,48,30,8,CLOUDY
1-1-1-27,2020,12,10,-9,-10,8,RAINY
1-1-1-27,2020,12,11,26,0,2,RAINY
1-1-1-27,2020,12,12,0,-4,12,SNOWY
1-1-1-27,2020,12,13,6,-2,12,RAINY
1-1-1-27,2020,12,14,25,-1,10,SUNNY
1-1-1-27,2020,12,15,49,10,5,CLOUDY
1-1-1-27,2020,12,16,17,-9,3,CLOUDY
1-1-1-27,2020,12,17,12,3,3,CLOUDY
1-1-1-27,2020,12,18,38,-4,1,SUNNY
1-1-1-27,2020,12,19,-7,-9,11,CLOUDY
1-1-1-27,2020,12,20,37,6,12,CLOUDY
1-1-1-27,2020,12,21,24,24,7,SNOWY
1-1-1-27,2020,12,22,21,21,11,CLOUDY
1-1-1-27,2020,12,23,7,3,3,RAINY
1-1-1-27,2020,12,24,-5,-10,0,RAINY
1-1-1-27,2020,12,25,40,34,2,SNOWY
1-1-1-27,2020,12,26,32,32,1,CLOUDY
1-1-1-27,2020,12,27,23,8,10,CLOUDY
1-1-1-27,2020,12,28,8,-3,3,SNOWY
1-1-1-28,2020,1,1,43,3,0,SNOWY
1-1-1-28,2020,1,2,14,11,0,SNOWY
1-1-1-28,2020,1,3,7,2,6,RAINY
1-1-1-28,2020,1,4,17,10,6,CLOUDY
1-1-1-28,2020,1,5,50,33,9,CLOUDY
1-1-1-28,2020,1,6,11,-9,8,RAINY
1-1-1-28,2020,1,7,33,1,5,SUNNY
1-1-1-28,2020,1,8,39,35,8,SNOWY
1-1-1-28,2020,1,9,42,34,0,RAINY
1-1-1-28,2020,1,10,30,1,6,SNOWY
1-1-1-28,2020,1,11,27,-10,6,CLOUDY
1-1-1-28,2020,1,12,8,8,7,SNOWY
1-1-1-28,2020,1,13,37,-1,4,CLOUDY
1-1-1-28,2020,1,14,29,9,3,CLOUDY
1-1-1-28,2020,1,15,19,12,8,RAINY
1-1-1-28,2020,1,16,-8,-9,11,CLOUDY
1-1-1-28,2020,1,17,-10,-10,3,CLOUDY
1-1-1-28,2020,1,18,1,-2,11,SNOWY
1-1-1-28,2020,1,19,13,13,1,SUNNY
1-1-1-28,2020,1,20,26,9,3,RAINY
1-1-1-28,2020,1,21,21,17,12,CLOUDY
1-1-1-28,2020,1,22,6,-3,5,RAINY
1-1-1-28,2020,1,23,-8,-10,9,CLOUDY
1-1-1-28,2020,1,24,-4,-10,2,RAINY
1-1-1-28,2020,1,25,45,42,7,CLOUDY
1-1-1-28,2020,1,26,35,7,10,SNOWY
1-1-1-28,2020,1,27,4,1,1,CLOUDY
1-1-1-28,2020,1,28,26,-3,3,SUNNY
1-1-1-28,2020,2,1,8,-5,7,SNOWY
1-1-1-28,2020,2,2,1,-7,6,SUNNY
1-1-1-28,2020,2,3,0,-10,2,CLOUDY
1-1-1-28,2020,2,4,26,3,0,CLOUDY
1-1-1-28,2020,2,5,35,-1,4,SUNNY
1-1-1-28,2020,2,6,28,0,2,RAINY
1-1-1-28,2020,2,7,41,15,0,CLOUDY
1-1-1-28,2020,2,8,8,-9,7,RAINY
1-1-1-28,2020,2,9,7,-3,8,SNOWY
1-1-1-28,2020,2,10,28,22,3,CLOUDY
1-1-1-28,2020,2,11,17,17,4,CLOUDY
1-1-1-28,2020,2,12,37,-9,2,SUNNY
1-1-1-28,2020,2,13,50,46,2,CLOUDY
1-1-1-28,2020,2,14,49,25,4,CLOUDY
1-1-1-28,2020,2,15,48,26,10,CLOUDY
1-1-1-28,2020,2,16,36,-8,6,RAINY
1-1-1-28,2020,2,17,29,27,7,RAINY
1-1-1-28,2020,2,18,34,25,8,SUNNY
1-1-1-28,2020,2,19,14,9,7,SNOWY
1-1-1-28,2020,2,20,20,-6,4,SUNNY
1-1-1-28,2020,2,21,50,23,6,RAINY
1-1-1-28,2020,2,22,32,-4,0,RAINY
1-1-1-28,2020,2,23,45,28,0,SNOWY
1-1-1-28,2020,2,24,47,-5,0,SUNNY
1-1-1-28,2020,2,25,31,26,11,RAINY
1-1-1-28,2020,2,26,30,27,0,SUNNY
1-1-1-28,2020,2,27,-4,-6,3,SNOWY
1-1-1-28,2020,2,28,8,2,11,CLOUDY
1-1-1-28,2020,3,1,22,4,3,RAINY
1-1-1-28,2020,3,2,45,-9,8,SNOWY
1-1-1-28,2020,3,3,24,11,11,CLOUDY
1-1-1-28,2020,3,4,36,16,6,SUNNY
1-1-1-28,2020,3,5,6,-9,2,SUNNY
1-1-1-28,2020,3,6,46,14,9,CLOUDY
1-1-1-28,2020,3,7,46,33,0,SUNNY
1-1-1-28,2020,3,8,-3,-9,5,SUNNY
1-1-1-28,2020,3,9,16,3,8,SUNNY
1-1-1-28,2020,3,10,-7,-8,9,SUNNY
1-1-1-28,2020,3,11,10,-2,9,RAINY
1-1-1-28,2020,3,12,30,-5,1,RAINY
1-1-1-28,2020,3,13,35,-7,11,SUNNY
1-1-1-28,2020,3,14,-6,-9,9,SUNNY
1-1-1-28,2020,3,15,-4,-6,0,CLOUDY
1-1-1-28,2020,3,16,6,1,9,CLOUDY
1-1-1-28,2020,3,17,33,0,12,SUNNY
1-1-1-28,2020,3,18,39,32,1,SNOWY
1-1-1-28,2020,3,19,35,-4,8,RAINY
1-1-1-28,2020,3,20,25,3,9,CLOUDY
1-1-1-28,2020,3,21,38,27,3,RAINY
1-1-1-28,2020,3,22,43,-3,2,RAINY
1-1-1-28,2020,3,23,26,-7,5,CLOUDY
1-1-1-28,2020,3,24,45,26,2,SUNNY
1-1-1-28,2020,3,25,11,-1,10,SNOWY
1-1-1-28,2020,3,26,27,27,10,CLOUDY
1-1-1-28,2020,3,27,35,-9,11,RAINY
1-1-1-28,2020,3,28,9,6,9,CLOUDY
1-1-1-28,2020,4,1,30,1,0,SUNNY
1-1-1-28,2020,4,2,0,-6,11,SNOWY
1-1-1-28,2020,4,3,26,6,2,SUNNY
1-1-1-28,2020,4,4,4,-1,9,RAINY
1-1-1-28,2020,4,5,-5,-8,7,CLOUDY
1-1-1-28,2020,4,6,35,-2,0,CLOUDY
1-1-1-28,2020,4,7,-10,-10,2,SUNNY
1-1-1-28,2020,4,8,3,-5,7,CLOUDY
1-1-1-28,2020,4,9,26,8,2,CLOUDY
1-1-1-28,2020,4,10,-1,-4,12,CLOUDY
1-1-1-28,2020,4,11,50,28,0,CLOUDY
1-1-1-28,2020,4,12,16,10,10,CLOUDY
1-1-1-28,2020,4,13,1,-7,4,SUNNY
1-1-1-28,2020,4,14,-3,-4,3,CLOUDY
1-1-1-28,2020,4,15,-7,-9,4,SNOWY
1-1-1-28,2020,4,16,45,36,4,RAINY
1-1-1-28,2020,4,17,25,-10,9,SNOWY
1-1-1-28,2020,4,18,-9,-10,6,SUNNY
1-1-1-28,2020,4,19,-2,-3,3,SUNNY
1-1-1-28,2020,4,20,28,-9,11,SNOWY
1-1-1-28,2020,4,21,18,0,5,SNOWY
1-1-1-28,2020,4,22,17,-1,10,CLOUDY
1-1-1-28,2020,4,23,40,11,5,SUNNY
1-1-1-28,2020,4,24,2,-10,0,SNOWY
1-1-1-28,2020,4,25,50,47,1,SUNNY
1-1-1-28,2020,4,26,32,-6,1,RAINY
1-1-1-28,2020,4,27,30,25,4,RAINY
1-1-1-28,2020,4,28,48,47,4,SUNNY
1-1-1-28,2020,5,1,13,3,8,CLOUDY
1-1-1-28,2020,5,2,42,37,4,RAINY
1-1-1-28,2020,5,3,39,31,11,SNOWY
1-1-1-28,2020,5,4,47,-4,1,RAINY
1-1-1-28,2020,5,5,5,2,1,SUNNY
1-1-1-28,2020,5,6,24,13,3,SUNNY
1-1-1-28,2020,5,7,46,30,6,SNOWY
1-1-1-28,2020,5,8,20,-2,7,SUNNY
1-1-1-28,2020,5,9,50,42,1,SUNNY
1-1-1-28,2020,5,10,10,4,7,SUNNY
1-1-1-28,2020,5,11,16,6,7,CLOUDY
1-1-1-28,2020,5,12,-6,-8,8,SNOWY
1-1-1-28,2020,5,13,16,3,6,SNOWY
1-1-1-28,2020,5,14,38,13,8,RAINY
1-1-1-28,2020,5,15,3,1,2,SUNNY
1-1-1-28,2020,5,16,12,5,11,CLOUDY
1-1-1-28,2020,5,17,9,7,12,SUNNY
1-1-1-28,2020,5,18,25,22,11,SUNNY
1-1-1-28,2020,5,19,17,7,9,CLOUDY
1-1-1-28,2020,5,20,43,28,6,SNOWY
1-1-1-28,2020,5,21,-2,-3,1,CLOUDY
1-1-1-28,2020,5,22,47,-7,12,SUNNY
1-1-1-28,2020,5,23,9,4,12,RAINY
1-1-1-28,2020,5,24,14,-3,8,SUNNY
1-1-1-28,2020,5,25,6,4,7,SUNNY
1-1-1-28,2020,5,26,2,-2,11,SUNNY
1-1-1-28,2020,5,27,22,8,4,SUNNY
1-1-1-28,2020,5,28,32,4,5,RAINY
1-1-1-28,2020,6,1,14,1,5,CLOUDY
1-1-1-28,2020,6,2,12,7,7,SUNNY
1-1-1-28,2020,6,3,46,24,6,SUNNY
1-1-1-28,2020,6,4,41,28,8,CLOUDY
1-1-1-28,2020,6,5,28,24,8,SNOWY
1-1-1-28,2020,6,6,-1,-9,1,RAINY
1-1-1-28,2020,6,7,2,0,6,SNOWY
1-1-1-28,2020,6,8,50,47,10,SNOWY
1-1-1-28,2020,6,9,36,7,0,SUNNY
1-1-1-28,2020,6,10,-8,-10,5,SUNNY
1-1-1-28,2020,6,11,10,4,12,SUNNY
1-1-1-28,2020,6,12,-5,-9,5,SNOWY
1-1-1-28,2020,6,13,15,-6,3,SNOWY
1-1-1-28,2020,6,14,42,24,5,RAINY
1-1-1-28,2020,6,15,-7,-9,11,CLOUDY
1-1-1-28,2020,6,16,-1,-3,4,CLOUDY
1-1-1-28,2020,6,17,16,1,0,CLOUDY
1-1-1-28,2020,6,18,25,-10,7,SNOWY
1-1-1-28,2020,6,19,22,21,9,RAINY
1-1-1-28,2020,6,20,48,42,8,RAINY
1-1-1-28,2020,6,21,29,-6,1,CLOUDY
1-1-1-28,2020,6,22,4,0,12,SUNNY
1-1-1-28,2020,6,23,-1,-2,0,SUNNY
1-1-1-28,2020,6,24,5,2,10,SUNNY
1-1-1-28,2020,6,25,36,22,0,RAINY
1-1-1-28,2020,6,26,26,6,12,RAINY
1-1-1-28,2020,6,27,9,-8,1,RAINY
1-1-1-28,2020,6,28,-1,-7,8,CLOUDY
1-1-1-28,2020,7,1,7,1,6,CLOUDY
1-1-1-28,2020,7,2,1,-9,8,RAINY
1-1-1-28,2020,7,3,-7,-8,5,SNOWY
1-1-1-28,2020,7,4,-5,-8,1,RAINY
1-1-1-28,2020,7,5,35,1,7,RAINY
1-1-1-28,2020,7,6,29,24,12,SNOWY
1-1-1-28,2020,7,7,4,-8,10,RAINY
1-1-1-28,2020,7,8,40,9,1,SNOWY
1-1-1-28,2020,7,9,50,7,10,CLOUDY
1-1-1-28,2020,7,10,28,1,5,SUNNY
1-1-1-28,2020,7,11,33,8,4,CLOUDY
1-1-1-28,2020,7,12,34,27,8,RAINY
1-1-1-28,2020,7,13,-9,-10,3,RAINY
1-1-1-28,2020,7,14,49,33,7,CLOUDY
1-1-1-28,2020,7,15,9,0,4,RAINY
1-1-1-28,2020,7,16,-2,-4,12,CLOUDY
1-1-1-28,2020,7,17,26,13,5,SUNNY
1-1-1-28,2020,7,18,43,-4,10,RAINY
1-1-1-28,2020,7,19,10,-9,6,SUNNY
1-1-1-28,2020,7,20,37,-5,12,SUNNY
1-1-1-28,2020,7,21,-6,-8,6,RAINY
1-1-1-28,2020,7,22,5,0,4,SUNNY
1-1-1-28,2020,7,23,-5,-6,8,SUNNY
1-1-1-28,2020,7,24,1,-4,6,CLOUDY
1-1-1-28,2020,7,25,11,-3,12,SUNNY
1-1-1-28,2020,7,26,-9,-10,10,SUNNY
1-1-1-28,2020,7,27,4,-3,2,SNOWY
1-1-1-28,2020,7,28,39,-10,9,CLOUDY
1-1-1-28,2020,8,1,38,16,11,RAINY
1-1-1-28,2020,8,2,11,-4,3,SUNNY
1-1-1-28,2020,8,3,40,32,7,CLOUDY
1-1-1-28,2020,8,4,20,13,11,RAINY
1-1-1-28,2020,8,5,9,9,1,RAINY
1-1-1-28,2020,8,6,50,5,4,SNOWY
1-1-1-28,2020,8,7,14,-7,2,CLOUDY
1-1-1-28,2020,8,8,26,-9,6,SUNNY
1-1-1-28,2020,8,9,8,6,5,SUNNY
1-1-1-28,2020,8,10,19,10,10,SUNNY
1-1-1-28,2020,8,11,5,1,0,SUNNY
1-1-1-28,2020,8,12,31,22,7,CLOUDY
1-1-1-28,2020,8,13,33,28,12,SNOWY
1-1-1-28,2020,8,14,-3,-7,12,SUNNY
1-1-1-28,2020,8,15,13,1,9,CLOUDY
1-1-1-28,2020,8,16,46,45,9,CLOUDY
1-1-1-28,2020,8,17,23,11,3,RAINY
1-1-1-28,2020,8,18,49,43,3,CLOUDY
1-1-1-28,2020,8,19,32,1,6,RAINY
1-1-1-28,2020,8,20,33,6,5,CLOUDY
1-1-1-28,2020,8,21,-2,-9,10,RAINY
1-1-1-28,2020,8,22,14,6,7,SUNNY
1-1-1-28,2020,8,23,16,9,7,RAINY
1-1-1-28,2020,8,24,6,-10,3,RAINY
1-1-1-28,2020,8,25,18,-2,9,CLOUDY
1-1-1-28,2020,8,26,23,-2,8,SUNNY
1-1-1-28,2020,8,27,30,12,1,SNOWY
1-1-1-28,2020,8,28,20,-2,3,CLOUDY
1-1-1-28,2020,9,1,34,31,11,RAINY
1-1-1-28,2020,9,2,-1,-7,11,SNOWY
1-1-1-28,2020,9,3,3,-3,9,SUNNY
1-1-1-28,2020,9,4,40,0,0,RAINY
1-1-1-28,2020,9,5,2,-4,5,RAINY
1-1-1-28,2020,9,6,11,5,12,CLOUDY
1-1-1-28,2020,9,7,45,42,10,SNOWY
1-1-1-28,2020,9,8,16,4,5,SUNNY
1-1-1-28,2020,9,9,37,-2,9,RAINY
1-1-1-28,2020,9,10,37,23,4,RAINY
1-1-1-28,2020,9,11,14,8,9,SNOWY
1-1-1-28,2020,9,12,-10,-10,10,CLOUDY
1-1-1-28,2020,9,13,0,-9,10,RAINY
1-1-1-28,2020,9,14,9,2,7,CLOUDY
1-1-1-28,2020,9,15,10,-2,0,RAINY
1-1-1-28,2020,9,16,34,-1,8,SUNNY
1-1-1-28,2020,9,17,12,10,2,SNOWY
1-1-1-28,2020,9,18,27,0,9,SUNNY
1-1-1-28,2020,9,19,48,10,10,CLOUDY
1-1-1-28,2020,9,20,36,14,4,CLOUDY
1-1-1-28,2020,9,21,10,-8,4,RAINY
1-1-1-28,2020,9,22,-7,-9,0,SUNNY
1-1-1-28,2020,9,23,16,3,4,SNOWY
1-1-1-28,2020,9,24,20,10,2,SNOWY
1-1-1-28,2020,9,25,46,9,7,RAINY
1-1-1-28,2020,9,26,-2,-3,11,RAINY
1-1-1-28,2020,9,27,-3,-6,10,CLOUDY
1-1-1-28,2020,9,28,-10,-10,7,SNOWY
1-1-1-28,2020,10,1,39,23,5,SUNNY
1-1-1-28,2020,10,2,29,23,5,SNOWY
1-1-1-28,2020,10,3,33,4,7,CLOUDY
1-1-1-28,2020,10,4,41,40,0,SUNNY
1-1-1-28,2020,10,5,49,31,11,SNOWY
1-1-1-28,2020,10,6,37,15,5,SNOWY
1-1-1-28,2020,10,7,1,-3,8,SUNNY
1-1-1-28,2020,10,8,36,0,7,CLOUDY
1-1-1-28,2020,10,9,46,4,3,CLOUDY
1-1-1-28,2020,10,10,36,35,9,SNOWY
1-1-1-28,2020,10,11,30,0,3,RAINY
1-1-1-28,2020,10,12,33,25,7,SUNNY
1-1-1-28,2020,10,13,13,0,1,SNOWY
1-1-1-28,2020,10,14,31,1,3,SUNNY
1-1-1-28,2020,10,15,20,15,1,RAINY
1-1-1-28,2020,10,16,32,30,1,SUNNY
1-1-1-28,2020,10,17,-10,-10,0,SUNNY
1-1-1-28,2020,10,18,30,-1,0,CLOUDY
1-1-1-28,2020,10,19,28,26,3,CLOUDY
1-1-1-28,2020,10,20,42,42,11,RAINY
1-1-1-28,2020,10,21,41,26,10,SUNNY
1-1-1-28,2020,10,22,12,12,8,RAINY
1-1-1-28,2020,10,23,4,-9,8,SUNNY
1-1-1-28,2020,10,24,17,-7,11,CLOUDY
1-1-1-28,2020,10,25,-9,-10,6,SUNNY
1-1-1-28,2020,10,26,48,-1,0,SUNNY
1-1-1-28,2020,10,27,-3,-10,8,SUNNY
1-1-1-28,2020,10,28,33,14,1,SUNNY
1-1-1-28,2020,11,1,47,-1,10,RAINY
1-1-1-28,2020,11,2,-10,-10,6,SUNNY
1-1-1-28,2020,11,3,-4,-8,3,CLOUDY
1-1-1-28,2020,11,4,16,12,0,CLOUDY
1-1-1-28,2020,11,5,40,7,11,SNOWY
1-1-1-28,2020,11,6,21,-1,2,RAINY
1-1-1-28,2020,11,7,42,20,9,RAINY
1-1-1-28,2020,11,8,43,14,12,SUNNY
1-1-1-28,2020,11,9,31,-7,5,CLOUDY
1-1-1-28,2020,11,10,-1,-6,9,SUNNY
1-1-1-28,2020,11,11,-8,-10,2,SNOWY
1-1-1-28,2020,11,12,33,14,10,CLOUDY
1-1-1-28,2020,11,13,11,-6,1,SUNNY
1-1-1-28,2020,11,14,50,47,9,RAINY
1-1-1-28,2020,11,15,15,3,4,SNOWY
1-1-1-28,2020,11,16,35,15,7,SUNNY
1-1-1-28,2020,11,17,19,18,4,SNOWY
1-1-1-28,2020,11,18,11,-8,6,SUNNY
1-1-1-28,2020,11,19,22,0,0,CLOUDY
1-1-1-28,2020,11,20,31,18,1,SUNNY
1-1-1-28,2020,11,21,37,9,9,CLOUDY
1-1-1-28,2020,11,22,36,25,10,SUNNY
1-1-1-28,2020,11,23,5,-9,6,SUNNY
1-1-1-28,2020,11,24,-3,-10,7,CLOUDY
1-1-1-28,2020,11,25,47,26,8,SNOWY
1-1-1-28,2020,11,26,47,31,0,RAINY
1-1-1-28,2020,11,27,16,9,6,SNOWY
1-1-1-28,2020,11,28,23,-6,12,RAINY
1-1-1-28,2020,12,1,-7,-10,12,RAINY
1-1-1-28,2020,12,2,18,2,6,SNOWY
1-1-1-28,2020,12,3,2,-1,0,RAINY
1-1-1-28,2020,12,4,32,17,0,CLOUDY
1-1-1-28,2020,12,5,2,-10,11,CLOUDY
1-1-1-28,2020,12,6,46,5,10,SNOWY
1-1-1-28,2020,12,7,8,-10,9,CLOUDY
1-1-1-28,2020,12,8,49,35,10,RAINY
1-1-1-28,2020,12,9,39,2,9,CLOUDY
1-1-1-28,2020,12,10,11,-4,1,RAINY
1-1-1-28,2020,12,11,21,19,4,RAINY
1-1-1-28,2020,12,12,16,16,7,SUNNY
1-1-1-28,2020,12,13,32,-2,6,SUNNY
1-1-1-28,2020,12,14,42,42,12,CLOUDY
1-1-1-28,2020,12,15,48,36,2,RAINY
1-1-1-28,2020,12,16,-9,-10,11,SNOWY
1-1-1-28,2020,12,17,11,7,2,SNOWY
1-1-1-28,2020,12,18,31,6,0,RAINY
1-1-1-28,2020,12,19,37,-6,12,SUNNY
1-1-1-28,2020,12,20,6,-10,12,RAINY
1-1-1-28,2020,12,21,45,-8,6,SNOWY
1-1-1-28,2020,12,22,-4,-5,4,RAINY
1-1-1-28,2020,12,23,-5,-7,5,SNOWY
1-1-1-28,2020,12,24,45,41,3,RAINY
1-1-1-28,2020,12,25,0,-7,4,SUNNY
1-1-1-28,2020,12,26,18,-10,3,SUNNY
1-1-1-28,2020,12,27,38,15,1,SNOWY
1-1-1-28,2020,12,28,25,-7,9,RAINY
1-1-1-29,2020,1,1,35,-7,5,SUNNY
1-1-1-29,2020,1,2,13,-6,8,RAINY
1-1-1-29,2020,1,3,-8,-9,1,CLOUDY
1-1-1-29,2020,1,4,9,-6,2,SUNNY
1-1-1-29,2020,1,5,29,14,2,CLOUDY
1-1-1-29,2020,1,6,40,27,11,RAINY
1-1-1-29,2020,1,7,38,2,7,RAINY
1-1-1-29,2020,1,8,38,-3,9,SUNNY
1-1-1-29,2020,1,9,8,8,7,CLOUDY
1-1-1-29,2020,1,10,40,36,1,RAINY
1-1-1-29,2020,1,11,4,-2,7,RAINY
1-1-1-29,2020,1,12,23,10,2,RAINY
1-1-1-29,2020,1,13,25,22,8,RAINY
1-1-1-29,2020,1,14,-7,-8,12,RAINY
1-1-1-29,2020,1,15,13,-9,6,SNOWY
1-1-1-29,2020,1,16,37,-6,4,SNOWY
1-1-1-29,2020,1,17,-2,-3,12,RAINY
1-1-1-29,2020,1,18,1,-3,4,RAINY
1-1-1-29,2020,1,19,18,-9,1,CLOUDY
1-1-1-29,2020,1,20,40,27,8,CLOUDY
1-1-1-29,2020,1,21,5,-9,1,RAINY
1-1-1-29,2020,1,22,33,-4,1,SUNNY
1-1-1-29,2020,1,23,41,15,0,CLOUDY
1-1-1-29,2020,1,24,-9,-10,11,RAINY
1-1-1-29,2020,1,25,12,2,9,RAINY
1-1-1-29,2020,1,26,-8,-10,5,SNOWY
1-1-1-29,2020,1,27,9,2,6,SNOWY
1-1-1-29,2020,1,28,3,-8,2,SNOWY
1-1-1-29,2020,2,1,20,16,6,RAINY
1-1-1-29,2020,2,2,26,23,11,SUNNY
1-1-1-29,2020,2,3,25,13,12,RAINY
1-1-1-29,2020,2,4,4,2,9,RAINY
1-1-1-29,2020,2,5,39,7,4,SNOWY
1-1-1-29,2020,2,6,21,-4,10,CLOUDY
1-1-1-29,2020,2,7,-2,-3,0,RAINY
1-1-1-29,2020,2,8,25,-6,5,RAINY
1-1-1-29,2020,2,9,34,15,6,SNOWY
1-1-1-29,2020,2,10,21,7,8,CLOUDY
1-1-1-29,2020,2,11,-7,-9,10,RAINY
1-1-1-29,2020,2,12,20,-7,5,SUNNY
1-1-1-29,2020,2,13,25,20,6,SNOWY
1-1-1-29,2020,2,14,7,-7,8,CLOUDY
1-1-1-29,2020,2,15,25,20,2,RAINY
1-1-1-29,2020,2,16,18,14,7,SUNNY
1-1-1-29,2020,2,17,10,0,1,CLOUDY
1-1-1-29,2020,2,18,23,-2,2,CLOUDY
1-1-1-29,2020,2,19,40,36,8,SNOWY
1-1-1-29,2020,2,20,36,20,11,SUNNY
1-1-1-29,2020,2,21,-2,-9,4,RAINY
1-1-1-29,2020,2,22,5,-9,0,SUNNY
1-1-1-29,2020,2,23,47,35,1,SNOWY
1-1-1-29,2020,2,24,39,18,3,SUNNY
1-1-1-29,2020,2,25,33,5,1,SUNNY
1-1-1-29,2020,2,26,8,2,11,CLOUDY
1-1-1-29,2020,2,27,3,-9,4,SUNNY
1-1-1-29,2020,2,28,30,19,7,CLOUDY
1-1-1-29,2020,3,1,40,0,12,SNOWY
1-1-1-29,2020,3,2,-7,-9,11,SNOWY
1-1-1-29,2020,3,3,24,5,3,SNOWY
1-1-1-29,2020,3,4,46,41,10,SNOWY
1-1-1-29,2020,3,5,32,7,5,SUNNY
1-1-1-29,2020,3,6,21,17,12,RAINY
1-1-1-29,2020,3,7,24,5,11,RAINY
1-1-1-29,2020,3,8,4,-10,9,CLOUDY
1-1-1-29,2020,3,9,-3,-5,1,RAINY
1-1-1-29,2020,3,10,18,2,4,RAINY
1-1-1-29,2020,3,11,-4,-8,8,SUNNY
1-1-1-29,2020,3,12,1,-10,11,SNOWY
1-1-1-29,2020,3,13,19,15,7,RAINY
1-1-1-29,2020,3,14,21,8,9,CLOUDY
1-1-1-29,2020,3,15,11,7,0,SNOWY
1-1-1-29,2020,3,16,32,20,4,SNOWY
1-1-1-29,2020,3,17,33,22,6,RAINY
1-1-1-29,2020,3,18,9,2,8,SNOWY
1-1-1-29,2020,3,19,43,20,7,SUNNY
1-1-1-29,2020,3,20,-2,-5,6,SUNNY
1-1-1-29,2020,3,21,20,14,4,SUNNY
1-1-1-29,2020,3,22,29,11,10,SUNNY
1-1-1-29,2020,3,23,21,-10,0,CLOUDY
1-1-1-29,2020,3,24,9,-2,1,RAINY
1-1-1-29,2020,3,25,-4,-9,7,SUNNY
1-1-1-29,2020,3,26,44,33,1,SUNNY
1-1-1-29,2020,3,27,13,12,2,SUNNY
1-1-1-29,2020,3,28,31,20,4,RAINY
1-1-1-29,2020,4,1,32,12,5,SUNNY
1-1-1-29,2020,4,2,10,-3,10,SNOWY
1-1-1-29,2020,4,3,32,4,2,SUNNY
1-1-1-29,2020,4,4,9,8,5,CLOUDY
1-1-1-29,2020,4,5,-10,-10,4,SNOWY
1-1-1-29,2020,4,6,-6,-10,12,SUNNY
1-1-1-29,2020,4,7,18,-1,4,SNOWY
1-1-1-29,2020,4,8,13,-3,1,RAINY
1-1-1-29,2020,4,9,29,-7,3,SUNNY
1-1-1-29,2020,4,10,7,-8,7,RAINY
1-1-1-29,2020,4,11,-3,-8,10,RAINY
1-1-1-29,2020,4,12,29,10,10,SNOWY
1-1-1-29,2020,4,13,41,-3,8,SNOWY
1-1-1-29,2020,4,14,12,3,4,CLOUDY
1-1-1-29,2020,4,15,1,-5,6,SUNNY
1-1-1-29,2020,4,16,-10,-10,6,SUNNY
1-1-1-29,2020,4,17,41,19,7,SUNNY
1-1-1-29,2020,4,18,49,12,6,RAINY
1-1-1-29,2020,4,19,41,6,11,RAINY
1-1-1-29,2020,4,20,48,28,10,RAINY
1-1-1-29,2020,4,21,-10,-10,10,CLOUDY
1-1-1-29,2020,4,22,26,18,7,RAINY
1-1-1-29,2020,4,23,21,13,7,CLOUDY
1-1-1-29,2020,4,24,40,15,5,SUNNY
1-1-1-29,2020,4,25,30,0,7,RAINY
1-1-1-29,2020,4,26,18,5,8,SUNNY
1-1-1-29,2020,4,27,0,-1,4,SNOWY
1-1-1-29,2020,4,28,19,7,6,CLOUDY
1-1-1-29,2020,5,1,48,2,7,RAINY
1-1-1-29,2020,5,2,-8,-9,1,SUNNY
1-1-1-29,2020,5,3,-2,-10,3,SNOWY
1-1-1-29,2020,5,4,45,39,6,RAINY
1-1-1-29,2020,5,5,-2,-6,4,SNOWY
1-1-1-29,2020,5,6,34,0,7,CLOUDY
1-1-1-29,2020,5,7,-10,-10,10,SUNNY
1-1-1-29,2020,5,8,4,-5,1,CLOUDY
1-1-1-29,2020,5,9,3,-1,11,SUNNY
1-1-1-29,2020,5,10,-7,-9,4,RAINY
1-1-1-29,2020,5,11,0,-1,4,RAINY
1-1-1-29,2020,5,12,37,4,11,CLOUDY
1-1-1-29,2020,5,13,8,3,1,CLOUDY
1-1-1-29,2020,5,14,9,4,8,RAINY
1-1-1-29,2020,5,15,30,28,3,RAINY
1-1-1-29,2020,5,16,14,1,6,SUNNY
1-1-1-29,2020,5,17,46,28,6,SNOWY
1-1-1-29,2020,5,18,11,-2,7,SNOWY
1-1-1-29,2020,5,19,41,-5,0,CLOUDY
1-1-1-29,2020,5,20,16,3,12,SUNNY
1-1-1-29,2020,5,21,0,-2,6,CLOUDY
1-1-1-29,2020,5,22,50,12,11,RAINY
1-1-1-29,2020,5,23,46,13,9,SUNNY
1-1-1-29,2020,5,24,16,1,5,SUNNY
1-1-1-29,2020,5,25,14,6,7,RAINY
1-1-1-29,2020,5,26,-2,-6,8,CLOUDY
1-1-1-29,2020,5,27,18,10,8,SUNNY
1-1-1-29,2020,5,28,13,6,9,SNOWY
1-1-1-29,2020,6,1,19,-1,7,CLOUDY
1-1-1-29,2020,6,2,36,16,5,SNOWY
1-1-1-29,2020,6,3,17,-4,6,RAINY
1-1-1-29,2020,6,4,-6,-10,3,SUNNY
1-1-1-29,2020,6,5,22,3,1,SUNNY
1-1-1-29,2020,6,6,24,-5,11,SNOWY
1-1-1-29,2020,6,7,-8,-10,10,SNOWY
1-1-1-29,2020,6,8,19,-8,10,SUNNY
1-1-1-29,2020,6,9,21,-5,10,SUNNY
1-1-1-29,2020,6,10,22,8,6,CLOUDY
1-1-1-29,2020,6,11,39,31,6,SUNNY
1-1-1-29,2020,6,12,11,-5,5,RAINY
1-1-1-29,2020,6,13,22,-7,3,CLOUDY
1-1-1-29,2020,6,14,49,-2,2,RAINY
1-1-1-29,2020,6,15,49,11,8,CLOUDY
1-1-1-29,2020,6,16,42,15,12,SNOWY
1-1-1-29,2020,6,17,-5,-6,12,RAINY
1-1-1-29,2020,6,18,32,-10,1,SUNNY
1-1-1-29,2020,6,19,25,13,0,SUNNY
1-1-1-29,2020,6,20,1,-1,2,RAINY
1-1-1-29,2020,6,21,23,8,6,CLOUDY
1-1-1-29,2020,6,22,-2,-9,0,SUNNY
1-1-1-29,2020,6,23,22,-3,11,SUNNY
1-1-1-29,2020,6,24,0,-1,2,SNOWY
1-1-1-29,2020,6,25,13,9,9,SNOWY
1-1-1-29,2020,6,26,14,3,3,SUNNY
1-1-1-29,2020,6,27,8,-8,5,CLOUDY
1-1-1-29,2020,6,28,-4,-7,2,SUNNY
1-1-1-29,2020,7,1,-9,-10,7,CLOUDY
1-1-1-29,2020,7,2,-2,-4,0,SUNNY
1-1-1-29,2020,7,3,44,44,4,CLOUDY
1-1-1-29,2020,7,4,37,6,2,SNOWY
1-1-1-29,2020,7,5,44,-8,2,SUNNY
1-1-1-29,2020,7,6,-3,-9,12,RAINY
1-1-1-29,2020,7,7,-10,-10,0,SUNNY
1-1-1-29,2020,7,8,-7,-9,7,SNOWY
1-1-1-29,2020,7,9,25,24,3,CLOUDY
1-1-1-29,2020,7,10,41,39,1,RAINY
1-1-1-29,2020,7,11,6,-2,6,CLOUDY
1-1-1-29,2020,7,12,12,-1,9,CLOUDY
1-1-1-29,2020,7,13,36,-8,11,CLOUDY
1-1-1-29,2020,7,14,-1,-2,12,SNOWY
1-1-1-29,2020,7,15,24,-9,4,SUNNY
1-1-1-29,2020,7,16,47,6,3,SNOWY
1-1-1-29,2020,7,17,5,-5,8,SNOWY
1-1-1-29,2020,7,18,-6,-8,12,CLOUDY
1-1-1-29,2020,7,19,24,20,8,SUNNY
